BOMCode,MachineModel,Version,ItemCode,ItemName,SubAssemblyTag,QtyPerMachine,Unit,ScrapPercent,EstHoursPerUnit
90-280,(10000) NEO PRIME 90 - 280 TON [1000310100],1.0,1000110100,TOGGLE TYPE LOCKING UNIT-90 TON,90-280,1.0,NOS,0.0,0.5
90-280,(10000) NEO PRIME 90 - 280 TON [1000310100],1.0,1000210100,GUIDE ROD TYPE INJECTION UNIT-280,90-280,1.0,NOS,0.0,0.5
90-280,(10000) NEO PRIME 90 - 280 TON [1000310100],1.0,3000000100,BASE FRAME ASSY - 90TON  (280/420),90-280,1.0,NOS,0.0,0.5
90-280,(10000) NEO PRIME 90 - 280 TON [1000310100],1.0,3000000200,"INJECTION FRAME ASSY - 90-280 
(GUIDE ROD TYPE)",90-280,1.0,NOS,0.0,0.5
90-280,(10000) NEO PRIME 90 - 280 TON [1000310100],1.0,2000300300,SCREW BARREL ASSY - 40-280,90-280,1.0,NOS,0.0,0.5
90-280,(10000) NEO PRIME 90 - 280 TON [1000310100],1.0,2000300400,OIL TANK ASSY - 90 TON - 250LTR,90-280,1.0,NOS,0.0,0.5
90-280,(10000) NEO PRIME 90 - 280 TON [1000310100],1.0,2000300500,SAFETY DOOR ASSY - 90,90-280,1.0,NOS,0.0,0.5
90-280,(10000) NEO PRIME 90 - 280 TON [1000310100],1.0,2000300600,BASE FRAME GUARD SET - 90-280,90-280,1.0,NOS,0.0,0.5
90-280,(10000) NEO PRIME 90 - 280 TON [1000310100],1.0,2000300700,SEAMLESS PIPE SET - 90-280,90-280,1.0,NOS,0.0,0.5
90-280,(10000) NEO PRIME 90 - 280 TON [1000310100],1.0,2000300800,HEAT EXCHANGER ASSY - 90 TON,90-280,1.0,NOS,0.0,0.5
90-280,(10000) NEO PRIME 90 - 280 TON [1000310100],1.0,2000300900,HOPPER ASSY - 25KG,90-280,1.0,NOS,0.0,0.5
90-280,(10000) NEO PRIME 90 - 280 TON [1000310100],1.0,7000100100,FASTENER KIT MAIN MACHINE - 90-280,90-280,1.0,NOS,0.0,0.5
90-280,(10000) NEO PRIME 90 - 280 TON [1000310100],1.0,7000200100,NIPPLE KIT - 90-280,90-280,1.0,NOS,0.0,0.5
90-280,(10000) NEO PRIME 90 - 280 TON [1000310100],1.0,7000300100,HOSE PIPE KIT - 90-280,90-280,1.0,NOS,0.0,0.5
90-280,(10000) NEO PRIME 90 - 280 TON [1000310100],1.0,7000400100,LUBR PUMP SYSTEM,90-280,1.0,NOS,0.0,0.5
90-280,(10000) NEO PRIME 90 - 280 TON [1000310100],1.0,3000000400,SERVO PUMP HOSE NIPPLE ASSY - 64 LTR,90-280,1.0,NOS,0.0,0.5
90-280,(10000) NEO PRIME 90 - 280 TON [1000310100],1.0,3000000500,PLC BOX FB ASSY - B&R,90-280,1.0,NOS,0.0,0.5
90-280,(10000) NEO PRIME 90 - 280 TON [1000310100],1.0,3000000600,LOCKING UNIT JUNCTION BOX OP FB ASSY,90-280,1.0,NOS,0.0,0.5
90-280,(10000) NEO PRIME 90 - 280 TON [1000310100],1.0,3000000700,LOCKING UNIT JUNCTION BOX NOP FB ASSY,90-280,1.0,NOS,0.0,0.5
90-280,(10000) NEO PRIME 90 - 280 TON [1000310100],1.0,3000000800,HEATER WIRE JUNCTION BOX FB ASSY,90-280,1.0,NOS,0.0,0.5
90-280,(10000) NEO PRIME 90 - 280 TON [1000310100],1.0,3000000900,HYDRO MOTOR PIPE CLAMP MTG FB ASSY-280,90-280,1.0,NOS,0.0,0.5
90-280,(10000) NEO PRIME 90 - 280 TON [1000310100],1.0,3000001000,LOCKING UNIT LINEAR MTG BRACKET - 90 TON,90-280,1.0,NOS,0.0,0.5
90-280,(10000) NEO PRIME 90 - 280 TON [1000310100],1.0,4110006500,INJECTION MANIFOLD - NG10,90-280,1.0,NOS,0.0,0.5
90-280,(10000) NEO PRIME 90 - 280 TON [1000310100],1.0,4110006600,LOCKING MANIFOLD NG10-NG6-NG6,90-280,1.0,NOS,0.0,0.5
90-280,(10000) NEO PRIME 90 - 280 TON [1000310100],1.0,4110006700,EJECTOR MANIFOLD NG6,90-280,1.0,NOS,0.0,0.5
90-280,(10000) NEO PRIME 90 - 280 TON [1000310100],1.0,4110006800,PRESSURE MANIFOLD BG06,90-280,1.0,NOS,0.0,0.5
90-280,(10000) NEO PRIME 90 - 280 TON [1000310100],1.0,4110006900,EJECTOR ROD - 90 TON,90-280,1.0,NOS,0.0,0.5
90-280,(10000) NEO PRIME 90 - 280 TON [1000310100],1.0,4110007000,NOZZLE CYLINDER EXTENSION ROD 90-280,90-280,2.0,NOS,0.0,0.5
90-280,(10000) NEO PRIME 90 - 280 TON [1000310100],1.0,4110007100,NOZZLE CYLINDER EXTENSION ROD MTG,90-280,2.0,NOS,0.0,0.5
90-280,(10000) NEO PRIME 90 - 280 TON [1000310100],1.0,4110007200,NOZZLE CYLINDER EXTENSION ROD MTG BUSH,90-280,2.0,NOS,0.0,0.5
90-280,(10000) NEO PRIME 90 - 280 TON [1000310100],1.0,4110007300,NOZZLE CYLINDER STOP LIMIT SWITCH OPERATING PIN,90-280,1.0,NOS,0.0,0.5
90-280,(10000) NEO PRIME 90 - 280 TON [1000310100],1.0,4110007400,NOZZLE CYLINDER STOP SLIDER,90-280,1.0,NOS,0.0,0.5
90-280,(10000) NEO PRIME 90 - 280 TON [1000310100],1.0,4110007500,INJECTION UNIT SETTING BLOCK,90-280,2.0,NOS,0.0,0.5
90-280,(10000) NEO PRIME 90 - 280 TON [1000310100],1.0,4110007600,INJECTION FRAME MTG BOLT M27 X 35LG,90-280,4.0,NOS,0.0,0.5
90-280,(10000) NEO PRIME 90 - 280 TON [1000310100],1.0,4110007700,INJECTION GUARD MTG STUD,90-280,4.0,NOS,0.0,0.5
90-280,(10000) NEO PRIME 90 - 280 TON [1000310100],1.0,4110007800,CROSS HEAD LIMIT SWITCH OPERATING PIN-90,90-280,1.0,NOS,0.0,0.5
90-280,(10000) NEO PRIME 90 - 280 TON [1000310100],1.0,4110007900,MOLD HEIGHT STOP LIMIT SWITCH OPERATING PIN-90 TON,90-280,2.0,NOS,0.0,0.5
90-280,(10000) NEO PRIME 90 - 280 TON [1000310100],1.0,4110008000,INJECTION MANIFOLD MTG PLATE - 280,90-280,1.0,NOS,0.0,0.5
90-280,(10000) NEO PRIME 90 - 280 TON [1000310100],1.0,4110008100,INJECTION MANIFOLD MTG STRIP - 280,90-280,2.0,NOS,0.0,0.5
90-280,(10000) NEO PRIME 90 - 280 TON [1000310100],1.0,4110008200,GREASE PUMP MOUNTING PLATE,90-280,1.0,NOS,0.0,0.5
90-280,(10000) NEO PRIME 90 - 280 TON [1000310100],1.0,3130800100,JUNCTION BOX COVER,90-280,2.0,NOS,0.0,0.5
90-280,(10000) NEO PRIME 90 - 280 TON [1000310100],1.0,3130800200,PLC BOX COVER,90-280,1.0,NOS,0.0,0.5
90-280,(10000) NEO PRIME 90 - 280 TON [1000310100],1.0,3130800300,HEATER WIRE JUNCTION BOX COVER,90-280,1.0,NOS,0.0,0.5
90-280,(10000) NEO PRIME 90 - 280 TON [1000310100],1.0,3131100100,PLC BOX  MTG TOP BRACKET,90-280,1.0,NOS,0.0,0.5
90-280,(10000) NEO PRIME 90 - 280 TON [1000310100],1.0,3131100200,PLC BOX MTG BOTTOM BRACKET,90-280,1.0,NOS,0.0,0.5
90-280,(10000) NEO PRIME 90 - 280 TON [1000310100],1.0,3131100300,"MOLD HEIGHT STOP LIMIT SWITCH 
OPERATING PIN MTG BRACKET",90-280,2.0,NOS,0.0,0.5
90-280,(10000) NEO PRIME 90 - 280 TON [1000310100],1.0,3131100400,MOLD HEIGHT STOP LIMIT SWITCH MTG BRACKET,90-280,1.0,NOS,0.0,0.5
90-280,(10000) NEO PRIME 90 - 280 TON [1000310100],1.0,3131100500,CROSS HEAD LOCKING LIMIT STOP PIN MTG BRACKET,90-280,1.0,NOS,0.0,0.5
90-280,(10000) NEO PRIME 90 - 280 TON [1000310100],1.0,3131100600,TOGGLE LIMIT SWITCH MTG BRACKET,90-280,1.0,NOS,0.0,0.5
90-280,(10000) NEO PRIME 90 - 280 TON [1000310100],1.0,3131100700,EJECTOR LINEAR MTG BRACKET,90-280,1.0,NOS,0.0,0.5
90-280,(10000) NEO PRIME 90 - 280 TON [1000310100],1.0,3131100800,HEATER WIRE JUNCTION BOX MTG BRACKET,90-280,1.0,NOS,0.0,0.5
90-280,(10000) NEO PRIME 90 - 280 TON [1000310100],1.0,3131100900,HYD MOTOR RPM PROXY SENSOR MTG BRACKET,90-280,1.0,NOS,0.0,0.5
90-280,(10000) NEO PRIME 90 - 280 TON [1000310100],1.0,3131101000,INJECTION LINEAR MOUNTING BRACKET - 280,90-280,1.0,NOS,0.0,0.5
90-280,(10000) NEO PRIME 90 - 280 TON [1000310100],1.0,3131101100,INJECTION LINEAR SHAFT MTG BRACKET - 280,90-280,1.0,NOS,0.0,0.5
90-280,(10000) NEO PRIME 90 - 280 TON [1000310100],1.0,3131101200,NOZZLE CYLINDER LIMIT SWITCH PIN MTG BRACKET,90-280,1.0,NOS,0.0,0.5
90-280,(10000) NEO PRIME 90 - 280 TON [1000310100],1.0,3131101300,NOZZLE CYLINDER STOP LIMIT SWITCH MTG BRACKET,90-280,1.0,NOS,0.0,0.5
90-280,(10000) NEO PRIME 90 - 280 TON [1000310100],1.0,3131300100,INJECTION GUARD SUPPORT BRACKET - 280,90-280,1.0,NOS,0.0,0.5
90-280,(10000) NEO PRIME 90 - 280 TON [1000310100],1.0,6160100100,DSG-01-3C2-D24 (YUKEN),90-280,2.0,NOS,0.0,0.5
90-280,(10000) NEO PRIME 90 - 280 TON [1000310100],1.0,6160100200,DSG-01-3C4-D24 (YUKEN),90-280,2.0,NOS,0.0,0.5
90-280,(10000) NEO PRIME 90 - 280 TON [1000310100],1.0,6160100300,DSG-03-3C2-D24 (YUKEN),90-280,1.0,NOS,0.0,0.5
90-280,(10000) NEO PRIME 90 - 280 TON [1000310100],1.0,6160100400,DSG-03-3C12-D24 (YUKEN),90-280,1.0,NOS,0.0,0.5
90-280,(10000) NEO PRIME 90 - 280 TON [1000310100],1.0,6160100500,DSG-01-2B2B-D24 (YUKEN),90-280,1.0,NOS,0.0,0.5
90-280,(10000) NEO PRIME 90 - 280 TON [1000310100],1.0,6170100100,PRESSURE RELIEF VALVE - BG-03-HP32 (YUKEN),90-280,1.0,NOS,0.0,0.5
90-280,(10000) NEO PRIME 90 - 280 TON [1000310100],1.0,6170100200,PRESSURE RELIEF VALVE - BG-06-P32 (YUKEN),90-280,1.0,NOS,0.0,0.5
90-280,(10000) NEO PRIME 90 - 280 TON [1000310100],1.0,6180100100,PILOT OPERATED CHECK VALVE - MPA-01-4-40H01 (YUKEN),90-280,1.0,NOS,0.0,0.5
90-280,(10000) NEO PRIME 90 - 280 TON [1000310100],1.0,6180200100,PILOT OPERATED CHECK VALVE - MCIV-06-01 (PRISM HYD),90-280,1.0,NOS,0.0,0.5
90-280,(10000) NEO PRIME 90 - 280 TON [1000310100],1.0,6190100200,LINE CHECK VALVE C10T1-03 (POLYHYDRON),90-280,1.0,NOS,0.0,0.5
90-280,(10000) NEO PRIME 90 - 280 TON [1000310100],1.0,6190100100,LINE CHECK VALVE C20T1-03  (POLYHYDRON),90-280,1.0,NOS,0.0,0.5
90-280,(10000) NEO PRIME 90 - 280 TON [1000310100],1.0,6240100100,"PRESSURE GAUG 0-420 BAR BACK CONNECTION (2-1/2"")",90-280,2.0,NOS,0.0,0.5
90-280,(10000) NEO PRIME 90 - 280 TON [1000310100],1.0,6010400100,SERVO SYSTEM - 64 LPM (JAKSH),90-280,1.0,NOS,0.0,0.5
90-280,(10000) NEO PRIME 90 - 280 TON [1000310100],1.0,6020100100,PANEL SERVO-90 B&R,90-280,1.0,NOS,0.0,0.5
90-280,(10000) NEO PRIME 90 - 280 TON [1000310100],1.0,6030100100,PANEL SERVO-90-280 B&R,90-280,1.0,NOS,0.0,0.5
90-280,(10000) NEO PRIME 90 - 280 TON [1000310100],1.0,6210100100,LINEAR LT-M-100,90-280,1.0,NOS,0.0,0.5
90-280,(10000) NEO PRIME 90 - 280 TON [1000310100],1.0,6210100175,LINEAR LT-M-175,90-280,1.0,NOS,0.0,0.5
90-280,(10000) NEO PRIME 90 - 280 TON [1000310100],1.0,6210100350,LINEAR LT-M-350,90-280,1.0,NOS,0.0,0.5
90-280,(10000) NEO PRIME 90 - 280 TON [1000310100],1.0,6220100100,LIMIT SWITCH SNAP ACTION - PC 603,90-280,4.0,NOS,0.0,0.5
90-280,(10000) NEO PRIME 90 - 280 TON [1000310100],1.0,6220200100,LIMIT SWITCH ROLLER LEVER - FTN-139Z11,90-280,3.0,NOS,0.0,0.5
90-280,(10000) NEO PRIME 90 - 280 TON [1000310100],1.0,7340100100,HYDRAULIC PIPE CLAMP - 20 MM,90-280,2.0,NOS,0.0,0.5
90-280,(10000) NEO PRIME 90 - 280 TON [1000310100],1.0,7340100200,HYDRAULIC PIPE CLAMP - 25 MM,90-280,4.0,NOS,0.0,0.5
90-280,(10000) NEO PRIME 90 - 280 TON [1000310100],1.0,6150100100,Ø85x115 CERAMIC HEATER WITH COVER,90-280,6.0,NOS,0.0,0.5
90-280,(10000) NEO PRIME 90 - 280 TON [1000310100],1.0,6150200100,Ø85x30 MICA HEATER,90-280,1.0,NOS,0.0,0.5
90-280,(10000) NEO PRIME 90 - 280 TON [1000310100],1.0,6150300100,Ø50x40 MICA HEATER SIDE CUT,90-280,1.0,NOS,0.0,0.5
90-280,(10000) NEO PRIME 90 - 280 TON [1000310100],1.0,6150400100,Ø30x30 COIL HEATER,90-280,1.0,NOS,0.0,0.5
90-280,(10000) NEO PRIME 90 - 280 TON [1000310100],1.0,6141100100,"THERMO COUPLE SENSOR 
(K TYPE L SHAPE ISOLATED 1 MTR)",90-280,3.0,NOS,0.0,0.5
90-280,(10000) NEO PRIME 90 - 280 TON [1000310100],1.0,6141200100,"THERMO COUPLE SENSOR
BUTTERFLY TYPE 1/4 BSP K TYPE ISOLATED 1.5 MTR",90-280,1.0,NOS,0.0,0.5
90-280,(10000) NEO PRIME 90 - 280 TON [1000310100],1.0,7330200100,MOTOR MOUNTING PAD Ø60 X M10 X 40LG,90-280,4.0,NOS,0.0,0.5
90-280,(10000) NEO PRIME 90 - 280 TON [1000310100],1.0,7910500100,PLASTIC CAN HDPE-3 LITER (WHITE),90-280,1.0,NOS,0.0,0.5
90-280,(10000) NEO PRIME 90 - 280 TON [1000310100],1.0,7910300100,ANTI VIBRATION RUBBER PAD - Ø125,90-280,4.0,NOS,0.0,0.5
110-420,(10001) NEO PRIME 110 - 420 TON [1000310400],1.0,1000110200,TOGGLE TYPE LOCKING UNIT-110 TON,110-420,1.0,NOS,0.0,0.5
110-420,(10001) NEO PRIME 110 - 420 TON [1000310400],1.0,1000210200,GUIDE ROD TYPE INJECTION UNIT-420,110-420,1.0,NOS,0.0,0.5
110-420,(10001) NEO PRIME 110 - 420 TON [1000310400],1.0,3000001900,BASE FRAME ASSY - 110TON  (280/420/635),110-420,1.0,NOS,0.0,0.5
110-420,(10001) NEO PRIME 110 - 420 TON [1000310400],1.0,3000002100,INJECTION FRAME ASSY - 110-420 (GUIDE ROD TYPE),110-420,1.0,NOS,0.0,0.5
110-420,(10001) NEO PRIME 110 - 420 TON [1000310400],1.0,2000301100,SCREW BARREL ASSY - 40-420,110-420,1.0,NOS,0.0,0.5
110-420,(10001) NEO PRIME 110 - 420 TON [1000310400],1.0,2000301300,OIL TANK ASSY - 110 TON - 300LTR,110-420,1.0,NOS,0.0,0.5
110-420,(10001) NEO PRIME 110 - 420 TON [1000310400],1.0,2000301400,SAFETY DOOR ASSY - 110 TON,110-420,1.0,NOS,0.0,0.5
110-420,(10001) NEO PRIME 110 - 420 TON [1000310400],1.0,2000301500,BASE FRAME GUARD SET - 110-420,110-420,1.0,NOS,0.0,0.5
110-420,(10001) NEO PRIME 110 - 420 TON [1000310400],1.0,2000301600,SEAMLESS PIPE SET - 110-420,110-420,1.0,NOS,0.0,0.5
110-420,(10001) NEO PRIME 110 - 420 TON [1000310400],1.0,2000300800,HEAT EXCHANGER ASSY - 90 TON,110-420,1.0,NOS,0.0,0.5
110-420,(10001) NEO PRIME 110 - 420 TON [1000310400],1.0,2000300900,HOPPER ASSY - 25KG,110-420,1.0,NOS,0.0,0.5
110-420,(10001) NEO PRIME 110 - 420 TON [1000310400],1.0,7000100600,FASTENER KIT MAIN MACHINE - 110-420,110-420,1.0,NOS,0.0,0.5
110-420,(10001) NEO PRIME 110 - 420 TON [1000310400],1.0,7000200200,NIPPLE KIT - 110-420,110-420,1.0,NOS,0.0,0.5
110-420,(10001) NEO PRIME 110 - 420 TON [1000310400],1.0,7000300200,HOSE PIPE KIT - 110-420,110-420,1.0,NOS,0.0,0.5
110-420,(10001) NEO PRIME 110 - 420 TON [1000310400],1.0,7000400100,LUBR PUMP SYSTEM,110-420,1.0,NOS,0.0,0.5
110-420,(10001) NEO PRIME 110 - 420 TON [1000310400],1.0,3000000400,SERVO PUMP HOSE NIPPLE ASSY - 64 LTR,110-420,1.0,NOS,0.0,0.5
110-420,(10001) NEO PRIME 110 - 420 TON [1000310400],1.0,3000000500,PLC BOX FB ASSY - B&R,110-420,1.0,NOS,0.0,0.5
110-420,(10001) NEO PRIME 110 - 420 TON [1000310400],1.0,3000000600,LOCKING UNIT JUNCTION BOX OP FB ASSY,110-420,1.0,NOS,0.0,0.5
110-420,(10001) NEO PRIME 110 - 420 TON [1000310400],1.0,3000000700,LOCKING UNIT JUNCTION BOX NOP FB ASSY,110-420,1.0,NOS,0.0,0.5
110-420,(10001) NEO PRIME 110 - 420 TON [1000310400],1.0,3000000800,HEATER WIRE JUNCTION BOX FB ASSY,110-420,1.0,NOS,0.0,0.5
110-420,(10001) NEO PRIME 110 - 420 TON [1000310400],1.0,3000002300,HYDRO MOTOR PIPE CLAMP MTG -420,110-420,1.0,NOS,0.0,0.5
110-420,(10001) NEO PRIME 110 - 420 TON [1000310400],1.0,3000002400,LOCKING UNIT LINEAR MTG BRACKET - 110 TON,110-420,1.0,NOS,0.0,0.5
110-420,(10001) NEO PRIME 110 - 420 TON [1000310400],1.0,4110006500,INJECTION MANIFOLD - NG10,110-420,1.0,NOS,0.0,0.5
110-420,(10001) NEO PRIME 110 - 420 TON [1000310400],1.0,4110006600,LOCKING MANIFOLD NG10-NG6-NG6,110-420,1.0,NOS,0.0,0.5
110-420,(10001) NEO PRIME 110 - 420 TON [1000310400],1.0,4110006700,EJECTOR MANIFOLD NG6,110-420,1.0,NOS,0.0,0.5
110-420,(10001) NEO PRIME 110 - 420 TON [1000310400],1.0,4110006800,PRESSURE MANIFOLD BG06,110-420,1.0,NOS,0.0,0.5
110-420,(10001) NEO PRIME 110 - 420 TON [1000310400],1.0,4110012600,EJECTOR ROD - 110 TON,110-420,1.0,NOS,0.0,0.5
110-420,(10001) NEO PRIME 110 - 420 TON [1000310400],1.0,4110012700,NOZZLE CYLINDER EXTENSION ROD 110-420,110-420,1.0,NOS,0.0,0.5
110-420,(10001) NEO PRIME 110 - 420 TON [1000310400],1.0,4110007100,NOZZLE CYLINDER EXTENSION ROD MTG,110-420,2.0,NOS,0.0,0.5
110-420,(10001) NEO PRIME 110 - 420 TON [1000310400],1.0,4110007200,NOZZLE CYLINDER EXTENSION ROD MTG BUSH,110-420,2.0,NOS,0.0,0.5
110-420,(10001) NEO PRIME 110 - 420 TON [1000310400],1.0,4110007300,NOZZLE CYLINDER STOP LIMIT SWITCH OPERATING PIN,110-420,1.0,NOS,0.0,0.5
110-420,(10001) NEO PRIME 110 - 420 TON [1000310400],1.0,4110007400,NOZZLE CYLINDER STOP SLIDER,110-420,1.0,NOS,0.0,0.5
110-420,(10001) NEO PRIME 110 - 420 TON [1000310400],1.0,4110007500,INJECTION UNIT SETTING BLOCK,110-420,2.0,NOS,0.0,0.5
110-420,(10001) NEO PRIME 110 - 420 TON [1000310400],1.0,4110007600,INJECTION FRAME MTG BOLT M27 X 35LG,110-420,4.0,NOS,0.0,0.5
110-420,(10001) NEO PRIME 110 - 420 TON [1000310400],1.0,4110007700,INJECTION GUARD MTG STUD,110-420,4.0,NOS,0.0,0.5
110-420,(10001) NEO PRIME 110 - 420 TON [1000310400],1.0,4110012800,CROSS HEAD LIMIT SWITCH OPERATING PIN-110,110-420,1.0,NOS,0.0,0.5
110-420,(10001) NEO PRIME 110 - 420 TON [1000310400],1.0,4110007900,MOLD HEIGHT STOP LIMIT SWITCH OPERATING PIN-90 TON,110-420,2.0,NOS,0.0,0.5
110-420,(10001) NEO PRIME 110 - 420 TON [1000310400],1.0,4110012900,INJECTION MANIFOLD MTG PLATE - 420,110-420,1.0,NOS,0.0,0.5
110-420,(10001) NEO PRIME 110 - 420 TON [1000310400],1.0,4110013000,INJECTION MANIFOLD MTG STRIP - 420,110-420,1.0,NOS,0.0,0.5
110-420,(10001) NEO PRIME 110 - 420 TON [1000310400],1.0,4110008200,GREASE PUMP MOUNTING PLATE,110-420,1.0,NOS,0.0,0.5
110-420,(10001) NEO PRIME 110 - 420 TON [1000310400],1.0,3130800100,JUNCTION BOX COVER,110-420,2.0,NOS,0.0,0.5
110-420,(10001) NEO PRIME 110 - 420 TON [1000310400],1.0,3130800200,PLC BOX COVER,110-420,1.0,NOS,0.0,0.5
110-420,(10001) NEO PRIME 110 - 420 TON [1000310400],1.0,3130800300,HEATER WIRE JUNCTION BOX COVER,110-420,1.0,NOS,0.0,0.5
110-420,(10001) NEO PRIME 110 - 420 TON [1000310400],1.0,3131100100,PLC BOX  MTG TOP BRACKET,110-420,1.0,NOS,0.0,0.5
110-420,(10001) NEO PRIME 110 - 420 TON [1000310400],1.0,3131100200,PLC BOX MTG BOTTOM BRACKET,110-420,1.0,NOS,0.0,0.5
110-420,(10001) NEO PRIME 110 - 420 TON [1000310400],1.0,3131100300,"MOLD HEIGHT STOP LIMIT SWITCH 
OPERATING PIN MTG BRACKET",110-420,2.0,NOS,0.0,0.5
110-420,(10001) NEO PRIME 110 - 420 TON [1000310400],1.0,3131100400,MOLD HEIGHT STOP LIMIT SWITCH MTG BRACKET,110-420,1.0,NOS,0.0,0.5
110-420,(10001) NEO PRIME 110 - 420 TON [1000310400],1.0,3131100500,CROSS HEAD LOCKING LIMIT STOP PIN MTG BRACKET,110-420,1.0,NOS,0.0,0.5
110-420,(10001) NEO PRIME 110 - 420 TON [1000310400],1.0,3131100600,TOGGLE LIMIT SWITCH MTG BRACKET,110-420,1.0,NOS,0.0,0.5
110-420,(10001) NEO PRIME 110 - 420 TON [1000310400],1.0,3131100700,EJECTOR LINEAR MTG BRACKET,110-420,1.0,NOS,0.0,0.5
110-420,(10001) NEO PRIME 110 - 420 TON [1000310400],1.0,3131100800,HEATER WIRE JUNCTION BOX MTG BRACKET,110-420,1.0,NOS,0.0,0.5
110-420,(10001) NEO PRIME 110 - 420 TON [1000310400],1.0,3131100900,HYD MOTOR RPM PROXY SENSOR MTG BRACKET,110-420,1.0,NOS,0.0,0.5
110-420,(10001) NEO PRIME 110 - 420 TON [1000310400],1.0,3131101400,INJECTION LINEAR MOUNTING BRACKET - 420,110-420,1.0,NOS,0.0,0.5
110-420,(10001) NEO PRIME 110 - 420 TON [1000310400],1.0,3131101100,INJECTION LINEAR SHAFT MTG BRACKET - 280,110-420,1.0,NOS,0.0,0.5
110-420,(10001) NEO PRIME 110 - 420 TON [1000310400],1.0,3131101200,NOZZLE CYLINDER LIMIT SWITCH PIN MTG BRACKET,110-420,1.0,NOS,0.0,0.5
110-420,(10001) NEO PRIME 110 - 420 TON [1000310400],1.0,3131101300,NOZZLE CYLINDER STOP LIMIT SWITCH MTG BRACKET,110-420,1.0,NOS,0.0,0.5
110-420,(10001) NEO PRIME 110 - 420 TON [1000310400],1.0,3131300200,INJECTION GUARD SUPPORT BRACKET - 420,110-420,1.0,NOS,0.0,0.5
110-420,(10001) NEO PRIME 110 - 420 TON [1000310400],1.0,6160100100,DSG-01-3C2-D24 (YUKEN),110-420,2.0,NOS,0.0,0.5
110-420,(10001) NEO PRIME 110 - 420 TON [1000310400],1.0,6160100200,DSG-01-3C4-D24 (YUKEN),110-420,2.0,NOS,0.0,0.5
110-420,(10001) NEO PRIME 110 - 420 TON [1000310400],1.0,6160100300,DSG-03-3C2-D24 (YUKEN),110-420,1.0,NOS,0.0,0.5
110-420,(10001) NEO PRIME 110 - 420 TON [1000310400],1.0,6160100400,DSG-03-3C12-D24 (YUKEN),110-420,1.0,NOS,0.0,0.5
110-420,(10001) NEO PRIME 110 - 420 TON [1000310400],1.0,6160100500,DSG-01-2B2B-D24 (YUKEN),110-420,1.0,NOS,0.0,0.5
110-420,(10001) NEO PRIME 110 - 420 TON [1000310400],1.0,6170100100,PRESSURE RELIEF VALVE - BG-03-HP32 (YUKEN),110-420,1.0,NOS,0.0,0.5
110-420,(10001) NEO PRIME 110 - 420 TON [1000310400],1.0,6170100200,PRESSURE RELIEF VALVE - BG-06-P32 (YUKEN),110-420,1.0,NOS,0.0,0.5
110-420,(10001) NEO PRIME 110 - 420 TON [1000310400],1.0,6180100100,PILOT OPERATED CHECK VALVE - MPA-01-4-40H01 (YUKEN),110-420,1.0,NOS,0.0,0.5
110-420,(10001) NEO PRIME 110 - 420 TON [1000310400],1.0,6180200100,PILOT OPERATED CHECK VALVE - MCIV-06-01 (PRISM HYD),110-420,1.0,NOS,0.0,0.5
110-420,(10001) NEO PRIME 110 - 420 TON [1000310400],1.0,6190100200,LINE CHECK VALVE C10T1-03 (POLYHYDRON),110-420,1.0,NOS,0.0,0.5
110-420,(10001) NEO PRIME 110 - 420 TON [1000310400],1.0,6190100100,LINE CHECK VALVE C20T1-03  (POLYHYDRON),110-420,1.0,NOS,0.0,0.5
110-420,(10001) NEO PRIME 110 - 420 TON [1000310400],1.0,6240100100,"PRESSURE GAUG 0-420 BAR BACK CONNECTION (2-1/2"")",110-420,2.0,NOS,0.0,0.5
110-420,(10001) NEO PRIME 110 - 420 TON [1000310400],1.0,6010400100,SERVO SYSTEM - 64 LPM (JAKSH),110-420,1.0,NOS,0.0,0.5
110-420,(10001) NEO PRIME 110 - 420 TON [1000310400],1.0,6020100100,PANEL SERVO-90 B&R,110-420,1.0,NOS,0.0,0.5
110-420,(10001) NEO PRIME 110 - 420 TON [1000310400],1.0,6030100200,PANEL SERVO-110 B&R,110-420,1.0,NOS,0.0,0.5
110-420,(10001) NEO PRIME 110 - 420 TON [1000310400],1.0,6210100200,LINEAR LT-M-200,110-420,1.0,NOS,0.0,0.5
110-420,(10001) NEO PRIME 110 - 420 TON [1000310400],1.0,6210100350,LINEAR LT-M-350,110-420,1.0,NOS,0.0,0.5
110-420,(10001) NEO PRIME 110 - 420 TON [1000310400],1.0,6210100350,LINEAR LT-M-350,110-420,1.0,NOS,0.0,0.5
110-420,(10001) NEO PRIME 110 - 420 TON [1000310400],1.0,6220100100,LIMIT SWITCH SNAP ACTION - PC 603,110-420,4.0,NOS,0.0,0.5
110-420,(10001) NEO PRIME 110 - 420 TON [1000310400],1.0,6220200100,LIMIT SWITCH ROLLER LEVER - FTN-139Z11,110-420,3.0,NOS,0.0,0.5
110-420,(10001) NEO PRIME 110 - 420 TON [1000310400],1.0,7340100200,HYDRAULIC PIPE CLAMP - 25 MM,110-420,4.0,NOS,0.0,0.5
110-420,(10001) NEO PRIME 110 - 420 TON [1000310400],1.0,6150100200,Ø95x130 CERAMIC HEATER WITH COVER,110-420,1.0,NOS,0.0,0.5
110-420,(10001) NEO PRIME 110 - 420 TON [1000310400],1.0,6150200200,Ø95x40 MICA HEATER,110-420,1.0,NOS,0.0,0.5
110-420,(10001) NEO PRIME 110 - 420 TON [1000310400],1.0,6150300200,Ø55x50 MICA HEATER SIDE CUT,110-420,1.0,NOS,0.0,0.5
110-420,(10001) NEO PRIME 110 - 420 TON [1000310400],1.0,6150400100,Ø30x30 COIL HEATER,110-420,1.0,NOS,0.0,0.5
110-420,(10001) NEO PRIME 110 - 420 TON [1000310400],1.0,6141100100,"THERMO COUPLE SENSOR 
(K TYPE L SHAPE ISOLATED 1 MTR)",110-420,3.0,NOS,0.0,0.5
110-420,(10001) NEO PRIME 110 - 420 TON [1000310400],1.0,6141200100,"THERMO COUPLE SENSOR
BUTTERFLY TYPE 1/4 BSP K TYPE ISOLATED 1.5 MTR",110-420,1.0,NOS,0.0,0.5
110-420,(10001) NEO PRIME 110 - 420 TON [1000310400],1.0,7330200100,MOTOR MOUNTING PAD Ø60 X M10 X 40LG,110-420,4.0,NOS,0.0,0.5
110-420,(10001) NEO PRIME 110 - 420 TON [1000310400],1.0,7910500100,PLASTIC CAN HDPE-3 LITER (WHITE),110-420,1.0,NOS,0.0,0.5
110-420,(10001) NEO PRIME 110 - 420 TON [1000310400],1.0,7910300100,ANTI VIBRATION RUBBER PAD - Ø125,110-420,4.0,NOS,0.0,0.5
LOCKING UNIT-90,(B-10138) TOGGLE TYPE LOCKING UNIT-90 TON [1000110100],1.0,2000110100,LOCKING CYLINDER ASSY - 90 TON (STOCK-295),LOCKING UNIT-90,1.0,NOS,0.0,0.5
LOCKING UNIT-90,(B-10138) TOGGLE TYPE LOCKING UNIT-90 TON [1000110100],1.0,2000110200,EJECTOR CYLINDER ASSY - 90 TON (STOCK-85),LOCKING UNIT-90,1.0,NOS,0.0,0.5
LOCKING UNIT-90,(B-10138) TOGGLE TYPE LOCKING UNIT-90 TON [1000110100],1.0,7000100200,FASTENER KIT LOCKING UNIT - 90 TON,LOCKING UNIT-90,1.0,NOS,0.0,0.5
LOCKING UNIT-90,(B-10138) TOGGLE TYPE LOCKING UNIT-90 TON [1000110100],1.0,4110000100,STATIONARY PLATE TOGGLE - 90 TON,LOCKING UNIT-90,1.0,NOS,0.0,0.5
LOCKING UNIT-90,(B-10138) TOGGLE TYPE LOCKING UNIT-90 TON [1000110100],1.0,4110000200,MOVING PLATE TOGGLE - 90 TON,LOCKING UNIT-90,1.0,NOS,0.0,0.5
LOCKING UNIT-90,(B-10138) TOGGLE TYPE LOCKING UNIT-90 TON [1000110100],1.0,4110000300,END PLATE - 90 TON,LOCKING UNIT-90,1.0,NOS,0.0,0.5
LOCKING UNIT-90,(B-10138) TOGGLE TYPE LOCKING UNIT-90 TON [1000110100],1.0,4110000400,EJECTOR PLATE - 90 TON,LOCKING UNIT-90,1.0,NOS,0.0,0.5
LOCKING UNIT-90,(B-10138) TOGGLE TYPE LOCKING UNIT-90 TON [1000110100],1.0,4110000500,CROSS HEAD - 90 TON,LOCKING UNIT-90,1.0,NOS,0.0,0.5
LOCKING UNIT-90,(B-10138) TOGGLE TYPE LOCKING UNIT-90 TON [1000110100],1.0,4110000600,CROSS HEAD LINK - 90 TON,LOCKING UNIT-90,2.0,NOS,0.0,0.5
LOCKING UNIT-90,(B-10138) TOGGLE TYPE LOCKING UNIT-90 TON [1000110100],1.0,4110000700,BINARY LINK - 90 TON,LOCKING UNIT-90,2.0,NOS,0.0,0.5
LOCKING UNIT-90,(B-10138) TOGGLE TYPE LOCKING UNIT-90 TON [1000110100],1.0,4110000800,TERNARY LINK - 90 TON,LOCKING UNIT-90,2.0,NOS,0.0,0.5
LOCKING UNIT-90,(B-10138) TOGGLE TYPE LOCKING UNIT-90 TON [1000110100],1.0,4110000900,TERNARY LINK RH - 90 TON,LOCKING UNIT-90,1.0,NOS,0.0,0.5
LOCKING UNIT-90,(B-10138) TOGGLE TYPE LOCKING UNIT-90 TON [1000110100],1.0,4110001000,TERNARY LINK LH - 90 TON,LOCKING UNIT-90,1.0,NOS,0.0,0.5
LOCKING UNIT-90,(B-10138) TOGGLE TYPE LOCKING UNIT-90 TON [1000110100],1.0,4110001100,GEAR NUT RETAINER - 90 TON,LOCKING UNIT-90,4.0,NOS,0.0,0.5
LOCKING UNIT-90,(B-10138) TOGGLE TYPE LOCKING UNIT-90 TON [1000110100],1.0,4110001200,DIE HEIGHT MOTOR MTG BRACKET - 90 TON,LOCKING UNIT-90,1.0,NOS,0.0,0.5
LOCKING UNIT-90,(B-10138) TOGGLE TYPE LOCKING UNIT-90 TON [1000110100],1.0,4110001300,TIE BAR Ø65 - 90 TON TOGGLE,LOCKING UNIT-90,4.0,NOS,0.0,0.5
LOCKING UNIT-90,(B-10138) TOGGLE TYPE LOCKING UNIT-90 TON [1000110100],1.0,4110001400,TIE BAR LOCATING PLATE - 90 TON,LOCKING UNIT-90,4.0,NOS,0.0,0.5
LOCKING UNIT-90,(B-10138) TOGGLE TYPE LOCKING UNIT-90 TON [1000110100],1.0,4110001500,TOGGLE SMALL PIN Ø30 - 90 TON,LOCKING UNIT-90,4.0,NOS,0.0,0.5
LOCKING UNIT-90,(B-10138) TOGGLE TYPE LOCKING UNIT-90 TON [1000110100],1.0,4110001600,TOGGLE SMALL PIN LOCKING STRIP – 90 TON,LOCKING UNIT-90,4.0,NOS,0.0,0.5
LOCKING UNIT-90,(B-10138) TOGGLE TYPE LOCKING UNIT-90 TON [1000110100],1.0,4110001700,TOGGLE BIG PIN Ø55 - 90 TON,LOCKING UNIT-90,6.0,NOS,0.0,0.5
LOCKING UNIT-90,(B-10138) TOGGLE TYPE LOCKING UNIT-90 TON [1000110100],1.0,4110001800,CROSS HEAD GUIDE ROD Ø45 - 90 TON,LOCKING UNIT-90,2.0,NOS,0.0,0.5
LOCKING UNIT-90,(B-10138) TOGGLE TYPE LOCKING UNIT-90 TON [1000110100],1.0,4110001900,CROSS HEAD GUIDE ROD LOCATING PLATE - 90 TON,LOCKING UNIT-90,2.0,NOS,0.0,0.5
LOCKING UNIT-90,(B-10138) TOGGLE TYPE LOCKING UNIT-90 TON [1000110100],1.0,4110002000,MOVING PLATE WIPER RETAINER - 90 TON,LOCKING UNIT-90,8.0,NOS,0.0,0.5
LOCKING UNIT-90,(B-10138) TOGGLE TYPE LOCKING UNIT-90 TON [1000110100],1.0,4110002100,NOZZLE TIP LOCATING RING Ø160 - 90 TON,LOCKING UNIT-90,1.0,NOS,0.0,0.5
LOCKING UNIT-90,(B-10138) TOGGLE TYPE LOCKING UNIT-90 TON [1000110100],1.0,4110002200,EJECTOR CYLINDER MTG PLATE - 90 TON,LOCKING UNIT-90,1.0,NOS,0.0,0.5
LOCKING UNIT-90,(B-10138) TOGGLE TYPE LOCKING UNIT-90 TON [1000110100],1.0,4110002300,EJECTOR PLATE GUIDE ROD - 90 TON,LOCKING UNIT-90,4.0,NOS,0.0,0.5
LOCKING UNIT-90,(B-10138) TOGGLE TYPE LOCKING UNIT-90 TON [1000110100],1.0,4110002400,MOLD HEIGHT ADJUSTMENT GEAR - 90 TON (MODULE-3 TEETH-18),LOCKING UNIT-90,1.0,NOS,0.0,0.5
LOCKING UNIT-90,(B-10138) TOGGLE TYPE LOCKING UNIT-90 TON [1000110100],1.0,4110002500,SUN GEAR BEARING SUPPORT SHAFT,LOCKING UNIT-90,4.0,NOS,0.0,0.5
LOCKING UNIT-90,(B-10138) TOGGLE TYPE LOCKING UNIT-90 TON [1000110100],1.0,4010100200,SUN GEAR - 90 TON (MODULE-3 TEETH-159),LOCKING UNIT-90,1.0,NOS,0.0,0.5
LOCKING UNIT-90,(B-10138) TOGGLE TYPE LOCKING UNIT-90 TON [1000110100],1.0,4020100100,TIE BAR NUT M65 X 3 - 90 TON TOGGLE,LOCKING UNIT-90,4.0,NOS,0.0,0.5
LOCKING UNIT-90,(B-10138) TOGGLE TYPE LOCKING UNIT-90 TON [1000110100],1.0,4010100800,GEAR NUT - 90 TON (MODULE-3 TEETH-46),LOCKING UNIT-90,4.0,NOS,0.0,0.5
LOCKING UNIT-90,(B-10138) TOGGLE TYPE LOCKING UNIT-90 TON [1000110100],1.0,4030100100,GEAR NUT SPACER - 90 TON,LOCKING UNIT-90,12.0,NOS,0.0,0.5
LOCKING UNIT-90,(B-10138) TOGGLE TYPE LOCKING UNIT-90 TON [1000110100],1.0,4030200100,SP WASHER Ø35 X Ø12.5 X 10 THK,LOCKING UNIT-90,4.0,NOS,0.0,0.5
LOCKING UNIT-90,(B-10138) TOGGLE TYPE LOCKING UNIT-90 TON [1000110100],1.0,4040100100,MOVING PLATE BUSH Ø80 X Ø65 X 40LG - 90 TON,LOCKING UNIT-90,8.0,NOS,0.0,0.5
LOCKING UNIT-90,(B-10138) TOGGLE TYPE LOCKING UNIT-90 TON [1000110100],1.0,4040100700,CROSS HEAD BUSH Ø55 X Ø45 X 30LG - 90 TON,LOCKING UNIT-90,4.0,NOS,0.0,0.5
LOCKING UNIT-90,(B-10138) TOGGLE TYPE LOCKING UNIT-90 TON [1000110100],1.0,4040200100,TOGGLE SMALL GRAPHITE BUSH Ø40 X Ø30 X 55LG - 90 TON,LOCKING UNIT-90,4.0,NOS,0.0,0.5
LOCKING UNIT-90,(B-10138) TOGGLE TYPE LOCKING UNIT-90 TON [1000110100],1.0,4040200700,TOGGLE BIG GRAPHITE BUSH Ø70 X Ø55 X 60LG - 90 TON,LOCKING UNIT-90,12.0,NOS,0.0,0.5
LOCKING UNIT-90,(B-10138) TOGGLE TYPE LOCKING UNIT-90 TON [1000110100],1.0,7220100100,DU BUSH - 30 X 34 X 25 LG,LOCKING UNIT-90,4.0,NOS,0.0,0.5
LOCKING UNIT-90,(B-10138) TOGGLE TYPE LOCKING UNIT-90 TON [1000110100],1.0,7270053065,PU WIPER SEAL - 65 X 73.6 X 5.3/7,LOCKING UNIT-90,8.0,NOS,0.0,0.5
LOCKING UNIT-90,(B-10138) TOGGLE TYPE LOCKING UNIT-90 TON [1000110100],1.0,7190105900,"SRDG BALL BEARING,6205-ZZ",LOCKING UNIT-90,4.0,NOS,0.0,0.5
LOCKING UNIT-90,(B-10138) TOGGLE TYPE LOCKING UNIT-90 TON [1000110100],1.0,6110100100,TORQUE PISTON MOTOR TMP-160,LOCKING UNIT-90,1.0,NOS,0.0,0.5
LOCKING UNIT-110,(B-10140) TOGGLE TYPE LOCKING UNIT-110 TON [1000110200],1.0,2000110300,LOCKING CYLINDER ASSY - 110 TON (STOCK-325),LOCKING UNIT-110,1.0,NOS,0.0,0.5
LOCKING UNIT-110,(B-10140) TOGGLE TYPE LOCKING UNIT-110 TON [1000110200],1.0,2000110400,EJECTOR CYLINDER ASSY - 110 TON (STOCK-100),LOCKING UNIT-110,1.0,NOS,0.0,0.5
LOCKING UNIT-110,(B-10140) TOGGLE TYPE LOCKING UNIT-110 TON [1000110200],1.0,7000100700,FASTENER KIT LOCKING UNIT - 110 TON,LOCKING UNIT-110,1.0,NOS,0.0,0.5
LOCKING UNIT-110,(B-10140) TOGGLE TYPE LOCKING UNIT-110 TON [1000110200],1.0,4110008700,STATIONARY PLATE TOGGLE - 110 TON,LOCKING UNIT-110,1.0,NOS,0.0,0.5
LOCKING UNIT-110,(B-10140) TOGGLE TYPE LOCKING UNIT-110 TON [1000110200],1.0,4110008800,MOVING PLATE TOGGLE - 110 TON,LOCKING UNIT-110,1.0,NOS,0.0,0.5
LOCKING UNIT-110,(B-10140) TOGGLE TYPE LOCKING UNIT-110 TON [1000110200],1.0,4110008900,END PLATE - 110 TON,LOCKING UNIT-110,1.0,NOS,0.0,0.5
LOCKING UNIT-110,(B-10140) TOGGLE TYPE LOCKING UNIT-110 TON [1000110200],1.0,4110000400,EJECTOR PLATE - 90 TON,LOCKING UNIT-110,1.0,NOS,0.0,0.5
LOCKING UNIT-110,(B-10140) TOGGLE TYPE LOCKING UNIT-110 TON [1000110200],1.0,4110009000,CROSS HEAD - 110 TON,LOCKING UNIT-110,1.0,NOS,0.0,0.5
LOCKING UNIT-110,(B-10140) TOGGLE TYPE LOCKING UNIT-110 TON [1000110200],1.0,4110009100,CROSS HEAD LINK - 110 TON,LOCKING UNIT-110,2.0,NOS,0.0,0.5
LOCKING UNIT-110,(B-10140) TOGGLE TYPE LOCKING UNIT-110 TON [1000110200],1.0,4110009200,BINARY LINK - 110 TON,LOCKING UNIT-110,2.0,NOS,0.0,0.5
LOCKING UNIT-110,(B-10140) TOGGLE TYPE LOCKING UNIT-110 TON [1000110200],1.0,4110009300,TERNARY LINK - 110 TON,LOCKING UNIT-110,2.0,NOS,0.0,0.5
LOCKING UNIT-110,(B-10140) TOGGLE TYPE LOCKING UNIT-110 TON [1000110200],1.0,4110009400,TERNARY LINK RH - 110 TON,LOCKING UNIT-110,1.0,NOS,0.0,0.5
LOCKING UNIT-110,(B-10140) TOGGLE TYPE LOCKING UNIT-110 TON [1000110200],1.0,4110009500,TERNARY LINK LH - 110 TON,LOCKING UNIT-110,1.0,NOS,0.0,0.5
LOCKING UNIT-110,(B-10140) TOGGLE TYPE LOCKING UNIT-110 TON [1000110200],1.0,4110009600,GEAR NUT RETAINER - 110 TON,LOCKING UNIT-110,4.0,NOS,0.0,0.5
LOCKING UNIT-110,(B-10140) TOGGLE TYPE LOCKING UNIT-110 TON [1000110200],1.0,4110001200,DIE HEIGHT MOTOR MTG BRACKET - 90 TON,LOCKING UNIT-110,1.0,NOS,0.0,0.5
LOCKING UNIT-110,(B-10140) TOGGLE TYPE LOCKING UNIT-110 TON [1000110200],1.0,4110009700,TIE BAR Ø70 - 110 TON TOGGLE,LOCKING UNIT-110,4.0,NOS,0.0,0.5
LOCKING UNIT-110,(B-10140) TOGGLE TYPE LOCKING UNIT-110 TON [1000110200],1.0,4110009800,TIE BAR LOCATING PLATE - 110 TON,LOCKING UNIT-110,4.0,NOS,0.0,0.5
LOCKING UNIT-110,(B-10140) TOGGLE TYPE LOCKING UNIT-110 TON [1000110200],1.0,4110009900,TOGGLE SMALL PIN Ø35 - 110 TON,LOCKING UNIT-110,4.0,NOS,0.0,0.5
LOCKING UNIT-110,(B-10140) TOGGLE TYPE LOCKING UNIT-110 TON [1000110200],1.0,4110010000,TOGGLE SMALL PIN LOCKING STRIP – 110 TON,LOCKING UNIT-110,4.0,NOS,0.0,0.5
LOCKING UNIT-110,(B-10140) TOGGLE TYPE LOCKING UNIT-110 TON [1000110200],1.0,4110010100,TOGGLE BIG PIN Ø60 - 110 TON,LOCKING UNIT-110,6.0,NOS,0.0,0.5
LOCKING UNIT-110,(B-10140) TOGGLE TYPE LOCKING UNIT-110 TON [1000110200],1.0,4110010200,CROSS HEAD GUIDE ROD Ø50 - 110 TON,LOCKING UNIT-110,2.0,NOS,0.0,0.5
LOCKING UNIT-110,(B-10140) TOGGLE TYPE LOCKING UNIT-110 TON [1000110200],1.0,4110010300,CROSS HEAD GUIDE ROD LOCATING PLATE - 110 TON,LOCKING UNIT-110,2.0,NOS,0.0,0.5
LOCKING UNIT-110,(B-10140) TOGGLE TYPE LOCKING UNIT-110 TON [1000110200],1.0,4110010400,MOVING PLATE WIPER RETAINER - 110 TON,LOCKING UNIT-110,8.0,NOS,0.0,0.5
LOCKING UNIT-110,(B-10140) TOGGLE TYPE LOCKING UNIT-110 TON [1000110200],1.0,4110002100,NOZZLE TIP LOCATING RING Ø160 - 90 TON,LOCKING UNIT-110,1.0,NOS,0.0,0.5
LOCKING UNIT-110,(B-10140) TOGGLE TYPE LOCKING UNIT-110 TON [1000110200],1.0,4110002200,EJECTOR CYLINDER MTG PLATE - 90 TON,LOCKING UNIT-110,1.0,NOS,0.0,0.5
LOCKING UNIT-110,(B-10140) TOGGLE TYPE LOCKING UNIT-110 TON [1000110200],1.0,4110010500,EJECTOR PLATE GUIDE ROD - 110 TON,LOCKING UNIT-110,4.0,NOS,0.0,0.5
LOCKING UNIT-110,(B-10140) TOGGLE TYPE LOCKING UNIT-110 TON [1000110200],1.0,4110002400,MOLD HEIGHT ADJUSTMENT GEAR - 90 TON (MODULE-3 TEETH-18),LOCKING UNIT-110,1.0,NOS,0.0,0.5
LOCKING UNIT-110,(B-10140) TOGGLE TYPE LOCKING UNIT-110 TON [1000110200],1.0,4110002500,SUN GEAR BEARING SUPPORT SHAFT,LOCKING UNIT-110,4.0,NOS,0.0,0.5
LOCKING UNIT-110,(B-10140) TOGGLE TYPE LOCKING UNIT-110 TON [1000110200],1.0,4010100300,SUN GEAR - 110 TON (MODULE-3 TEETH-178),LOCKING UNIT-110,1.0,NOS,0.0,0.5
LOCKING UNIT-110,(B-10140) TOGGLE TYPE LOCKING UNIT-110 TON [1000110200],1.0,4020100200,TIE BAR NUT M70 X 3 - 110 TON TOGGLE,LOCKING UNIT-110,4.0,NOS,0.0,0.5
LOCKING UNIT-110,(B-10140) TOGGLE TYPE LOCKING UNIT-110 TON [1000110200],1.0,4010100900,GEAR NUT - 110 TON (MODULE-3 TEETH-48),LOCKING UNIT-110,4.0,NOS,0.0,0.5
LOCKING UNIT-110,(B-10140) TOGGLE TYPE LOCKING UNIT-110 TON [1000110200],1.0,4030100200,GEAR NUT SPACER - 110 TON,LOCKING UNIT-110,12.0,NOS,0.0,0.5
LOCKING UNIT-110,(B-10140) TOGGLE TYPE LOCKING UNIT-110 TON [1000110200],1.0,4030200100,SP WASHER Ø35 X Ø12.5 X 10 THK,LOCKING UNIT-110,4.0,NOS,0.0,0.5
LOCKING UNIT-110,(B-10140) TOGGLE TYPE LOCKING UNIT-110 TON [1000110200],1.0,4040100200,MOVING PLATE BUSH Ø85 X Ø70 X 45LG - 110 TON,LOCKING UNIT-110,8.0,NOS,0.0,0.5
LOCKING UNIT-110,(B-10140) TOGGLE TYPE LOCKING UNIT-110 TON [1000110200],1.0,4040100800,CROSS HEAD BUSH Ø60 X Ø50 X 30LG - 110 TON,LOCKING UNIT-110,4.0,NOS,0.0,0.5
LOCKING UNIT-110,(B-10140) TOGGLE TYPE LOCKING UNIT-110 TON [1000110200],1.0,4040200200,TOGGLE SMALL GRAPHITE BUSH Ø45 X Ø35 X 60LG - 110 TON,LOCKING UNIT-110,4.0,NOS,0.0,0.5
LOCKING UNIT-110,(B-10140) TOGGLE TYPE LOCKING UNIT-110 TON [1000110200],1.0,4040200800,TOGGLE BIG GRAPHITE BUSH Ø75 X Ø60 X 70LG - 110 TON,LOCKING UNIT-110,12.0,NOS,0.0,0.5
LOCKING UNIT-110,(B-10140) TOGGLE TYPE LOCKING UNIT-110 TON [1000110200],1.0,7220100100,DU BUSH - 30 X 34 X 25 LG,LOCKING UNIT-110,4.0,NOS,0.0,0.5
LOCKING UNIT-110,(B-10140) TOGGLE TYPE LOCKING UNIT-110 TON [1000110200],1.0,7270053070,PU WIPER SEAL - 70 X 78.6 X 5.3/7,LOCKING UNIT-110,8.0,NOS,0.0,0.5
LOCKING UNIT-110,(B-10140) TOGGLE TYPE LOCKING UNIT-110 TON [1000110200],1.0,7190105900,"SRDG BALL BEARING,6205-ZZ",LOCKING UNIT-110,4.0,NOS,0.0,0.5
LOCKING UNIT-110,(B-10140) TOGGLE TYPE LOCKING UNIT-110 TON [1000110200],1.0,6110100100,TORQUE PISTON MOTOR TMP-160,LOCKING UNIT-110,1.0,NOS,0.0,0.5
INJECTION UNIT-280,(B-10025) GUIDE ROD TYPE INJECTION UNIT-280 [1000210100],1.0,2000210100,BARREL PLATE ASSY - 280,INJECTION UNIT-280,1.0,NOS,0.0,0.5
INJECTION UNIT-280,(B-10025) GUIDE ROD TYPE INJECTION UNIT-280 [1000210100],1.0,2000210200,BEARING HOUSING ASSY -280,INJECTION UNIT-280,1.0,NOS,0.0,0.5
INJECTION UNIT-280,(B-10025) GUIDE ROD TYPE INJECTION UNIT-280 [1000210100],1.0,2000210300,NOZZLE CYLINDER ASSY - (STOCK-350),INJECTION UNIT-280,2.0,NOS,0.0,0.5
INJECTION UNIT-280,(B-10025) GUIDE ROD TYPE INJECTION UNIT-280 [1000210100],1.0,7000100300,FASTENER KIT INJECTION UNIT - 280,INJECTION UNIT-280,1.0,NOS,0.0,0.5
INJECTION UNIT-280,(B-10025) GUIDE ROD TYPE INJECTION UNIT-280 [1000210100],1.0,4020100700,INJECTION CYLINDER ROD NUT - 280 (M40 X 2),INJECTION UNIT-280,2.0,NOS,0.0,0.5
INJECTION UNIT-280,(B-10025) GUIDE ROD TYPE INJECTION UNIT-280 [1000210100],1.0,4110002600,INJECTION GUIDE ROD SUPPORT - 60,INJECTION UNIT-280,2.0,NOS,0.0,0.5
INJECTION UNIT-280,(B-10025) GUIDE ROD TYPE INJECTION UNIT-280 [1000210100],1.0,4110002700,INJECTION GUIDE ROD Ø60 - 280,INJECTION UNIT-280,2.0,NOS,0.0,0.5
INJECTION UNIT-280,(B-10025) GUIDE ROD TYPE INJECTION UNIT-280 [1000210100],1.0,4110002800,INJECTION CYLINDER ROD NUT RETAINER - 280,INJECTION UNIT-280,2.0,NOS,0.0,0.5
INJECTION UNIT-420,(B-10026) GUIDE ROD TYPE INJECTION UNIT-420 [1000210200],1.0,2000210400,BARREL PLATE ASSY - 420 (STOCK-175),INJECTION UNIT-420,1.0,NOS,0.0,0.5
INJECTION UNIT-420,(B-10026) GUIDE ROD TYPE INJECTION UNIT-420 [1000210200],1.0,2000210500,BEARING HOUSING ASSY - 420,INJECTION UNIT-420,1.0,NOS,0.0,0.5
INJECTION UNIT-420,(B-10026) GUIDE ROD TYPE INJECTION UNIT-420 [1000210200],1.0,2000210300,NOZZLE CYLINDER ASSY - (STOCK-350),INJECTION UNIT-420,2.0,NOS,0.0,0.5
INJECTION UNIT-420,(B-10026) GUIDE ROD TYPE INJECTION UNIT-420 [1000210200],1.0,7000100800,FASTENER KIT INJECTION UNIT - 420,INJECTION UNIT-420,1.0,NOS,0.0,0.5
INJECTION UNIT-420,(B-10026) GUIDE ROD TYPE INJECTION UNIT-420 [1000210200],1.0,4020100700,INJECTION CYLINDER ROD NUT - 280 (M40 X 2),INJECTION UNIT-420,2.0,NOS,0.0,0.5
INJECTION UNIT-420,(B-10026) GUIDE ROD TYPE INJECTION UNIT-420 [1000210200],1.0,4110002600,INJECTION GUIDE ROD SUPPORT - 60,INJECTION UNIT-420,2.0,NOS,0.0,0.5
INJECTION UNIT-420,(B-10026) GUIDE ROD TYPE INJECTION UNIT-420 [1000210200],1.0,4110010600,INJECTION GUIDE ROD Ø60 - 420,INJECTION UNIT-420,2.0,NOS,0.0,0.5
INJECTION UNIT-420,(B-10026) GUIDE ROD TYPE INJECTION UNIT-420 [1000210200],1.0,4110002800,INJECTION CYLINDER ROD NUT RETAINER - 280,INJECTION UNIT-420,2.0,NOS,0.0,0.5
BARREL PLATE ASSY-280,(B-10077) BARREL PLATE ASSY - 280 (STOCK-150) [2000210100],1.0,7000100400,FASTENER KIT BARREL PLATE ASSY - 280,BARREL PLATE ASSY-280,1.0,NOS,0.0,0.5
BARREL PLATE ASSY-280,(B-10077) BARREL PLATE ASSY - 280 (STOCK-150) [2000210100],1.0,4110002900,BARREL PLATE - 280 (STOCK-150),BARREL PLATE ASSY-280,1.0,NOS,0.0,0.5
BARREL PLATE ASSY-280,(B-10077) BARREL PLATE ASSY - 280 (STOCK-150) [2000210100],1.0,4110003000,INJECTION CYLINDER FRONT CAP - 280,BARREL PLATE ASSY-280,2.0,NOS,0.0,0.5
BARREL PLATE ASSY-280,(B-10077) BARREL PLATE ASSY - 280 (STOCK-150) [2000210100],1.0,4110003100,INJECTION CYLINDER END CAP - 280,BARREL PLATE ASSY-280,2.0,NOS,0.0,0.5
BARREL PLATE ASSY-280,(B-10077) BARREL PLATE ASSY - 280 (STOCK-150) [2000210100],1.0,4110003200,INJECTION CYLINDER ROD - 280,BARREL PLATE ASSY-280,2.0,NOS,0.0,0.5
BARREL PLATE ASSY-280,(B-10077) BARREL PLATE ASSY - 280 (STOCK-150) [2000210100],1.0,4110003300,INJECTION PISTON Ø100 - 280,BARREL PLATE ASSY-280,2.0,NOS,0.0,0.5
BARREL PLATE ASSY-280,(B-10077) BARREL PLATE ASSY - 280 (STOCK-150) [2000210100],1.0,4110003400,HYDRAULIC ROD BUSH - Ø50,BARREL PLATE ASSY-280,2.0,NOS,0.0,0.5
BARREL PLATE ASSY-280,(B-10077) BARREL PLATE ASSY - 280 (STOCK-150) [2000210100],1.0,7220100200,DU BUSH - 60 X 65 X 60 LG,BARREL PLATE ASSY-280,4.0,NOS,0.0,0.5
BARREL PLATE ASSY-280,(B-10077) BARREL PLATE ASSY - 280 (STOCK-150) [2000210100],1.0,7230063100,GLIDE RING - 100 X 84.5 X 6.3,BARREL PLATE ASSY-280,2.0,NOS,0.0,0.5
BARREL PLATE ASSY-280,(B-10077) BARREL PLATE ASSY - 280 (STOCK-150) [2000210100],1.0,7240097095,GUIDE RING - 95 X 100 X 9.7,BARREL PLATE ASSY-280,4.0,NOS,0.0,0.5
BARREL PLATE ASSY-280,(B-10077) BARREL PLATE ASSY - 280 (STOCK-150) [2000210100],1.0,7240097050,GUIDE RING - 50 X 55 X 9.7,BARREL PLATE ASSY-280,4.0,NOS,0.0,0.5
BARREL PLATE ASSY-280,(B-10077) BARREL PLATE ASSY - 280 (STOCK-150) [2000210100],1.0,7250042050,STEP SEAL - 50 X 61 X 4.2,BARREL PLATE ASSY-280,2.0,NOS,0.0,0.5
BARREL PLATE ASSY-280,(B-10077) BARREL PLATE ASSY - 280 (STOCK-150) [2000210100],1.0,7260073050,ROD SEAL - 50 X 60 X 7.3,BARREL PLATE ASSY-280,2.0,NOS,0.0,0.5
BARREL PLATE ASSY-280,(B-10077) BARREL PLATE ASSY - 280 (STOCK-150) [2000210100],1.0,7270053050,PU WIPER SEAL 50 X58.6 X 5.3/7,BARREL PLATE ASSY-280,2.0,NOS,0.0,0.5
BARREL PLATE ASSY-280,(B-10077) BARREL PLATE ASSY - 280 (STOCK-150) [2000210100],1.0,7290003040,O RING - 40 X 3 (O RING- 45.69X2.62),BARREL PLATE ASSY-280,2.0,NOS,0.0,0.5
BARREL PLATE ASSY-280,(B-10077) BARREL PLATE ASSY - 280 (STOCK-150) [2000210100],1.0,7290005090,O RING - 90 X 5 (O RING-91.67X3.53),BARREL PLATE ASSY-280,4.0,NOS,0.0,0.5
BARREL PLATE ASSY-420,(B-10078) BARREL PLATE ASSY - 420 (STOCK-175) [2000210400],1.0,7000100900,FASTENER KIT BARREL PLATE ASSY - 420,BARREL PLATE ASSY-420,1.0,NOS,0.0,0.5
BARREL PLATE ASSY-420,(B-10078) BARREL PLATE ASSY - 420 (STOCK-175) [2000210400],1.0,4110010700,BARREL PLATE - 420 (STOCK-175),BARREL PLATE ASSY-420,1.0,NOS,0.0,0.5
BARREL PLATE ASSY-420,(B-10078) BARREL PLATE ASSY - 420 (STOCK-175) [2000210400],1.0,4110010800,INJECTION CYLINDER FRONT CAP - 420,BARREL PLATE ASSY-420,2.0,NOS,0.0,0.5
BARREL PLATE ASSY-420,(B-10078) BARREL PLATE ASSY - 420 (STOCK-175) [2000210400],1.0,4110010900,INJECTION CYLINDER END CAP - 420,BARREL PLATE ASSY-420,2.0,NOS,0.0,0.5
BARREL PLATE ASSY-420,(B-10078) BARREL PLATE ASSY - 420 (STOCK-175) [2000210400],1.0,4110011000,INJECTION CYLINDER ROD - 420,BARREL PLATE ASSY-420,2.0,NOS,0.0,0.5
BARREL PLATE ASSY-420,(B-10078) BARREL PLATE ASSY - 420 (STOCK-175) [2000210400],1.0,4110011100,INJECTION PISTON Ø110 - 420,BARREL PLATE ASSY-420,2.0,NOS,0.0,0.5
BARREL PLATE ASSY-420,(B-10078) BARREL PLATE ASSY - 420 (STOCK-175) [2000210400],1.0,4110003400,HYDRAULIC ROD BUSH - Ø50,BARREL PLATE ASSY-420,2.0,NOS,0.0,0.5
BARREL PLATE ASSY-420,(B-10078) BARREL PLATE ASSY - 420 (STOCK-175) [2000210400],1.0,7220100200,DU BUSH - 60 X 65 X 60 LG,BARREL PLATE ASSY-420,4.0,NOS,0.0,0.5
BARREL PLATE ASSY-420,(B-10078) BARREL PLATE ASSY - 420 (STOCK-175) [2000210400],1.0,7230063110,GLIDE RING - 110 X 94.5 X 6.3,BARREL PLATE ASSY-420,2.0,NOS,0.0,0.5
BARREL PLATE ASSY-420,(B-10078) BARREL PLATE ASSY - 420 (STOCK-175) [2000210400],1.0,7240097105,GUIDE RING - 105 X 110 X 9.7,BARREL PLATE ASSY-420,4.0,NOS,0.0,0.5
BARREL PLATE ASSY-420,(B-10078) BARREL PLATE ASSY - 420 (STOCK-175) [2000210400],1.0,7240097050,GUIDE RING - 50 X 55 X 9.7,BARREL PLATE ASSY-420,4.0,NOS,0.0,0.5
BARREL PLATE ASSY-420,(B-10078) BARREL PLATE ASSY - 420 (STOCK-175) [2000210400],1.0,7250042050,STEP SEAL - 50 X 61 X 4.2,BARREL PLATE ASSY-420,2.0,NOS,0.0,0.5
BARREL PLATE ASSY-420,(B-10078) BARREL PLATE ASSY - 420 (STOCK-175) [2000210400],1.0,7260073050,ROD SEAL - 50 X 60 X 7.3,BARREL PLATE ASSY-420,2.0,NOS,0.0,0.5
BARREL PLATE ASSY-420,(B-10078) BARREL PLATE ASSY - 420 (STOCK-175) [2000210400],1.0,7270053050,PU WIPER SEAL 50 X58.6 X 5.3/7,BARREL PLATE ASSY-420,2.0,NOS,0.0,0.5
BARREL PLATE ASSY-420,(B-10078) BARREL PLATE ASSY - 420 (STOCK-175) [2000210400],1.0,7290003040,O RING - 40 X 3 (O RING- 45.69X2.62),BARREL PLATE ASSY-420,2.0,NOS,0.0,0.5
BARREL PLATE ASSY-420,(B-10078) BARREL PLATE ASSY - 420 (STOCK-175) [2000210400],1.0,7290005100,O RING - 100 X 5 (O RING-100.97X5.33),BARREL PLATE ASSY-420,4.0,NOS,0.0,0.5
BEARING HOUSING ASSY-280,(B-10083) BEARING HOUSING ASSY - 280 [2000210200],1.0,7000100500,FASTENER KIT BEARING HOUSING ASSY - 280,BEARING HOUSING ASSY-280,1.0,NOS,0.0,0.5
BEARING HOUSING ASSY-280,(B-10083) BEARING HOUSING ASSY - 280 [2000210200],1.0,4110003500,BEARING HOUSING - 280,BEARING HOUSING ASSY-280,1.0,NOS,0.0,0.5
BEARING HOUSING ASSY-280,(B-10083) BEARING HOUSING ASSY - 280 [2000210200],1.0,4110003600,SCREW DRIVE SHAFT - 280,BEARING HOUSING ASSY-280,1.0,NOS,0.0,0.5
BEARING HOUSING ASSY-280,(B-10083) BEARING HOUSING ASSY - 280 [2000210200],1.0,4110003700,DRIVE SHAFT OIL SEAL FLANGE - 280,BEARING HOUSING ASSY-280,1.0,NOS,0.0,0.5
BEARING HOUSING ASSY-280,(B-10083) BEARING HOUSING ASSY - 280 [2000210200],1.0,4020101000,DRIVE SHAFT NUT - 280 (M70 X 3),BEARING HOUSING ASSY-280,1.0,NOS,0.0,0.5
BEARING HOUSING ASSY-280,(B-10083) BEARING HOUSING ASSY - 280 [2000210200],1.0,4020101100,DRIVE SHAFT CHECK NUT - 280 (M70 X 3),BEARING HOUSING ASSY-280,1.0,NOS,0.0,0.5
BEARING HOUSING ASSY-280,(B-10083) BEARING HOUSING ASSY - 280 [2000210200],1.0,7220100200,DU BUSH - 60 X 65 X 60 LG,BEARING HOUSING ASSY-280,4.0,NOS,0.0,0.5
BEARING HOUSING ASSY-280,(B-10083) BEARING HOUSING ASSY - 280 [2000210200],1.0,7280095115,RADIAL OIL SEAL - 95 X 115 X 12,BEARING HOUSING ASSY-280,1.0,NOS,0.0,0.5
BEARING HOUSING ASSY-280,(B-10083) BEARING HOUSING ASSY - 280 [2000210200],1.0,7200100100,TAPER ROLLER BEARING-32014,BEARING HOUSING ASSY-280,1.0,NOS,0.0,0.5
BEARING HOUSING ASSY-280,(B-10083) BEARING HOUSING ASSY - 280 [2000210200],1.0,7200100200,TAPER ROLLER BEARING-32216,BEARING HOUSING ASSY-280,1.0,NOS,0.0,0.5
BEARING HOUSING ASSY-280,(B-10083) BEARING HOUSING ASSY - 280 [2000210200],1.0,6110100300,TORQUE PISTON MOTOR TMDG 2-200 S18,BEARING HOUSING ASSY-280,1.0,NOS,0.0,0.5
BEARING HOUSING ASSY-420,(B-10084) BEARING HOUSING ASSY - 420 [2000210500],1.0,7000101000,FASTENER KIT BEARING HOUSING ASSY - 420,BEARING HOUSING ASSY-420,1.0,NOS,0.0,0.5
BEARING HOUSING ASSY-420,(B-10084) BEARING HOUSING ASSY - 420 [2000210500],1.0,4110003500,BEARING HOUSING - 280,BEARING HOUSING ASSY-420,1.0,NOS,0.0,0.5
BEARING HOUSING ASSY-420,(B-10084) BEARING HOUSING ASSY - 420 [2000210500],1.0,4110003600,SCREW DRIVE SHAFT - 280,BEARING HOUSING ASSY-420,1.0,NOS,0.0,0.5
BEARING HOUSING ASSY-420,(B-10084) BEARING HOUSING ASSY - 420 [2000210500],1.0,4110003700,DRIVE SHAFT OIL SEAL FLANGE - 280,BEARING HOUSING ASSY-420,1.0,NOS,0.0,0.5
BEARING HOUSING ASSY-420,(B-10084) BEARING HOUSING ASSY - 420 [2000210500],1.0,4020101000,DRIVE SHAFT NUT - 280 (M70 X 3),BEARING HOUSING ASSY-420,1.0,NOS,0.0,0.5
BEARING HOUSING ASSY-420,(B-10084) BEARING HOUSING ASSY - 420 [2000210500],1.0,4020101100,DRIVE SHAFT CHECK NUT - 280 (M70 X 3),BEARING HOUSING ASSY-420,1.0,NOS,0.0,0.5
BEARING HOUSING ASSY-420,(B-10084) BEARING HOUSING ASSY - 420 [2000210500],1.0,7220100200,DU BUSH - 60 X 65 X 60 LG,BEARING HOUSING ASSY-420,4.0,NOS,0.0,0.5
BEARING HOUSING ASSY-420,(B-10084) BEARING HOUSING ASSY - 420 [2000210500],1.0,7280095115,RADIAL OIL SEAL - 95 X 115 X 12,BEARING HOUSING ASSY-420,1.0,NOS,0.0,0.5
BEARING HOUSING ASSY-420,(B-10084) BEARING HOUSING ASSY - 420 [2000210500],1.0,7200100100,TAPER ROLLER BEARING-32014,BEARING HOUSING ASSY-420,1.0,NOS,0.0,0.5
BEARING HOUSING ASSY-420,(B-10084) BEARING HOUSING ASSY - 420 [2000210500],1.0,7200100200,TAPER ROLLER BEARING-32216,BEARING HOUSING ASSY-420,1.0,NOS,0.0,0.5
BEARING HOUSING ASSY-420,(B-10084) BEARING HOUSING ASSY - 420 [2000210500],1.0,6110100400,TORQUE PISTON MOTOR TMDG 3-300 S18,BEARING HOUSING ASSY-420,1.0,NOS,0.0,0.5
SCREW ASSY-30-280,(B-10001) SCREW BARREL ASSY - 30-280 [2000300100],1.0,4110003800,BARREL Ø30 - 280,SCREW ASSY-30-280,1.0,NOS,0.0,0.5
SCREW ASSY-30-280,(B-10001) SCREW BARREL ASSY - 30-280 [2000300100],1.0,4110003900,SCREW Ø30 - 280,SCREW ASSY-30-280,1.0,NOS,0.0,0.5
SCREW ASSY-30-280,(B-10001) SCREW BARREL ASSY - 30-280 [2000300100],1.0,4110004300,BARREL ADAPT Ø30 - 280,SCREW ASSY-30-280,1.0,NOS,0.0,0.5
SCREW ASSY-30-280,(B-10001) SCREW BARREL ASSY - 30-280 [2000300100],1.0,4110004000,SCREW TIP - 30,SCREW ASSY-30-280,1.0,NOS,0.0,0.5
SCREW ASSY-30-280,(B-10001) SCREW BARREL ASSY - 30-280 [2000300100],1.0,4110004100,SLIDER - 30,SCREW ASSY-30-280,1.0,NOS,0.0,0.5
SCREW ASSY-30-280,(B-10001) SCREW BARREL ASSY - 30-280 [2000300100],1.0,4110004200,SLIDER SEAT - 30,SCREW ASSY-30-280,1.0,NOS,0.0,0.5
SCREW ASSY-30-280,(B-10001) SCREW BARREL ASSY - 30-280 [2000300100],1.0,4110004400,NOZZLE TIP LONG - M30 X 2P X 115LG,SCREW ASSY-30-280,1.0,NOS,0.0,0.5
SCREW ASSY-30-280,(B-10001) SCREW BARREL ASSY - 30-280 [2000300100],1.0,4110004500,BARREL NUT M70 X 3P - 280,SCREW ASSY-30-280,1.0,NOS,0.0,0.5
SCREW ASSY-30-280,(B-10001) SCREW BARREL ASSY - 30-280 [2000300100],1.0,4110004600,BARREL CHECKNUT M70 X 3P - 280,SCREW ASSY-30-280,1.0,NOS,0.0,0.5
SCREW ASSY-30-280,(B-10001) SCREW BARREL ASSY - 30-280 [2000300100],1.0,4110004700,SPLIT COLLAR - 30,SCREW ASSY-30-280,1.0,NOS,0.0,0.5
SCREW ASSY-30-280,(B-10001) SCREW BARREL ASSY - 30-280 [2000300100],1.0,4110004800,FEED SCREW COUPLING - 30,SCREW ASSY-30-280,1.0,NOS,0.0,0.5
SCREW ASSY-30-280,(B-10001) SCREW BARREL ASSY - 30-280 [2000300100],1.0,4110005000,SCREW KEY - 280,SCREW ASSY-30-280,1.0,NOS,0.0,0.5
SCREW ASSY-30-280,(B-10001) SCREW BARREL ASSY - 30-280 [2000300100],1.0,3131000100,HYD MOTOR PROX SENSOR MTG - 280,SCREW ASSY-30-280,1.0,NOS,0.0,0.5
SCREW ASSY-30-280,(B-10001) SCREW BARREL ASSY - 30-280 [2000300100],1.0,4110004900,BARREL LOCK PIN,SCREW ASSY-30-280,1.0,NOS,0.0,0.5
SCREW ASSY-35-280,(B-10002) SCREW BARREL ASSY - 35-280 [2000300200],1.0,4110005100,BARREL Ø35 - 280,SCREW ASSY-35-280,1.0,NOS,0.0,0.5
SCREW ASSY-35-280,(B-10002) SCREW BARREL ASSY - 35-280 [2000300200],1.0,4110005200,SCREW Ø35 - 280,SCREW ASSY-35-280,1.0,NOS,0.0,0.5
SCREW ASSY-35-280,(B-10002) SCREW BARREL ASSY - 35-280 [2000300200],1.0,4110005600,BARREL ADAPT Ø35 - 280,SCREW ASSY-35-280,1.0,NOS,0.0,0.5
SCREW ASSY-35-280,(B-10002) SCREW BARREL ASSY - 35-280 [2000300200],1.0,4110005300,SCREW TIP - 35,SCREW ASSY-35-280,1.0,NOS,0.0,0.5
SCREW ASSY-35-280,(B-10002) SCREW BARREL ASSY - 35-280 [2000300200],1.0,4110005400,SLIDER - 35,SCREW ASSY-35-280,1.0,NOS,0.0,0.5
SCREW ASSY-35-280,(B-10002) SCREW BARREL ASSY - 35-280 [2000300200],1.0,4110005500,SLIDER SEAT - 35,SCREW ASSY-35-280,1.0,NOS,0.0,0.5
SCREW ASSY-35-280,(B-10002) SCREW BARREL ASSY - 35-280 [2000300200],1.0,4110004400,NOZZLE TIP LONG - M30 X 2P X 115LG,SCREW ASSY-35-280,1.0,NOS,0.0,0.5
SCREW ASSY-35-280,(B-10002) SCREW BARREL ASSY - 35-280 [2000300200],1.0,4110004500,BARREL NUT M70 X 3P - 280,SCREW ASSY-35-280,1.0,NOS,0.0,0.5
SCREW ASSY-35-280,(B-10002) SCREW BARREL ASSY - 35-280 [2000300200],1.0,4110004600,BARREL CHECKNUT M70 X 3P - 280,SCREW ASSY-35-280,1.0,NOS,0.0,0.5
SCREW ASSY-35-280,(B-10002) SCREW BARREL ASSY - 35-280 [2000300200],1.0,4110004700,SPLIT COLLAR - 30,SCREW ASSY-35-280,1.0,NOS,0.0,0.5
SCREW ASSY-35-280,(B-10002) SCREW BARREL ASSY - 35-280 [2000300200],1.0,4110004800,FEED SCREW COUPLING - 30,SCREW ASSY-35-280,1.0,NOS,0.0,0.5
SCREW ASSY-35-280,(B-10002) SCREW BARREL ASSY - 35-280 [2000300200],1.0,4110005000,SCREW KEY - 280,SCREW ASSY-35-280,1.0,NOS,0.0,0.5
SCREW ASSY-35-280,(B-10002) SCREW BARREL ASSY - 35-280 [2000300200],1.0,3131000100,HYD MOTOR PROX SENSOR MTG - 280,SCREW ASSY-35-280,1.0,NOS,0.0,0.5
SCREW ASSY-35-280,(B-10002) SCREW BARREL ASSY - 35-280 [2000300200],1.0,4110004900,BARREL LOCK PIN,SCREW ASSY-35-280,1.0,NOS,0.0,0.5
SCREW ASSY-40-280,(B-10003) SCREW BARREL ASSY - 40-280 [2000300300],1.0,4110005700,BARREL Ø40 - 280,SCREW ASSY-40-280,1.0,NOS,0.0,0.5
SCREW ASSY-40-280,(B-10003) SCREW BARREL ASSY - 40-280 [2000300300],1.0,4110005800,SCREW Ø40 - 280,SCREW ASSY-40-280,1.0,NOS,0.0,0.5
SCREW ASSY-40-280,(B-10003) SCREW BARREL ASSY - 40-280 [2000300300],1.0,4110006200,BARREL ADAPT Ø40 - 280,SCREW ASSY-40-280,1.0,NOS,0.0,0.5
SCREW ASSY-40-280,(B-10003) SCREW BARREL ASSY - 40-280 [2000300300],1.0,4110005900,SCREW TIP - 40,SCREW ASSY-40-280,1.0,NOS,0.0,0.5
SCREW ASSY-40-280,(B-10003) SCREW BARREL ASSY - 40-280 [2000300300],1.0,4110006000,SLIDER - 40,SCREW ASSY-40-280,1.0,NOS,0.0,0.5
SCREW ASSY-40-280,(B-10003) SCREW BARREL ASSY - 40-280 [2000300300],1.0,4110006100,SLIDER SEAT - 40,SCREW ASSY-40-280,1.0,NOS,0.0,0.5
SCREW ASSY-40-280,(B-10003) SCREW BARREL ASSY - 40-280 [2000300300],1.0,4110004400,NOZZLE TIP LONG - M30 X 2P X 115LG,SCREW ASSY-40-280,1.0,NOS,0.0,0.5
SCREW ASSY-40-280,(B-10003) SCREW BARREL ASSY - 40-280 [2000300300],1.0,4110004500,BARREL NUT M70 X 3P - 280,SCREW ASSY-40-280,1.0,NOS,0.0,0.5
SCREW ASSY-40-280,(B-10003) SCREW BARREL ASSY - 40-280 [2000300300],1.0,4110004600,BARREL CHECKNUT M70 X 3P - 280,SCREW ASSY-40-280,1.0,NOS,0.0,0.5
SCREW ASSY-40-280,(B-10003) SCREW BARREL ASSY - 40-280 [2000300300],1.0,4110006300,SPLIT COLLAR - 35,SCREW ASSY-40-280,1.0,NOS,0.0,0.5
SCREW ASSY-40-280,(B-10003) SCREW BARREL ASSY - 40-280 [2000300300],1.0,4110006400,FEED SCREW COUPLING - 35,SCREW ASSY-40-280,1.0,NOS,0.0,0.5
SCREW ASSY-40-280,(B-10003) SCREW BARREL ASSY - 40-280 [2000300300],1.0,4110005000,SCREW KEY - 280,SCREW ASSY-40-280,1.0,NOS,0.0,0.5
SCREW ASSY-40-280,(B-10003) SCREW BARREL ASSY - 40-280 [2000300300],1.0,3131000100,HYD MOTOR PROX SENSOR MTG - 280,SCREW ASSY-40-280,1.0,NOS,0.0,0.5
SCREW ASSY-40-280,(B-10003) SCREW BARREL ASSY - 40-280 [2000300300],1.0,4110004900,BARREL LOCK PIN,SCREW ASSY-40-280,1.0,NOS,0.0,0.5
SCREW ASSY-35-420,(B-10004) SCREW BARREL ASSY - 35-420 [2000301000],1.0,4110011200,BARREL Ø35 - 420,SCREW ASSY-35-420,1.0,NOS,0.0,0.5
SCREW ASSY-35-420,(B-10004) SCREW BARREL ASSY - 35-420 [2000301000],1.0,4110011300,SCREW Ø35 - 420,SCREW ASSY-35-420,1.0,NOS,0.0,0.5
SCREW ASSY-35-420,(B-10004) SCREW BARREL ASSY - 35-420 [2000301000],1.0,4110011400,BARREL ADAPT Ø35 - 420,SCREW ASSY-35-420,1.0,NOS,0.0,0.5
SCREW ASSY-35-420,(B-10004) SCREW BARREL ASSY - 35-420 [2000301000],1.0,4110005300,SCREW TIP - 35,SCREW ASSY-35-420,1.0,NOS,0.0,0.5
SCREW ASSY-35-420,(B-10004) SCREW BARREL ASSY - 35-420 [2000301000],1.0,4110005400,SLIDER - 35,SCREW ASSY-35-420,1.0,NOS,0.0,0.5
SCREW ASSY-35-420,(B-10004) SCREW BARREL ASSY - 35-420 [2000301000],1.0,4110005500,SLIDER SEAT - 35,SCREW ASSY-35-420,1.0,NOS,0.0,0.5
SCREW ASSY-35-420,(B-10004) SCREW BARREL ASSY - 35-420 [2000301000],1.0,4110004400,NOZZLE TIP LONG - M30 X 2P X 115LG,SCREW ASSY-35-420,1.0,NOS,0.0,0.5
SCREW ASSY-35-420,(B-10004) SCREW BARREL ASSY - 35-420 [2000301000],1.0,4110011500,BARREL NUT M80 X 3P - 420,SCREW ASSY-35-420,1.0,NOS,0.0,0.5
SCREW ASSY-35-420,(B-10004) SCREW BARREL ASSY - 35-420 [2000301000],1.0,4110011600,BARREL CHECKNUT M80 X 3P - 420,SCREW ASSY-35-420,1.0,NOS,0.0,0.5
SCREW ASSY-35-420,(B-10004) SCREW BARREL ASSY - 35-420 [2000301000],1.0,4110006300,SPLIT COLLAR - 35,SCREW ASSY-35-420,1.0,NOS,0.0,0.5
SCREW ASSY-35-420,(B-10004) SCREW BARREL ASSY - 35-420 [2000301000],1.0,4110006400,FEED SCREW COUPLING - 35,SCREW ASSY-35-420,1.0,NOS,0.0,0.5
SCREW ASSY-35-420,(B-10004) SCREW BARREL ASSY - 35-420 [2000301000],1.0,4110005000,SCREW KEY - 280,SCREW ASSY-35-420,1.0,NOS,0.0,0.5
SCREW ASSY-35-420,(B-10004) SCREW BARREL ASSY - 35-420 [2000301000],1.0,3131000100,HYD MOTOR PROX SENSOR MTG - 280,SCREW ASSY-35-420,1.0,NOS,0.0,0.5
SCREW ASSY-35-420,(B-10004) SCREW BARREL ASSY - 35-420 [2000301000],1.0,4110004900,BARREL LOCK PIN,SCREW ASSY-35-420,1.0,NOS,0.0,0.5
SCREW ASSY-40-420,(B-10005) SCREW BARREL ASSY - 40-420 [2000301100],1.0,4110011700,BARREL Ø40 - 420,SCREW ASSY-40-420,1.0,NOS,0.0,0.5
SCREW ASSY-40-420,(B-10005) SCREW BARREL ASSY - 40-420 [2000301100],1.0,4110011800,SCREW Ø40 - 420,SCREW ASSY-40-420,1.0,NOS,0.0,0.5
SCREW ASSY-40-420,(B-10005) SCREW BARREL ASSY - 40-420 [2000301100],1.0,4110011900,BARREL ADAPT Ø40 - 420,SCREW ASSY-40-420,1.0,NOS,0.0,0.5
SCREW ASSY-40-420,(B-10005) SCREW BARREL ASSY - 40-420 [2000301100],1.0,4110005900,SCREW TIP - 40,SCREW ASSY-40-420,1.0,NOS,0.0,0.5
SCREW ASSY-40-420,(B-10005) SCREW BARREL ASSY - 40-420 [2000301100],1.0,4110006000,SLIDER - 40,SCREW ASSY-40-420,1.0,NOS,0.0,0.5
SCREW ASSY-40-420,(B-10005) SCREW BARREL ASSY - 40-420 [2000301100],1.0,4110006100,SLIDER SEAT - 40,SCREW ASSY-40-420,1.0,NOS,0.0,0.5
SCREW ASSY-40-420,(B-10005) SCREW BARREL ASSY - 40-420 [2000301100],1.0,4110004400,NOZZLE TIP LONG - M30 X 2P X 115LG,SCREW ASSY-40-420,1.0,NOS,0.0,0.5
SCREW ASSY-40-420,(B-10005) SCREW BARREL ASSY - 40-420 [2000301100],1.0,4110011500,BARREL NUT M80 X 3P - 420,SCREW ASSY-40-420,1.0,NOS,0.0,0.5
SCREW ASSY-40-420,(B-10005) SCREW BARREL ASSY - 40-420 [2000301100],1.0,4110011600,BARREL CHECKNUT M80 X 3P - 420,SCREW ASSY-40-420,1.0,NOS,0.0,0.5
SCREW ASSY-40-420,(B-10005) SCREW BARREL ASSY - 40-420 [2000301100],1.0,4110006300,SPLIT COLLAR - 35,SCREW ASSY-40-420,1.0,NOS,0.0,0.5
SCREW ASSY-40-420,(B-10005) SCREW BARREL ASSY - 40-420 [2000301100],1.0,4110006400,FEED SCREW COUPLING - 35,SCREW ASSY-40-420,1.0,NOS,0.0,0.5
SCREW ASSY-40-420,(B-10005) SCREW BARREL ASSY - 40-420 [2000301100],1.0,4110005000,SCREW KEY - 280,SCREW ASSY-40-420,1.0,NOS,0.0,0.5
SCREW ASSY-40-420,(B-10005) SCREW BARREL ASSY - 40-420 [2000301100],1.0,3131000100,HYD MOTOR PROX SENSOR MTG - 280,SCREW ASSY-40-420,1.0,NOS,0.0,0.5
SCREW ASSY-40-420,(B-10005) SCREW BARREL ASSY - 40-420 [2000301100],1.0,4110004900,BARREL LOCK PIN,SCREW ASSY-40-420,1.0,NOS,0.0,0.5
SCREW ASSY-45-420,(B-10006) SCREW BARREL ASSY - 45-420 [2000301200],1.0,4110012000,BARREL Φ45 - 420,SCREW ASSY-45-420,1.0,NOS,0.0,0.5
SCREW ASSY-45-420,(B-10006) SCREW BARREL ASSY - 45-420 [2000301200],1.0,4110012100,SCREW Φ45 - 420,SCREW ASSY-45-420,1.0,NOS,0.0,0.5
SCREW ASSY-45-420,(B-10006) SCREW BARREL ASSY - 45-420 [2000301200],1.0,4110012200,BARREL ADAPT Ø45 - 420,SCREW ASSY-45-420,1.0,NOS,0.0,0.5
SCREW ASSY-45-420,(B-10006) SCREW BARREL ASSY - 45-420 [2000301200],1.0,4110012300,SCREW TIP - 45,SCREW ASSY-45-420,1.0,NOS,0.0,0.5
SCREW ASSY-45-420,(B-10006) SCREW BARREL ASSY - 45-420 [2000301200],1.0,4110012400,SLIDER - 45,SCREW ASSY-45-420,1.0,NOS,0.0,0.5
SCREW ASSY-45-420,(B-10006) SCREW BARREL ASSY - 45-420 [2000301200],1.0,4110012500,SLIDER SEAT - 45,SCREW ASSY-45-420,1.0,NOS,0.0,0.5
SCREW ASSY-45-420,(B-10006) SCREW BARREL ASSY - 45-420 [2000301200],1.0,4110004400,NOZZLE TIP LONG - M30 X 2P X 115LG,SCREW ASSY-45-420,1.0,NOS,0.0,0.5
SCREW ASSY-45-420,(B-10006) SCREW BARREL ASSY - 45-420 [2000301200],1.0,4110011500,BARREL NUT M80 X 3P - 420,SCREW ASSY-45-420,1.0,NOS,0.0,0.5
SCREW ASSY-45-420,(B-10006) SCREW BARREL ASSY - 45-420 [2000301200],1.0,4110011600,BARREL CHECKNUT M80 X 3P - 420,SCREW ASSY-45-420,1.0,NOS,0.0,0.5
SCREW ASSY-45-420,(B-10006) SCREW BARREL ASSY - 45-420 [2000301200],1.0,4110006300,SPLIT COLLAR - 35,SCREW ASSY-45-420,1.0,NOS,0.0,0.5
SCREW ASSY-45-420,(B-10006) SCREW BARREL ASSY - 45-420 [2000301200],1.0,4110006400,FEED SCREW COUPLING - 35,SCREW ASSY-45-420,1.0,NOS,0.0,0.5
SCREW ASSY-45-420,(B-10006) SCREW BARREL ASSY - 45-420 [2000301200],1.0,4110005000,SCREW KEY - 280,SCREW ASSY-45-420,1.0,NOS,0.0,0.5
SCREW ASSY-45-420,(B-10006) SCREW BARREL ASSY - 45-420 [2000301200],1.0,3131000100,HYD MOTOR PROX SENSOR MTG - 280,SCREW ASSY-45-420,1.0,NOS,0.0,0.5
SCREW ASSY-45-420,(B-10006) SCREW BARREL ASSY - 45-420 [2000301200],1.0,4110004900,BARREL LOCK PIN,SCREW ASSY-45-420,1.0,NOS,0.0,0.5
