Item Code,Part Code,Old Item Code,Item Description,Category,In-House Physical Stock,External Vendor Stock,Total Current Stock,Min Safety Stock Qty,Min Order Qty,Lead Time Days,Warehouse Location,Standard Valuation Rate (INR),Total Stock Asset Value (INR),QC Trigger
7910300100,7910300100,,ANTI VIBRATION RUBBER PAD - Ø125,BO,10,0,10,5,1,10,Central Store,2500,25000,ON_GRN
6160100800,6160100800,,DIRECTION CONTROL VALVE - 4 WEH 16 E7,BO,10,0,10,5,1,12,Hydraulics Bay H-01,14500,145000,ON_GRN
6160101000,6160101000,,DIRECTION CONTROL VALVE - 4 WEH 16 EA,BO,10,0,10,5,1,12,Hydraulics Bay H-01,14500,145000,ON_GRN
6160100900,6160100900,,DIRECTION CONTROL VALVE - 4 WEH 16 L7,BO,10,0,10,5,1,12,Hydraulics Bay H-01,14500,145000,ON_GRN
6160100300,6160100300,,DSG-01-2B2B-D24 (YUKEN),BO,10,0,10,5,1,12,Hydraulics Bay H-01,14500,145000,ON_GRN
6160100100,6160100100,D-10001,DSG-01-3C2-D24 (YUKEN),BO,10,0,10,5,1,12,Hydraulics Bay H-01,14500,145000,ON_GRN
6160100200,6160100200,D-10002,DSG-01-3C4-D24 (YUKEN),BO,10,0,10,5,1,12,Hydraulics Bay H-01,14500,145000,ON_GRN
6160100700,6160100700,,DSG-03-2B10B-D24 (YUKEN),BO,10,0,10,5,1,12,Hydraulics Bay H-01,14500,145000,ON_GRN
6160100600,6160100600,D-10006,DSG-03-3C12-D24 (YUKEN),BO,10,0,10,5,1,12,Hydraulics Bay H-01,14500,145000,ON_GRN
6160100400,6160100400,D-10003,DSG-03-3C2-D24 (YUKEN),BO,10,0,10,5,1,12,Hydraulics Bay H-01,14500,145000,ON_GRN
7220100100,7220100100,G-10051,DU BUSH - 30 X 34 X 25 LG,BO,10,0,10,5,1,10,Central Store,2500,25000,ON_GRN
7220100200,7220100200,G-10057,DU BUSH - 60 X 65 X 60 LG,BO,10,0,10,5,1,10,Central Store,2500,25000,ON_GRN
7220100300,7220100300,G-10058,DU BUSH - 70 X 75 X 70 LG,BO,10,0,10,5,1,10,Central Store,2500,25000,ON_GRN
7000102400,7000102400,,FASTENER KIT BARREL PLATE ASSY - 1520,BO,10,0,10,5,1,14,Sub-Assembly Area,85000,850000,DURING_ASSEMBLY
7000102700,7000102700,,FASTENER KIT BARREL PLATE ASSY - 2350,BO,10,0,10,5,1,14,Sub-Assembly Area,85000,850000,DURING_ASSEMBLY
7000100400,7000100400,,FASTENER KIT BARREL PLATE ASSY - 280,BO,10,0,10,5,1,14,Sub-Assembly Area,85000,850000,DURING_ASSEMBLY
7000100900,7000100900,,FASTENER KIT BARREL PLATE ASSY - 420,BO,10,0,10,5,1,14,Sub-Assembly Area,85000,850000,DURING_ASSEMBLY
7000101400,7000101400,,FASTENER KIT BARREL PLATE ASSY - 635,BO,10,0,10,5,1,14,Sub-Assembly Area,85000,850000,DURING_ASSEMBLY
7000101900,7000101900,,FASTENER KIT BARREL PLATE ASSY - 905,BO,10,0,10,5,1,14,Sub-Assembly Area,85000,850000,DURING_ASSEMBLY
7000102500,7000102500,,FASTENER KIT BEARING HOUSING ASSY - 1520,BO,10,0,10,5,1,14,Sub-Assembly Area,85000,850000,DURING_ASSEMBLY
7000102800,7000102800,,FASTENER KIT BEARING HOUSING ASSY - 2350,BO,10,0,10,5,1,14,Sub-Assembly Area,85000,850000,DURING_ASSEMBLY
7000100500,7000100500,,FASTENER KIT BEARING HOUSING ASSY - 280,BO,10,0,10,5,1,14,Sub-Assembly Area,85000,850000,DURING_ASSEMBLY
7000101000,7000101000,,FASTENER KIT BEARING HOUSING ASSY - 420,BO,10,0,10,5,1,14,Sub-Assembly Area,85000,850000,DURING_ASSEMBLY
7000101500,7000101500,,FASTENER KIT BEARING HOUSING ASSY - 635,BO,10,0,10,5,1,14,Sub-Assembly Area,85000,850000,DURING_ASSEMBLY
7000102000,7000102000,,FASTENER KIT BEARING HOUSING ASSY - 905,BO,10,0,10,5,1,14,Sub-Assembly Area,85000,850000,DURING_ASSEMBLY
7000102300,7000102300,,FASTENER KIT INJECTION UNIT - 1520,BO,10,0,10,5,1,14,Sub-Assembly Area,85000,850000,DURING_ASSEMBLY
7000102600,7000102600,,FASTENER KIT INJECTION UNIT - 2350,BO,10,0,10,5,1,14,Sub-Assembly Area,85000,850000,DURING_ASSEMBLY
7000100300,7000100300,,FASTENER KIT INJECTION UNIT - 280,BO,10,0,10,5,1,14,Sub-Assembly Area,85000,850000,DURING_ASSEMBLY
7000100800,7000100800,,FASTENER KIT INJECTION UNIT - 420,BO,10,0,10,5,1,14,Sub-Assembly Area,85000,850000,DURING_ASSEMBLY
7000101300,7000101300,,FASTENER KIT INJECTION UNIT - 635,BO,10,0,10,5,1,14,Sub-Assembly Area,85000,850000,DURING_ASSEMBLY
7000101800,7000101800,,FASTENER KIT INJECTION UNIT - 905,BO,10,0,10,5,1,14,Sub-Assembly Area,85000,850000,DURING_ASSEMBLY
7230063100,7230063100,J-10307,GLIDE RING - 100 X 84.5 X 6.3,BO,10,0,10,5,1,10,Central Store,2500,25000,ON_GRN
7230063110,7230063110,J-10308,GLIDE RING - 110 X 94.5 X 6.3,BO,10,0,10,5,1,10,Central Store,2500,25000,ON_GRN
7230063125,7230063125,J-10309,GLIDE RING - 125 X 109.5 X 6.3,BO,10,0,10,5,1,10,Central Store,2500,25000,ON_GRN
7230063140,7230063140,J-10310,GLIDE RING - 140 X 124.5 X 6.3,BO,10,0,10,5,1,10,Central Store,2500,25000,ON_GRN
7230081165,7230081165,J-10311,GLIDE RING - 165 X 144 X 8.1,BO,10,0,10,5,1,10,Central Store,2500,25000,ON_GRN
7230081190,7230081190,J-10312,GLIDE RING - 190 X 169 X 8.1,BO,10,0,10,5,1,10,Central Store,2500,25000,ON_GRN
7240097105,7240097105,J-10216,GUIDE RING - 105 X 110 X 9.7,BO,10,0,10,5,1,10,Central Store,2500,25000,ON_GRN
7240097120,7240097120,J-10217,GUIDE RING - 120X125X9.7,BO,10,0,10,5,1,10,Central Store,2500,25000,ON_GRN
7240097135,7240097135,J-10218,GUIDE RING - 135 X 140 X 9.7,BO,10,0,10,5,1,10,Central Store,2500,25000,ON_GRN
7240015160,7240015160,J-10219,GUIDE RING - 160 X 165 X 15,BO,10,0,10,5,1,10,Central Store,2500,25000,ON_GRN
7240015185,7240015185,J-10220,GUIDE RING - 185 X 190 X 15,BO,10,0,10,5,1,10,Central Store,2500,25000,ON_GRN
7240097050,7240097050,J-10204,GUIDE RING - 50 X 55 X 9.7,BO,10,0,10,5,1,10,Central Store,2500,25000,ON_GRN
7240097060,7240097060,J-10221,GUIDE RING - 60 X 65 X 9.7,BO,10,0,10,5,1,10,Central Store,2500,25000,ON_GRN
7240015060,7240015060,J-10210,GUIDE RING - 60 X6 5 X 15,BO,10,0,10,5,1,10,Central Store,2500,25000,ON_GRN
7240015070,7240015070,J-10211,GUIDE RING - 70 X 75 X 15,BO,10,0,10,5,1,10,Central Store,2500,25000,ON_GRN
7240097070,7240097070,J-10222,GUIDE RING - 70 X 75 X 9.7,BO,10,0,10,5,1,10,Central Store,2500,25000,ON_GRN
7240015075,7240015075,J-10212,GUIDE RING - 75 X 80 X 15,BO,10,0,10,5,1,10,Central Store,2500,25000,ON_GRN
7240097075,7240097075,J-10208,GUIDE RING - 75 X 80 X 9.7,BO,10,0,10,5,1,10,Central Store,2500,25000,ON_GRN
7240015080,7240015080,J-10213,GUIDE RING - 80 X 85 X 15,BO,10,0,10,5,1,10,Central Store,2500,25000,ON_GRN
7240097080,7240097080,J-10209,GUIDE RING - 80 X 85 X 9.7,BO,10,0,10,5,1,10,Central Store,2500,25000,ON_GRN
7240097095,7240097095,J-10215,GUIDE RING - 95 X 100 X 9.7,BO,10,0,10,5,1,10,Central Store,2500,25000,ON_GRN
7340100100,7340100100,G-10008,HYDRAULIC PIPE CLAMP - 20 MM,BO,10,0,10,5,1,10,Central Store,2500,25000,ON_GRN
7340100200,7340100200,,HYDRAULIC PIPE CLAMP - 25 MM,BO,10,0,10,5,1,10,Central Store,2500,25000,ON_GRN
7340100300,7340100300,,HYDRAULIC PIPE CLAMP - 30 MM,BO,10,0,10,5,1,10,Central Store,2500,25000,ON_GRN
6220200100,6220200100,E-10152,LIMIT SWITCH ROLLER LEVER - FTN-139Z11,BO,10,0,10,5,1,10,Central Store,2500,25000,ON_GRN
6220100100,6220100100,E-10151,LIMIT SWITCH SNAP ACTION - PC 603,BO,10,0,10,5,1,10,Central Store,2500,25000,ON_GRN
6210100100,6210100100,E-10005,LINEAR LT-M-100,BO,10,0,10,5,1,14,Electrical Store E-01,28000,280000,ON_GRN
6210100130,6210100130,E-10006,LINEAR LT-M-130,BO,10,0,10,5,1,14,Electrical Store E-01,28000,280000,ON_GRN
6210100150,6210100150,,LINEAR LT-M-150,BO,10,0,10,5,1,14,Electrical Store E-01,28000,280000,ON_GRN
6210100175,6210100175,E-10008,LINEAR LT-M-175,BO,10,0,10,5,1,14,Electrical Store E-01,28000,280000,ON_GRN
6210100200,6210100200,E-10009,LINEAR LT-M-200,BO,10,0,10,5,1,14,Electrical Store E-01,28000,280000,ON_GRN
6210100225,6210100225,E-10010,LINEAR LT-M-225,BO,10,0,10,5,1,14,Electrical Store E-01,28000,280000,ON_GRN
6210100275,6210100275,E-10011,LINEAR LT-M-275,BO,10,0,10,5,1,14,Electrical Store E-01,28000,280000,ON_GRN
6210100300,6210100300,E-10012,LINEAR LT-M-300,BO,10,0,10,5,1,14,Electrical Store E-01,28000,280000,ON_GRN
6210100350,6210100350,E-10014,LINEAR LT-M-350,BO,10,0,10,5,1,14,Electrical Store E-01,28000,280000,ON_GRN
6210100375,6210100375,E-10015,LINEAR LT-M-375,BO,10,0,10,5,1,14,Electrical Store E-01,28000,280000,ON_GRN
6210100425,6210100425,E-10017,LINEAR LT-M-450,BO,10,0,10,5,1,14,Electrical Store E-01,28000,280000,ON_GRN
7330200100,7330200100,,MOTOR MOUNTING PAD Ø60 X M10 X 40LG,BO,10,0,10,5,1,14,Electrical Store E-01,28000,280000,ON_GRN
7290005100,7290005100,J-10114,O RING - 100 X 5 (O RING-100.97X5.33),BO,10,0,10,5,1,10,Central Store,2500,25000,ON_GRN
7290005115,7290005115,,O RING - 115 X 5 (O RING- 113.84X5.33),BO,10,0,10,5,1,10,Central Store,2500,25000,ON_GRN
7290005130,7290005130,J-10116,O RING - 130 X 5 (O RING- 129.54X5.33),BO,10,0,10,5,1,10,Central Store,2500,25000,ON_GRN
7290006150,7290006150,J-10117,O RING - 150 X 6 (O RING-151.77 X5.33),BO,10,0,10,5,1,10,Central Store,2500,25000,ON_GRN
7290006175,7290006175,J-10118,O RING - 175 X 6 (O RING-177.17 X5.33),BO,10,0,10,5,1,10,Central Store,2500,25000,ON_GRN
7290003040,7290003040,J-10104,O RING - 40 X 3 (O RING- 45.69X2.62),BO,10,0,10,5,1,10,Central Store,2500,25000,ON_GRN
7290004050,7290004050,J-10105,O RING - 50 X 4 (O RING- 53.57X3.53),BO,10,0,10,5,1,10,Central Store,2500,25000,ON_GRN
7290004060,7290004060,J-10107,O RING - 60 X 4 (63.09X3.53),BO,10,0,10,5,1,10,Central Store,2500,25000,ON_GRN
7290004065,7290004065,J-10108,O RING - 65 X 4 (O RING- 69.44X3.53),BO,10,0,10,5,1,10,Central Store,2500,25000,ON_GRN
7290004070,7290004070,J-10109,O RING - 70 X 4 (O RING- 72.62X3.53),BO,10,0,10,5,1,10,Central Store,2500,25000,ON_GRN
7290005090,7290005090,J-10122,O RING - 90 X 5 (O RING-91.67X3.53),BO,10,0,10,5,1,10,Central Store,2500,25000,ON_GRN
6030100200,6030100200,,PANEL SERVO-110 B&R,BO,10,0,10,5,1,14,Electrical Store E-01,28000,280000,ON_GRN
6030100300,6030100300,,PANEL SERVO-140 B&R,BO,10,0,10,5,1,14,Electrical Store E-01,28000,280000,ON_GRN
6030100400,6030100400,,PANEL SERVO-170 B&R,BO,10,0,10,5,1,14,Electrical Store E-01,28000,280000,ON_GRN
6030100500,6030100500,,PANEL SERVO-200 B&R,BO,10,0,10,5,1,14,Electrical Store E-01,28000,280000,ON_GRN
6020100100,6020100100,E-10176,PANEL SERVO-90 B&R,BO,10,0,10,5,1,14,Electrical Store E-01,28000,280000,ON_GRN
6030100100,6030100100,,PANEL SERVO-90-280 B&R,BO,10,0,10,5,1,14,Electrical Store E-01,28000,280000,ON_GRN
6180200100,6180200100,D-10110,PILOT OPERATED CHECK VALVE - MCIV-06-01 (PRISM HYD),BO,10,0,10,5,1,12,Hydraulics Bay H-01,14500,145000,ON_GRN
6180100100,6180100100,D-10101,PILOT OPERATED CHECK VALVE - MPA-01-4-40H01 (YUKEN),BO,10,0,10,5,1,12,Hydraulics Bay H-01,14500,145000,ON_GRN
7910500100,7910500100,,PLASTIC CAN HDPE-3 LITER (WHITE),BO,10,0,10,5,1,10,Central Store,2500,25000,ON_GRN
6240100100,6240100100,D-10201,"PRESSURE GAUG 0-420 BAR BACK CONNECTION (2-1/2"")",BO,10,0,10,5,1,10,Central Store,2500,25000,ON_GRN
6170100100,6170100100,D-10302,PRESSURE RELIEF VALVE - BG-03-HP32 (YUKEN),BO,10,0,10,5,1,12,Hydraulics Bay H-01,14500,145000,ON_GRN
6170100200,6170100200,D-10301,PRESSURE RELIEF VALVE - BG-06-P32 (YUKEN),BO,10,0,10,5,1,12,Hydraulics Bay H-01,14500,145000,ON_GRN
7270072090,7270072090,,PU WIPER SEAL  - 90 X 102.2 X 7.2/12,BO,10,0,10,5,1,7,Standard Bought-out Store,850,8500,ON_GRN
7270053060,7270053060,J-10005,PU WIPER SEAL - 60 X 68.6 X 5.3/7,BO,10,0,10,5,1,7,Standard Bought-out Store,850,8500,ON_GRN
7270053065,7270053065,J-10006,PU WIPER SEAL - 65 X 73.6 X 5.3/7,BO,10,0,10,5,1,7,Standard Bought-out Store,850,8500,ON_GRN
7270053070,7270053070,J-10007,PU WIPER SEAL - 70 X 78.6 X 5.3/7,BO,10,0,10,5,1,7,Standard Bought-out Store,850,8500,ON_GRN
7270053075,7270053075,J-10008,PU WIPER SEAL - 75 X 83.2 X 5.3/7,BO,10,0,10,5,1,7,Standard Bought-out Store,850,8500,ON_GRN
7270053080,7270053080,J-10009,PU WIPER SEAL - 80 X 88.6 X 5.3/7,BO,10,0,10,5,1,7,Standard Bought-out Store,850,8500,ON_GRN
7270072095,7270072095,,PU WIPER SEAL - 95 X 107.2 X 7.2/12,BO,10,0,10,5,1,7,Standard Bought-out Store,850,8500,ON_GRN
7270053050,7270053050,J-10004,PU WIPER SEAL 50 X58.6 X 5.3/7,BO,10,0,10,5,1,7,Standard Bought-out Store,850,8500,ON_GRN
7280105125,7280105125,J-10452,RADIAL OIL SEAL - 105 X 125 X 12,BO,10,0,10,5,1,7,Standard Bought-out Store,850,8500,ON_GRN
7280110130,7280110130,J-10453,RADIAL OIL SEAL - 110 X 130 X 12,BO,10,0,10,5,1,7,Standard Bought-out Store,850,8500,ON_GRN
7280115140,7280115140,J-10454,RADIAL OIL SEAL - 115 X 140 X 12,BO,10,0,10,5,1,7,Standard Bought-out Store,850,8500,ON_GRN
7280145175,7280145175,J-10455,RADIAL OIL SEAL - 145 X 175 X 12,BO,10,0,10,5,1,7,Standard Bought-out Store,850,8500,ON_GRN
7280095115,7280095115,J-10451,RADIAL OIL SEAL - 95 X 115 X 12,BO,10,0,10,5,1,7,Standard Bought-out Store,850,8500,ON_GRN
7260073050,7260073050,J-10054,ROD SEAL - 50 X 60 X 7.3,BO,10,0,10,5,1,7,Standard Bought-out Store,850,8500,ON_GRN
7260010060,7260010060,J-10055,ROD SEAL - 60 X 70 X 10,BO,10,0,10,5,1,7,Standard Bought-out Store,850,8500,ON_GRN
7260114070,7260114070,J-10056,ROD SEAL - 70 X 85 X 11.4,BO,10,0,10,5,1,7,Standard Bought-out Store,850,8500,ON_GRN
7260012075,7260012075,J-10057,ROD SEAL - 75 X 85 X 12,BO,10,0,10,5,1,7,Standard Bought-out Store,850,8500,ON_GRN
7260114080,7260114080,J-10058,ROD SEAL - 80 X 95 X 11.4,BO,10,0,10,5,1,7,Standard Bought-out Store,850,8500,ON_GRN
6010400200,6010400200,,SERVO SYSTEM - 100 LPM (JAKSH),BO,10,0,10,5,1,14,Electrical Store E-01,28000,280000,ON_GRN
6010400300,6010400300,,SERVO SYSTEM - 140 LPM (JAKSH),BO,10,0,10,5,1,14,Electrical Store E-01,28000,280000,ON_GRN
6010400400,6010400400,,SERVO SYSTEM - 180 LPM (JAKSH),BO,10,0,10,5,1,14,Electrical Store E-01,28000,280000,ON_GRN
6010400100,6010400100,,SERVO SYSTEM - 64 LPM (JAKSH),BO,10,0,10,5,1,14,Electrical Store E-01,28000,280000,ON_GRN
7190105900,7190105900,,"SRDG BALL BEARING,6205-ZZ",BO,10,0,10,5,1,10,Central Store,2500,25000,ON_GRN
7250042050,7250042050,J-10354,STEP SEAL - 50 X 61 X 4.2,BO,10,0,10,5,1,7,Standard Bought-out Store,850,8500,ON_GRN
7200100100,7200100100,G-10005,TAPER ROLLER BEARING-32014,BO,10,0,10,5,1,10,Central Store,2500,25000,ON_GRN
7200100200,7200100200,G-10006,TAPER ROLLER BEARING-32216,BO,10,0,10,5,1,10,Central Store,2500,25000,ON_GRN
7200100300,7200100300,G-10203,TAPER ROLLER BEARING-32218,BO,10,0,10,5,1,10,Central Store,2500,25000,ON_GRN
7200100400,7200100400,G-10204,TAPER ROLLER BEARING-32219,BO,10,0,10,5,1,10,Central Store,2500,25000,ON_GRN
7200100500,7200100500,G-10205,TAPER ROLLER BEARING-32220,BO,10,0,10,5,1,10,Central Store,2500,25000,ON_GRN
7200100600,7200100600,G-10206,TAPER ROLLER BEARING-32222,BO,10,0,10,5,1,10,Central Store,2500,25000,ON_GRN
7200100700,7200100700,G-10207,TAPER ROLLER BEARING-32226,BO,10,0,10,5,1,10,Central Store,2500,25000,ON_GRN
6141200100,6141200100,,"THERMO COUPLE SENSOR
BUTTERFLY TYPE 1/4 BSP K TYPE ISOLATED 1.5 MTR",BO,10,0,10,5,1,14,Electrical Store E-01,28000,280000,ON_GRN
6141200200,6141200200,,"THERMO COUPLE SENSOR
BUTTERFLY TYPE 1/4 BSP K TYPE ISOLATED 2 MTR",BO,10,0,10,5,1,14,Electrical Store E-01,28000,280000,ON_GRN
6141100100,6141100100,,"THERMO COUPLE SENSOR 
(K TYPE L SHAPE ISOLATED 1 MTR)",BO,10,0,10,5,1,14,Electrical Store E-01,28000,280000,ON_GRN
6141100200,6141100200,,"THERMO COUPLE SENSOR 
(K TYPE L SHAPE ISOLATED 1.5 MTR)",BO,10,0,10,5,1,14,Electrical Store E-01,28000,280000,ON_GRN
6110100300,6110100300,D-10326,TORQUE PISTON MOTOR TMDG 2-200 S18,BO,10,0,10,5,1,14,Electrical Store E-01,28000,280000,ON_GRN
6110100400,6110100400,,TORQUE PISTON MOTOR TMDG 3-300 S18,BO,10,0,10,5,1,14,Electrical Store E-01,28000,280000,ON_GRN
6110100500,6110100500,,TORQUE PISTON MOTOR TMDG 3-400 S18,BO,10,0,10,5,1,14,Electrical Store E-01,28000,280000,ON_GRN
6110100600,6110100600,,TORQUE PISTON MOTOR TMDG 6-500 S28,BO,10,0,10,5,1,14,Electrical Store E-01,28000,280000,ON_GRN
6110100700,6110100700,,TORQUE PISTON MOTOR TMDG 8-800B,BO,10,0,10,5,1,14,Electrical Store E-01,28000,280000,ON_GRN
6110100100,6110100100,,TORQUE PISTON MOTOR TMP-160,BO,10,0,10,5,1,14,Electrical Store E-01,28000,280000,ON_GRN
6110100200,6110100200,,TORQUE PISTON MOTOR TMP-315 (170-200),BO,10,0,10,5,1,14,Electrical Store E-01,28000,280000,ON_GRN
6150100300,6150100300,I-10106,Ø105x145 CERAMIC HEATER WITH COVER,BO,10,0,10,5,1,10,Central Store,2500,25000,ON_GRN
6150200300,6150200300,I-10107,Ø105x40 MICA HEATER,BO,10,0,10,5,1,10,Central Store,2500,25000,ON_GRN
6150100400,6150100400,I-10109,Ø125x130 CERAMIC HEATER WITH COVER,BO,10,0,10,5,1,10,Central Store,2500,25000,ON_GRN
6150200400,6150200400,I-10110,Ø125x40 MICA HEATER,BO,10,0,10,5,1,10,Central Store,2500,25000,ON_GRN
6150100500,6150100500,I-10112,Ø135x150 CERAMIC HEATER WITH COVER,BO,10,0,10,5,1,10,Central Store,2500,25000,ON_GRN
6150200500,6150200500,I-10113,Ø135x60 MICA HEATER,BO,10,0,10,5,1,10,Central Store,2500,25000,ON_GRN
6150400100,6150400100,I-10129,Ø30x30 COIL HEATER,BO,10,0,10,5,1,10,Central Store,2500,25000,ON_GRN
6150200600,6150200600,I-10102,Ø40x40 MICA HEATER,BO,10,0,10,5,1,10,Central Store,2500,25000,ON_GRN
6150300100,6150300100,I-10121,Ø50x40 MICA HEATER SIDE CUT,BO,10,0,10,5,1,10,Central Store,2500,25000,ON_GRN
6150300300,6150300300,I-10123,Ø60x60 MICA HEATER SIDE CUT,BO,10,0,10,5,1,10,Central Store,2500,25000,ON_GRN
6150300400,6150300400,I-10124,Ø75x50 MICA HEATER SIDE CUT,BO,10,0,10,5,1,10,Central Store,2500,25000,ON_GRN
6150100100,6150100100,I-10101,Ø85x115 CERAMIC HEATER WITH COVER,BO,10,0,10,5,1,10,Central Store,2500,25000,ON_GRN
6150200100,6150200100,I-10128,Ø85x30 MICA HEATER,BO,10,0,10,5,1,10,Central Store,2500,25000,ON_GRN
6150100200,6150100200,I-10103,Ø95x130 CERAMIC HEATER WITH COVER,BO,10,0,10,5,1,10,Central Store,2500,25000,ON_GRN
6150200200,6150200200,I-10104,Ø95x40 MICA HEATER,BO,10,0,10,5,1,10,Central Store,2500,25000,ON_GRN
1000310400,1000310400,10001,NEO PRIME 110 - 420 TON (INJECTION UNIT GUIDE ROD TYPE),FG,1,0,1,1,1,30,Dispatch Bay,1800000,1800000,ON_GRN
1000310700,1000310700,10002,NEO PRIME 140 - 635 TON (INJECTION UNIT GUIDE ROD TYPE),FG,1,0,1,1,1,30,Dispatch Bay,2200000,2200000,ON_GRN
1000311000,1000311000,10003,NEO PRIME 170 - 905 TON (INJECTION UNIT GUIDE ROD TYPE),FG,1,0,1,1,1,35,Dispatch Bay,2600000,2600000,ON_GRN
1000311300,1000311300,10004,NEO PRIME 200 - 1520 TON (INJECTION UNIT GUIDE ROD TYPE),FG,1,0,1,1,1,35,Dispatch Bay,3100000,3100000,ON_GRN
1000310100,1000310100,10000,NEO PRIME 90 - 280 TON (INJECTION UNIT GUIDE ROD TYPE),FG,1,0,1,1,1,30,Dispatch Bay,1500000,1500000,ON_GRN
5000798896,5000798896,,DIRECTION CONTROL VALVE - 4 WEH 16 E7,HY,4,0,4,2,1,12,Hydraulics Bay H-01,14500,58000,ON_GRN
5000161261,5000161261,,DIRECTION CONTROL VALVE - 4 WEH 16 EA,HY,4,0,4,2,1,12,Hydraulics Bay H-01,14500,58000,ON_GRN
5000229258,5000229258,,DIRECTION CONTROL VALVE - 4 WEH 16 L7,HY,4,0,4,2,1,12,Hydraulics Bay H-01,14500,58000,ON_GRN
5000274291,5000274291,,DSG-01-2B2B-D24 (YUKEN),HY,4,0,4,2,1,12,Hydraulics Bay H-01,14500,58000,ON_GRN
5000743850,5000743850,,DSG-01-3C2-D24 (YUKEN),HY,4,0,4,2,1,12,Hydraulics Bay H-01,14500,58000,ON_GRN
5000614679,5000614679,,DSG-01-3C4-D24 (YUKEN),HY,4,0,4,2,1,12,Hydraulics Bay H-01,14500,58000,ON_GRN
5000969214,5000969214,,DSG-03-2B10B-D24 (YUKEN),HY,4,0,4,2,1,12,Hydraulics Bay H-01,14500,58000,ON_GRN
5000916177,5000916177,,DSG-03-3C12-D24 (YUKEN),HY,4,0,4,2,1,12,Hydraulics Bay H-01,14500,58000,ON_GRN
5000684353,5000684353,,DSG-03-3C2-D24 (YUKEN),HY,4,0,4,2,1,12,Hydraulics Bay H-01,14500,58000,ON_GRN
5000707760,5000707760,,DSG-03-3C4-D24 (YUKEN),HY,4,0,4,2,1,12,Hydraulics Bay H-01,14500,58000,ON_GRN
5000574550,5000574550,,PILOT OPERATED CHECK VALVE - MCIV-06-01 (PRISM HYD),HY,4,0,4,2,1,12,Hydraulics Bay H-01,14500,58000,ON_GRN
5000485820,5000485820,,PILOT OPERATED CHECK VALVE - MPA-01-4-40H01 (YUKEN),HY,4,0,4,2,1,12,Hydraulics Bay H-01,14500,58000,ON_GRN
5000212478,5000212478,,PILOT OPERATED CHECK VALVE - MPA-03-4-20H01 (YUKEN),HY,4,0,4,2,1,12,Hydraulics Bay H-01,14500,58000,ON_GRN
5000357030,5000357030,,PRESSURE RELIEF VALVE - BG-03-HP32 (YUKEN),HY,4,0,4,2,1,12,Hydraulics Bay H-01,14500,58000,ON_GRN
5000235793,5000235793,,PRESSURE RELIEF VALVE - BG-06-P32 (YUKEN),HY,4,0,4,2,1,12,Hydraulics Bay H-01,14500,58000,ON_GRN
3131100500,3131100500,A-10068,CROSS HEAD LOCKING LIMIT STOP PIN MTG BRACKET,LC,4,0,4,2,1,5,Hardware Bins,150,600,NO_QC
3131100700,3131100700,A-10345,EJECTOR LINEAR MTG BRACKET,LC,4,0,4,2,1,14,Electrical Store E-01,28000,112000,ON_GRN
3130800300,3130800300,A-10707,HEATER WIRE JUNCTION BOX COVER,LC,4,0,4,2,1,10,Central Store,2500,10000,ON_GRN
3131100800,3131100800,A-10587,HEATER WIRE JUNCTION BOX MTG BRACKET,LC,4,0,4,2,1,10,Central Store,2500,10000,ON_GRN
3131000400,3131000400,A-10050,HYD MOTOR PROX SENSOR MTG - 1520,LC,4,0,4,2,1,14,Electrical Store E-01,28000,112000,ON_GRN
3131000500,3131000500,A-10052,HYD MOTOR PROX SENSOR MTG - 2350,LC,4,0,4,2,1,14,Electrical Store E-01,28000,112000,ON_GRN
3131000100,3131000100,A-10046,HYD MOTOR PROX SENSOR MTG - 280,LC,4,0,4,2,1,14,Electrical Store E-01,28000,112000,ON_GRN
3131000200,3131000200,A-10047,HYD MOTOR PROX SENSOR MTG - 635,LC,4,0,4,2,1,14,Electrical Store E-01,28000,112000,ON_GRN
3131000300,3131000300,A-10049,HYD MOTOR PROX SENSOR MTG - 905,LC,4,0,4,2,1,14,Electrical Store E-01,28000,112000,ON_GRN
3131100900,3131100900,A-10123,HYD MOTOR RPM PROXY SENSOR MTG BRACKET,LC,4,0,4,2,1,14,Electrical Store E-01,28000,112000,ON_GRN
3131300500,3131300500,A-10602,INJECTION GUARD SUPPORT BRACKET - 1520,LC,4,0,4,2,1,10,Central Store,2500,10000,ON_GRN
3131300100,3131300100,A-10497,INJECTION GUARD SUPPORT BRACKET - 280,LC,4,0,4,2,1,10,Central Store,2500,10000,ON_GRN
3131300200,3131300200,A-10496,INJECTION GUARD SUPPORT BRACKET - 420,LC,4,0,4,2,1,10,Central Store,2500,10000,ON_GRN
3131300300,3131300300,A-10600,INJECTION GUARD SUPPORT BRACKET - 635,LC,4,0,4,2,1,10,Central Store,2500,10000,ON_GRN
3131300400,3131300400,A-10601,INJECTION GUARD SUPPORT BRACKET - 905,LC,4,0,4,2,1,10,Central Store,2500,10000,ON_GRN
3131101700,3131101700,A-10062,INJECTION LINEAR MOUNTING BRACKET - 1520,LC,4,0,4,2,1,14,Electrical Store E-01,28000,112000,ON_GRN
3131101000,3131101000,A-10055,INJECTION LINEAR MOUNTING BRACKET - 280,LC,4,0,4,2,1,14,Electrical Store E-01,28000,112000,ON_GRN
3131101400,3131101400,A-10056,INJECTION LINEAR MOUNTING BRACKET - 420,LC,4,0,4,2,1,14,Electrical Store E-01,28000,112000,ON_GRN
3131101500,3131101500,A-10058,INJECTION LINEAR MOUNTING BRACKET - 635,LC,4,0,4,2,1,14,Electrical Store E-01,28000,112000,ON_GRN
3131101600,3131101600,A-10059,INJECTION LINEAR MOUNTING BRACKET - 905,LC,4,0,4,2,1,14,Electrical Store E-01,28000,112000,ON_GRN
3131101800,3131101800,A-10071,INJECTION LINEAR SHAFT MTG BRACKET - 1520,LC,4,0,4,2,1,14,Electrical Store E-01,28000,112000,ON_GRN
3131101100,3131101100,A-10069,INJECTION LINEAR SHAFT MTG BRACKET - 280,LC,4,0,4,2,1,14,Electrical Store E-01,28000,112000,ON_GRN
3130800100,3130800100,A-10705,JUNCTION BOX COVER,LC,4,0,4,2,1,10,Central Store,2500,10000,ON_GRN
3131100300,3131100300,A-10131,"MOLD HEIGHT STOP LIMIT SWITCH 
OPERATING PIN MTG BRACKET",LC,4,0,4,2,1,5,Hardware Bins,150,600,NO_QC
3131100400,3131100400,A-10132,MOLD HEIGHT STOP LIMIT SWITCH MTG BRACKET,LC,4,0,4,2,1,10,Central Store,2500,10000,ON_GRN
3131101200,3131101200,A-10074,NOZZLE CYLINDER LIMIT SWITCH PIN MTG BRACKET,LC,4,0,4,2,1,5,Hardware Bins,150,600,NO_QC
3131101300,3131101300,A-10344,NOZZLE CYLINDER STOP LIMIT SWITCH MTG BRACKET,LC,4,0,4,2,1,10,Central Store,2500,10000,ON_GRN
3131100100,3131100100,A-10585,PLC BOX  MTG TOP BRACKET,LC,4,0,4,2,1,14,Electrical Store E-01,28000,112000,ON_GRN
3130800200,3130800200,A-10706,PLC BOX COVER,LC,4,0,4,2,1,14,Electrical Store E-01,28000,112000,ON_GRN
3131100200,3131100200,A-10586,PLC BOX MTG BOTTOM BRACKET,LC,4,0,4,2,1,14,Electrical Store E-01,28000,112000,ON_GRN
3131100600,3131100600,A-10072,TOGGLE LIMIT SWITCH MTG BRACKET,LC,4,0,4,2,1,10,Central Store,2500,10000,ON_GRN
4110004300,4110004300,A-10437,BARREL ADAPT Ø30 - 280,MC,4,2,6,2,1,15,Machining WIP Bay,24000,144000,ON_GRN
4110005100,4110005100,A-10438,BARREL ADAPT Ø35 - 280,MC,4,2,6,2,1,15,Machining WIP Bay,24000,144000,ON_GRN
4110011300,4110011300,A-10440,BARREL ADAPT Ø35 - 420,MC,4,2,6,2,1,15,Machining WIP Bay,24000,144000,ON_GRN
4110005700,4110005700,A-10439,BARREL ADAPT Ø40 - 280,MC,4,2,6,2,1,15,Machining WIP Bay,24000,144000,ON_GRN
4110011600,4110011600,A-10441,BARREL ADAPT Ø40 - 420,MC,4,2,6,2,1,15,Machining WIP Bay,24000,144000,ON_GRN
4110016100,4110016100,A-10443,BARREL ADAPT Ø40 - 635,MC,4,2,6,2,1,15,Machining WIP Bay,24000,144000,ON_GRN
4110011900,4110011900,A-10442,BARREL ADAPT Ø45 - 420,MC,4,2,6,2,1,15,Machining WIP Bay,24000,144000,ON_GRN
4110016700,4110016700,A-10444,BARREL ADAPT Ø45 - 635,MC,4,2,6,2,1,15,Machining WIP Bay,24000,144000,ON_GRN
4110021700,4110021700,A-10446,BARREL ADAPT Ø45 - 905,MC,4,2,6,2,1,15,Machining WIP Bay,24000,144000,ON_GRN
4110026800,4110026800,A-10449,BARREL ADAPT Ø50 - 1520,MC,4,2,6,2,1,15,Machining WIP Bay,24000,144000,ON_GRN
4110017000,4110017000,A-10445,BARREL ADAPT Ø50 - 635,MC,4,2,6,2,1,15,Machining WIP Bay,24000,144000,ON_GRN
4110022400,4110022400,A-10447,BARREL ADAPT Ø50 - 905,MC,4,2,6,2,1,15,Machining WIP Bay,24000,144000,ON_GRN
4110027400,4110027400,A-10450,BARREL ADAPT Ø60 - 1520,MC,4,2,6,2,1,15,Machining WIP Bay,24000,144000,ON_GRN
4110029800,4110029800,A-10452,BARREL ADAPT Ø60 - 2350,MC,4,2,6,2,1,15,Machining WIP Bay,24000,144000,ON_GRN
4110022700,4110022700,A-10448,BARREL ADAPT Ø60 - 905,MC,4,2,6,2,1,15,Machining WIP Bay,24000,144000,ON_GRN
4110027700,4110027700,A-10451,BARREL ADAPT Ø70 - 1520,MC,4,2,6,2,1,15,Machining WIP Bay,24000,144000,ON_GRN
4110030400,4110030400,A-10453,BARREL ADAPT Ø70 - 2350,MC,4,2,6,2,1,15,Machining WIP Bay,24000,144000,ON_GRN
4110030700,4110030700,A-10454,BARREL ADAPT Ø80 - 2350,MC,4,2,6,2,1,15,Machining WIP Bay,24000,144000,ON_GRN
4020102700,4020102700,A-10366,BARREL CHECKNUT M105 X 4P - 1520,MC,4,0,4,2,1,5,Hardware Bins,150,600,NO_QC
4020102900,4020102900,A-10365,BARREL CHECKNUT M120 X 4P - 2350,MC,4,0,4,2,1,5,Hardware Bins,150,600,NO_QC
4020101900,4020101900,A-10370,BARREL CHECKNUT M70 X 3P - 280,MC,4,0,4,2,1,5,Hardware Bins,150,600,NO_QC
4020102100,4020102100,A-10369,BARREL CHECKNUT M80 X 3P - 420,MC,4,0,4,2,1,5,Hardware Bins,150,600,NO_QC
4020102300,4020102300,A-10368,BARREL CHECKNUT M85 X 3P - 635,MC,4,0,4,2,1,5,Hardware Bins,150,600,NO_QC
4020102500,4020102500,A-10367,BARREL CHECKNUT M95 X 4P - 905,MC,4,0,4,2,1,5,Hardware Bins,150,600,NO_QC
4110004800,4110004800,A-10053,BARREL LOCK PIN,MC,4,0,4,2,1,5,Hardware Bins,150,600,NO_QC
4020102600,4020102600,A-10360,BARREL NUT M105 X 4P - 1520,MC,4,0,4,2,1,5,Hardware Bins,150,600,NO_QC
4020102800,4020102800,A-10359,BARREL NUT M120 X 4P - 2350,MC,4,0,4,2,1,5,Hardware Bins,150,600,NO_QC
4020101800,4020101800,A-10364,BARREL NUT M70 X 3P - 280,MC,4,0,4,2,1,5,Hardware Bins,150,600,NO_QC
4020102000,4020102000,A-10363,BARREL NUT M80 X 3P - 420,MC,4,0,4,2,1,5,Hardware Bins,150,600,NO_QC
4020102200,4020102200,A-10362,BARREL NUT M85 X 3P - 635,MC,4,0,4,2,1,5,Hardware Bins,150,600,NO_QC
4020102400,4020102400,A-10361,BARREL NUT M95 X4P - 905,MC,4,0,4,2,1,5,Hardware Bins,150,600,NO_QC
4110025700,4110025700,A-10024,BARREL PLATE - 1520 (STOCK-280),MC,4,2,6,2,1,15,Machining WIP Bay,24000,144000,ON_GRN
4110028700,4110028700,A-10025,BARREL PLATE - 2350 (STOCK-315),MC,4,2,6,2,1,15,Machining WIP Bay,24000,144000,ON_GRN
4110002900,4110002900,A-10020,BARREL PLATE - 280 (STOCK-150),MC,4,2,6,2,1,15,Machining WIP Bay,24000,144000,ON_GRN
4110010600,4110010600,A-10021,BARREL PLATE - 420 (STOCK-175),MC,4,2,6,2,1,15,Machining WIP Bay,24000,144000,ON_GRN
4110015000,4110015000,A-10022,BARREL PLATE - 635 (STOCK-210),MC,4,2,6,2,1,15,Machining WIP Bay,24000,144000,ON_GRN
4110020600,4110020600,A-10023,BARREL PLATE - 905 (STOCK-245),MC,4,2,6,2,1,15,Machining WIP Bay,24000,144000,ON_GRN
4110003800,4110003800,A-10401,BARREL Ø30 - 280,MC,4,2,6,2,1,15,Machining WIP Bay,24000,144000,ON_GRN
4110004900,4110004900,A-10402,BARREL Ø35 - 280,MC,4,2,6,2,1,15,Machining WIP Bay,24000,144000,ON_GRN
4110011100,4110011100,A-10404,BARREL Ø35 - 420,MC,4,2,6,2,1,15,Machining WIP Bay,24000,144000,ON_GRN
4110005500,4110005500,A-10403,BARREL Ø40 - 280,MC,4,2,6,2,1,15,Machining WIP Bay,24000,144000,ON_GRN
4110011400,4110011400,A-10405,BARREL Ø40 - 420,MC,4,2,6,2,1,15,Machining WIP Bay,24000,144000,ON_GRN
4110015900,4110015900,A-10407,BARREL Ø40 - 635,MC,4,2,6,2,1,15,Machining WIP Bay,24000,144000,ON_GRN
4110011700,4110011700,A-10406,BARREL Ø45 - 420,MC,4,2,6,2,1,15,Machining WIP Bay,24000,144000,ON_GRN
4110016500,4110016500,A-10408,BARREL Ø45 - 635,MC,4,2,6,2,1,15,Machining WIP Bay,24000,144000,ON_GRN
4110021500,4110021500,A-10410,BARREL Ø45 - 905,MC,4,2,6,2,1,15,Machining WIP Bay,24000,144000,ON_GRN
4110026600,4110026600,A-10413,BARREL Ø50 - 1520,MC,4,2,6,2,1,15,Machining WIP Bay,24000,144000,ON_GRN
4110016800,4110016800,A-10409,BARREL Ø50 - 635,MC,4,2,6,2,1,15,Machining WIP Bay,24000,144000,ON_GRN
4110022200,4110022200,A-10411,BARREL Ø50 - 905,MC,4,2,6,2,1,15,Machining WIP Bay,24000,144000,ON_GRN
4110027200,4110027200,A-10414,BARREL Ø60 - 1520,MC,4,2,6,2,1,15,Machining WIP Bay,24000,144000,ON_GRN
4110029600,4110029600,A-10416,BARREL Ø60 - 2350,MC,4,2,6,2,1,15,Machining WIP Bay,24000,144000,ON_GRN
4110022500,4110022500,A-10412,BARREL Ø60 - 905,MC,4,2,6,2,1,15,Machining WIP Bay,24000,144000,ON_GRN
4110027500,4110027500,A-10415,BARREL Ø70 - 1520,MC,4,2,6,2,1,15,Machining WIP Bay,24000,144000,ON_GRN
4110030200,4110030200,A-10417,BARREL Ø70 - 2350,MC,4,2,6,2,1,15,Machining WIP Bay,24000,144000,ON_GRN
4110030500,4110030500,A-10418,BARREL Ø80 - 2350,MC,4,2,6,2,1,15,Machining WIP Bay,24000,144000,ON_GRN
4110026300,4110026300,A-10029,BEARING HOUSING - 1520,MC,4,2,6,2,1,15,Machining WIP Bay,24000,144000,ON_GRN
4110029300,4110029300,A-10030,BEARING HOUSING - 2350,MC,4,2,6,2,1,15,Machining WIP Bay,24000,144000,ON_GRN
4110003500,4110003500,A-10026,BEARING HOUSING - 280,MC,4,2,6,2,1,15,Machining WIP Bay,24000,144000,ON_GRN
4110015600,4110015600,A-10027,BEARING HOUSING - 635,MC,4,2,6,2,1,15,Machining WIP Bay,24000,144000,ON_GRN
4110021200,4110021200,A-10028,BEARING HOUSING - 905,MC,4,2,6,2,1,15,Machining WIP Bay,24000,144000,ON_GRN
4110009100,4110009100,A-10154,BINARY LINK - 110 TON,MC,4,2,6,2,1,15,Machining WIP Bay,24000,144000,ON_GRN
4110013300,4110013300,A-10153,BINARY LINK - 140 TON,MC,4,2,6,2,1,15,Machining WIP Bay,24000,144000,ON_GRN
4110018800,4110018800,A-10152,BINARY LINK - 170 TON,MC,4,2,6,2,1,15,Machining WIP Bay,24000,144000,ON_GRN
4110024000,4110024000,A-10151,BINARY LINK - 200 TON,MC,4,2,6,2,1,15,Machining WIP Bay,24000,144000,ON_GRN
4110000700,4110000700,A-10155,BINARY LINK - 90 TON,MC,4,2,6,2,1,15,Machining WIP Bay,24000,144000,ON_GRN
4110008900,4110008900,A-10179,CROSS HEAD - 110 TON,MC,4,2,6,2,1,15,Machining WIP Bay,24000,144000,ON_GRN
4110013100,4110013100,A-10178,CROSS HEAD - 140 TON,MC,4,2,6,2,1,15,Machining WIP Bay,24000,144000,ON_GRN
4110018600,4110018600,A-10177,CROSS HEAD - 170 TON,MC,4,2,6,2,1,15,Machining WIP Bay,24000,144000,ON_GRN
4110023800,4110023800,A-10176,CROSS HEAD - 200 TON,MC,4,2,6,2,1,15,Machining WIP Bay,24000,144000,ON_GRN
4110000500,4110000500,A-10180,CROSS HEAD - 90 TON,MC,4,2,6,2,1,15,Machining WIP Bay,24000,144000,ON_GRN
4040100700,4040100700,A-10985,CROSS HEAD BUSH Ø55 X Ø45 X 30LG - 90 TON,MC,4,2,6,2,1,15,Machining WIP Bay,24000,144000,ON_GRN
4040100800,4040100800,A-10986,CROSS HEAD BUSH Ø60 X Ø50 X 30LG - 110 TON,MC,4,2,6,2,1,15,Machining WIP Bay,24000,144000,ON_GRN
4040100900,4040100900,A-10987,CROSS HEAD BUSH Ø65 X Ø55 X 33LG - 140 TON,MC,4,2,6,2,1,15,Machining WIP Bay,24000,144000,ON_GRN
4040101100,4040101100,A-10989,CROSS HEAD BUSH Ø75 X Ø65 X 38LG - 200 TON,MC,4,2,6,2,1,15,Machining WIP Bay,24000,144000,ON_GRN
4110010200,4110010200,A-10219,CROSS HEAD GUIDE ROD LOCATING PLATE - 110 TON,MC,4,2,6,2,1,15,Machining WIP Bay,24000,144000,ON_GRN
4110014500,4110014500,A-10218,CROSS HEAD GUIDE ROD LOCATING PLATE - 140 TON,MC,4,2,6,2,1,15,Machining WIP Bay,24000,144000,ON_GRN
4110019900,4110019900,A-10217,CROSS HEAD GUIDE ROD LOCATING PLATE - 170 TON,MC,4,2,6,2,1,15,Machining WIP Bay,24000,144000,ON_GRN
4110025200,4110025200,A-10216,CROSS HEAD GUIDE ROD LOCATING PLATE - 200 TON,MC,4,2,6,2,1,15,Machining WIP Bay,24000,144000,ON_GRN
4110001900,4110001900,A-10220,CROSS HEAD GUIDE ROD LOCATING PLATE - 90 TON,MC,4,2,6,2,1,15,Machining WIP Bay,24000,144000,ON_GRN
4110001800,4110001800,A-10215,CROSS HEAD GUIDE ROD Ø45 - 90 TON,MC,4,2,6,2,1,15,Machining WIP Bay,24000,144000,ON_GRN
4110010100,4110010100,A-10214,CROSS HEAD GUIDE ROD Ø50 - 110 TON,MC,4,2,6,2,1,15,Machining WIP Bay,24000,144000,ON_GRN
4110014400,4110014400,A-10213,CROSS HEAD GUIDE ROD Ø55 - 140 TON,MC,4,2,6,2,1,15,Machining WIP Bay,24000,144000,ON_GRN
4110019800,4110019800,A-10212,CROSS HEAD GUIDE ROD Ø60 - 170 TON,MC,4,2,6,2,1,15,Machining WIP Bay,24000,144000,ON_GRN
4110025100,4110025100,A-10211,CROSS HEAD GUIDE ROD Ø65 - 200 TON,MC,4,2,6,2,1,15,Machining WIP Bay,24000,144000,ON_GRN
4110017900,4110017900,A-12052,CROSS HEAD LIMIT SWITCH OPERATING PIN-140,MC,4,0,4,2,1,5,Hardware Bins,150,600,NO_QC
4110023300,4110023300,A-10927,CROSS HEAD LIMIT SWITCH OPERATING PIN-170,MC,4,0,4,2,1,5,Hardware Bins,150,600,NO_QC
4110028300,4110028300,A-12028,CROSS HEAD LIMIT SWITCH OPERATING PIN-200,MC,4,0,4,2,1,5,Hardware Bins,150,600,NO_QC
4110007600,4110007600,A-10800,CROSS HEAD LIMIT SWITCH OPERATING PIN-90,MC,4,0,4,2,1,5,Hardware Bins,150,600,NO_QC
4110009000,4110009000,A-10174,CROSS HEAD LINK - 110 TON,MC,4,2,6,2,1,15,Machining WIP Bay,24000,144000,ON_GRN
4110013200,4110013200,A-10173,CROSS HEAD LINK - 140 TON,MC,4,2,6,2,1,15,Machining WIP Bay,24000,144000,ON_GRN
4110018700,4110018700,A-10172,CROSS HEAD LINK - 170 TON,MC,4,2,6,2,1,15,Machining WIP Bay,24000,144000,ON_GRN
4110023900,4110023900,A-10171,CROSS HEAD LINK - 200 TON,MC,4,2,6,2,1,15,Machining WIP Bay,24000,144000,ON_GRN
4110000600,4110000600,A-10175,CROSS HEAD LINK - 90 TON,MC,4,2,6,2,1,15,Machining WIP Bay,24000,144000,ON_GRN
4110001200,4110001200,A-10263,DIE HEIGHT MOTOR MTG BRACKET - 90 TON,MC,4,0,4,2,1,14,Electrical Store E-01,28000,112000,ON_GRN
4020101500,4020101500,A-10033,DRIVE SHAFT CHECK NUT - 1520 (M90 X 4),MC,4,0,4,2,1,5,Hardware Bins,150,600,NO_QC
4020101700,4020101700,A-10034,DRIVE SHAFT CHECK NUT - 2350 (M110 X 4),MC,4,0,4,2,1,5,Hardware Bins,150,600,NO_QC
4020101100,4020101100,A-10031,DRIVE SHAFT CHECK NUT - 280 (M70 X 3),MC,4,0,4,2,1,5,Hardware Bins,150,600,NO_QC
4020101300,4020101300,A-10032,DRIVE SHAFT CHECK NUT - 635 (M80 X 3),MC,4,0,4,2,1,5,Hardware Bins,150,600,NO_QC
4020101400,4020101400,A-10037,DRIVE SHAFT NUT - 1520 (M90 X 4),MC,4,0,4,2,1,5,Hardware Bins,150,600,NO_QC
4020101600,4020101600,A-10038,DRIVE SHAFT NUT - 2350 (M110 X 4),MC,4,0,4,2,1,5,Hardware Bins,150,600,NO_QC
4020101000,4020101000,A-10035,DRIVE SHAFT NUT - 280 (M70 X 3),MC,4,0,4,2,1,5,Hardware Bins,150,600,NO_QC
4020101200,4020101200,A-10036,DRIVE SHAFT NUT - 635 (M80 X 3),MC,4,0,4,2,1,5,Hardware Bins,150,600,NO_QC
4110026500,4110026500,A-10079,DRIVE SHAFT OIL SEAL FLANGE - 1520,MC,4,0,4,2,1,7,Standard Bought-out Store,850,3400,ON_GRN
4110029500,4110029500,A-10080,DRIVE SHAFT OIL SEAL FLANGE - 2350,MC,4,0,4,2,1,7,Standard Bought-out Store,850,3400,ON_GRN
4110003700,4110003700,A-10076,DRIVE SHAFT OIL SEAL FLANGE - 280,MC,4,0,4,2,1,7,Standard Bought-out Store,850,3400,ON_GRN
4110015800,4110015800,A-10077,DRIVE SHAFT OIL SEAL FLANGE - 635,MC,4,0,4,2,1,7,Standard Bought-out Store,850,3400,ON_GRN
4110021400,4110021400,A-10078,DRIVE SHAFT OIL SEAL FLANGE - 905,MC,4,0,4,2,1,7,Standard Bought-out Store,850,3400,ON_GRN
6160100500,6160100500,,DSG-03-3C4-D24 (YUKEN),MC,4,0,4,2,1,12,Hydraulics Bay H-01,14500,58000,ON_GRN
4110020100,4110020100,A-10222,EJECTOR CYLINDER MTG PLATE - 170 TON,MC,4,2,6,2,1,15,Machining WIP Bay,24000,144000,ON_GRN
4110002200,4110002200,A-10221,EJECTOR CYLINDER MTG PLATE - 90 TON,MC,4,2,6,2,1,15,Machining WIP Bay,24000,144000,ON_GRN
4110017600,4110017600,A-10354,EJECTOR MANIFOLD NG10,MC,4,0,4,2,1,12,Hydraulics Bay H-01,14500,58000,ON_GRN
4110006500,4110006500,A-10355,EJECTOR MANIFOLD NG6,MC,4,0,4,2,1,12,Hydraulics Bay H-01,14500,58000,ON_GRN
4110000400,4110000400,A-10223,EJECTOR PLATE - 90 TON,MC,4,2,6,2,1,15,Machining WIP Bay,24000,144000,ON_GRN
4110010400,4110010400,A-10228,EJECTOR PLATE GUIDE ROD - 110 TON,MC,4,2,6,2,1,15,Machining WIP Bay,24000,144000,ON_GRN
4110014700,4110014700,A-10227,EJECTOR PLATE GUIDE ROD - 140 TON,MC,4,2,6,2,1,15,Machining WIP Bay,24000,144000,ON_GRN
4110020200,4110020200,A-10226,EJECTOR PLATE GUIDE ROD - 170 TON,MC,4,2,6,2,1,15,Machining WIP Bay,24000,144000,ON_GRN
4110025400,4110025400,A-10225,EJECTOR PLATE GUIDE ROD - 170 TON,MC,4,2,6,2,1,15,Machining WIP Bay,24000,144000,ON_GRN
4110002300,4110002300,A-10229,EJECTOR PLATE GUIDE ROD - 90 TON,MC,4,2,6,2,1,15,Machining WIP Bay,24000,144000,ON_GRN
4110012300,4110012300,A-10796,EJECTOR ROD - 110 TON,MC,4,2,6,2,1,15,Machining WIP Bay,24000,144000,ON_GRN
4110017700,4110017700,A-10797,EJECTOR ROD - 140 TON,MC,4,2,6,2,1,15,Machining WIP Bay,24000,144000,ON_GRN
4110023100,4110023100,A-10798,EJECTOR ROD - 170 TON,MC,4,2,6,2,1,15,Machining WIP Bay,24000,144000,ON_GRN
4110028100,4110028100,A-10799,EJECTOR ROD - 200 TON,MC,4,2,6,2,1,15,Machining WIP Bay,24000,144000,ON_GRN
4110006700,4110006700,A-10795,EJECTOR ROD - 90 TON,MC,4,2,6,2,1,15,Machining WIP Bay,24000,144000,ON_GRN
4110008800,4110008800,A-10184,END PLATE - 110 TON,MC,4,2,6,2,1,15,Machining WIP Bay,24000,144000,ON_GRN
4110013000,4110013000,A-10183,END PLATE - 140 TON,MC,4,2,6,2,1,15,Machining WIP Bay,24000,144000,ON_GRN
4110018500,4110018500,A-10182,END PLATE - 170 TON,MC,4,2,6,2,1,15,Machining WIP Bay,24000,144000,ON_GRN
4110023700,4110023700,A-10181,END PLATE - 200 TON,MC,4,2,6,2,1,15,Machining WIP Bay,24000,144000,ON_GRN
4110000300,4110000300,A-10185,END PLATE - 90 TON,MC,4,2,6,2,1,15,Machining WIP Bay,24000,144000,ON_GRN
4110004600,4110004600,A-10044,FEED SCREW COUPLING - 30,MC,4,0,4,2,1,5,Hardware Bins,150,600,NO_QC
4110006200,4110006200,A-10045,FEED SCREW COUPLING - 35,MC,4,0,4,2,1,5,Hardware Bins,150,600,NO_QC
4110016300,4110016300,A-10048,FEED SCREW COUPLING - 40,MC,4,0,4,2,1,5,Hardware Bins,150,600,NO_QC
4110022000,4110022000,A-10051,FEED SCREW COUPLING - 45,MC,4,0,4,2,1,5,Hardware Bins,150,600,NO_QC
4110027000,4110027000,A-10054,FEED SCREW COUPLING - 50,MC,4,0,4,2,1,5,Hardware Bins,150,600,NO_QC
4110030000,4110030000,A-10057,FEED SCREW COUPLING - 60,MC,4,0,4,2,1,5,Hardware Bins,150,600,NO_QC
4010100900,4010100900,A-10242,GEAR NUT - 110 TON (MODULE-3 TEETH-48),MC,4,2,6,2,1,14,WIP Rack - Gears,12500,75000,ON_GRN
4010101000,4010101000,A-10243,GEAR NUT - 140 TON (MODULE-3 TEETH-53),MC,4,2,6,2,1,14,WIP Rack - Gears,12500,75000,ON_GRN
4010101100,4010101100,A-10244,GEAR NUT - 170 TON (MODULE-3 TEETH-58),MC,4,2,6,2,1,14,WIP Rack - Gears,12500,75000,ON_GRN
4010101200,4010101200,A-10245,GEAR NUT - 200 TON (MODULE-3 TEETH-60),MC,4,2,6,2,1,14,WIP Rack - Gears,12500,75000,ON_GRN
4010100800,4010100800,A-10241,GEAR NUT - 90 TON (MODULE-3 TEETH-46),MC,4,2,6,2,1,14,WIP Rack - Gears,12500,75000,ON_GRN
4110009500,4110009500,A-10254,GEAR NUT RETAINER - 110 TON,MC,4,2,6,2,1,14,WIP Rack - Gears,12500,75000,ON_GRN
4110013700,4110013700,A-10253,GEAR NUT RETAINER - 140 TON,MC,4,2,6,2,1,14,WIP Rack - Gears,12500,75000,ON_GRN
4110019200,4110019200,A-10252,GEAR NUT RETAINER - 170 TON,MC,4,2,6,2,1,14,WIP Rack - Gears,12500,75000,ON_GRN
4110024400,4110024400,A-10251,GEAR NUT RETAINER - 200 TON,MC,4,2,6,2,1,14,WIP Rack - Gears,12500,75000,ON_GRN
4110001100,4110001100,A-10255,GEAR NUT RETAINER - 90 TON,MC,4,2,6,2,1,14,WIP Rack - Gears,12500,75000,ON_GRN
4030100200,4030100200,A-10247,GEAR NUT SPACER - 110 TON,MC,4,2,6,2,1,14,WIP Rack - Gears,12500,75000,ON_GRN
4030100300,4030100300,A-10248,GEAR NUT SPACER - 140 TON,MC,4,2,6,2,1,14,WIP Rack - Gears,12500,75000,ON_GRN
4030100400,4030100400,A-10249,GEAR NUT SPACER - 170 TON,MC,4,2,6,2,1,14,WIP Rack - Gears,12500,75000,ON_GRN
4030100500,4030100500,A-10250,GEAR NUT SPACER - 200 TON,MC,4,2,6,2,1,14,WIP Rack - Gears,12500,75000,ON_GRN
4030100100,4030100100,A-10246,GEAR NUT SPACER - 90 TON,MC,4,2,6,2,1,14,WIP Rack - Gears,12500,75000,ON_GRN
4110008000,4110008000,A-12035,GREASE PUMP MOUNTING PLATE,MC,4,0,4,2,1,12,Hydraulics Bay H-01,14500,58000,ON_GRN
4110003400,4110003400,A-10312,HYDRAULIC ROD BUSH - Ø50,MC,4,2,6,2,1,15,Machining WIP Bay,24000,144000,ON_GRN
4110015500,4110015500,A-10313,HYDRAULIC ROD BUSH - Ø60,MC,4,2,6,2,1,15,Machining WIP Bay,24000,144000,ON_GRN
4110021100,4110021100,A-10314,HYDRAULIC ROD BUSH - Ø70,MC,4,2,6,2,1,15,Machining WIP Bay,24000,144000,ON_GRN
4110026200,4110026200,A-10315,HYDRAULIC ROD BUSH - Ø75,MC,4,2,6,2,1,15,Machining WIP Bay,24000,144000,ON_GRN
4110029200,4110029200,A-10316,HYDRAULIC ROD BUSH - Ø80,MC,4,2,6,2,1,15,Machining WIP Bay,24000,144000,ON_GRN
4110025900,4110025900,A-10107,INJECTION CYLINDER END CAP - 1520,MC,4,2,6,2,1,15,Machining WIP Bay,24000,144000,ON_GRN
4110028900,4110028900,A-10108,INJECTION CYLINDER END CAP - 1520,MC,4,2,6,2,1,15,Machining WIP Bay,24000,144000,ON_GRN
4110003100,4110003100,A-10103,INJECTION CYLINDER END CAP - 280,MC,4,2,6,2,1,15,Machining WIP Bay,24000,144000,ON_GRN
4110010800,4110010800,A-10104,INJECTION CYLINDER END CAP - 420,MC,4,2,6,2,1,15,Machining WIP Bay,24000,144000,ON_GRN
4110015200,4110015200,A-10105,INJECTION CYLINDER END CAP - 635,MC,4,2,6,2,1,15,Machining WIP Bay,24000,144000,ON_GRN
4110020800,4110020800,A-10106,INJECTION CYLINDER END CAP - 905,MC,4,2,6,2,1,15,Machining WIP Bay,24000,144000,ON_GRN
4110025800,4110025800,A-10113,INJECTION CYLINDER FRONT CAP - 1520,MC,4,2,6,2,1,15,Machining WIP Bay,24000,144000,ON_GRN
4110028800,4110028800,A-10114,INJECTION CYLINDER FRONT CAP - 1520,MC,4,2,6,2,1,15,Machining WIP Bay,24000,144000,ON_GRN
4110003000,4110003000,A-10109,INJECTION CYLINDER FRONT CAP - 280,MC,4,2,6,2,1,15,Machining WIP Bay,24000,144000,ON_GRN
4110010700,4110010700,A-10110,INJECTION CYLINDER FRONT CAP - 420,MC,4,2,6,2,1,15,Machining WIP Bay,24000,144000,ON_GRN
4110015100,4110015100,A-10111,INJECTION CYLINDER FRONT CAP - 635,MC,4,2,6,2,1,15,Machining WIP Bay,24000,144000,ON_GRN
4110020700,4110020700,A-10112,INJECTION CYLINDER FRONT CAP - 905,MC,4,2,6,2,1,15,Machining WIP Bay,24000,144000,ON_GRN
4110026000,4110026000,A-10095,INJECTION CYLINDER ROD - 1520,MC,4,2,6,2,1,15,Machining WIP Bay,24000,144000,ON_GRN
4110029000,4110029000,A-10096,INJECTION CYLINDER ROD - 1520,MC,4,2,6,2,1,15,Machining WIP Bay,24000,144000,ON_GRN
4110003200,4110003200,A-10091,INJECTION CYLINDER ROD - 280,MC,4,2,6,2,1,15,Machining WIP Bay,24000,144000,ON_GRN
4110010900,4110010900,A-10092,INJECTION CYLINDER ROD - 420,MC,4,2,6,2,1,15,Machining WIP Bay,24000,144000,ON_GRN
4110015300,4110015300,A-10093,INJECTION CYLINDER ROD - 635,MC,4,2,6,2,1,15,Machining WIP Bay,24000,144000,ON_GRN
4110020900,4110020900,A-10094,INJECTION CYLINDER ROD - 905,MC,4,2,6,2,1,15,Machining WIP Bay,24000,144000,ON_GRN
4020100700,4020100700,A-10086,INJECTION CYLINDER ROD NUT - 280 (M40 X 2),MC,4,0,4,2,1,5,Hardware Bins,150,600,NO_QC
4020100800,4020100800,A-10087,INJECTION CYLINDER ROD NUT - 635 (M50 X 2),MC,4,0,4,2,1,5,Hardware Bins,150,600,NO_QC
4020100900,4020100900,A-10088,INJECTION CYLINDER ROD NUT - 905 (M60 X 2),MC,4,0,4,2,1,5,Hardware Bins,150,600,NO_QC
4110025600,4110025600,A-10084,INJECTION CYLINDER ROD NUT RETAINER - 1520,MC,4,0,4,2,1,5,Hardware Bins,150,600,NO_QC
4110028600,4110028600,A-10085,INJECTION CYLINDER ROD NUT RETAINER - 2350,MC,4,0,4,2,1,5,Hardware Bins,150,600,NO_QC
4110002800,4110002800,A-10081,INJECTION CYLINDER ROD NUT RETAINER - 280,MC,4,0,4,2,1,5,Hardware Bins,150,600,NO_QC
4110014900,4110014900,A-10082,INJECTION CYLINDER ROD NUT RETAINER - 635,MC,4,0,4,2,1,5,Hardware Bins,150,600,NO_QC
4110020500,4110020500,A-10083,INJECTION CYLINDER ROD NUT RETAINER - 905,MC,4,0,4,2,1,5,Hardware Bins,150,600,NO_QC
4110007400,4110007400,A-10011,INJECTION FRAME MTG BOLT M27 X 35LG,MC,4,0,4,2,1,5,Hardware Bins,150,600,NO_QC
4110007500,4110007500,A-10588,INJECTION GUARD MTG STUD,MC,4,2,6,2,1,15,Machining WIP Bay,24000,144000,ON_GRN
4110002600,4110002600,A-10013,INJECTION GUIDE ROD SUPPORT - 60,MC,4,2,6,2,1,15,Machining WIP Bay,24000,144000,ON_GRN
4110020300,4110020300,A-10012,INJECTION GUIDE ROD SUPPORT Ø70 - 905,MC,4,2,6,2,1,15,Machining WIP Bay,24000,144000,ON_GRN
4110002700,4110002700,A-10014,INJECTION GUIDE ROD Ø60 - 280,MC,4,2,6,2,1,15,Machining WIP Bay,24000,144000,ON_GRN
4110010500,4110010500,A-10015,INJECTION GUIDE ROD Ø60 - 420,MC,4,2,6,2,1,15,Machining WIP Bay,24000,144000,ON_GRN
4110014800,4110014800,A-10016,INJECTION GUIDE ROD Ø60 - 635,MC,4,2,6,2,1,15,Machining WIP Bay,24000,144000,ON_GRN
4110025500,4110025500,A-10018,INJECTION GUIDE ROD Ø70 - 1520,MC,4,2,6,2,1,15,Machining WIP Bay,24000,144000,ON_GRN
4110028500,4110028500,A-10019,INJECTION GUIDE ROD Ø70 - 2350,MC,4,2,6,2,1,15,Machining WIP Bay,24000,144000,ON_GRN
4110020400,4110020400,A-10017,INJECTION GUIDE ROD Ø70 - 905,MC,4,2,6,2,1,15,Machining WIP Bay,24000,144000,ON_GRN
4110006300,4110006300,A-10352,INJECTION MANIFOLD - NG10,MC,4,0,4,2,1,12,Hydraulics Bay H-01,14500,58000,ON_GRN
4110017400,4110017400,A-10353,INJECTION MANIFOLD - NG16,MC,4,0,4,2,1,12,Hydraulics Bay H-01,14500,58000,ON_GRN
4110028400,4110028400,A-10390,INJECTION MANIFOLD MTG PLATE - 1520,MC,4,0,4,2,1,12,Hydraulics Bay H-01,14500,58000,ON_GRN
4110007800,4110007800,A-10385,INJECTION MANIFOLD MTG PLATE - 280,MC,4,0,4,2,1,12,Hydraulics Bay H-01,14500,58000,ON_GRN
4110012600,4110012600,A-10387,INJECTION MANIFOLD MTG PLATE - 420,MC,4,0,4,2,1,12,Hydraulics Bay H-01,14500,58000,ON_GRN
4110018100,4110018100,A-10388,INJECTION MANIFOLD MTG PLATE - 635,MC,4,0,4,2,1,12,Hydraulics Bay H-01,14500,58000,ON_GRN
4110023400,4110023400,A-10389,INJECTION MANIFOLD MTG PLATE - 905,MC,4,0,4,2,1,12,Hydraulics Bay H-01,14500,58000,ON_GRN
4110007900,4110007900,A-10386,INJECTION MANIFOLD MTG STRIP - 280,MC,4,0,4,2,1,12,Hydraulics Bay H-01,14500,58000,ON_GRN
4110012700,4110012700,A-10491,INJECTION MANIFOLD MTG STRIP - 420,MC,4,0,4,2,1,12,Hydraulics Bay H-01,14500,58000,ON_GRN
4110018200,4110018200,A-10490,INJECTION MANIFOLD MTG STRIP - 635,MC,4,0,4,2,1,12,Hydraulics Bay H-01,14500,58000,ON_GRN
4110003300,4110003300,A-10097,INJECTION PISTON Ø100 - 280,MC,4,2,6,2,1,15,Machining WIP Bay,24000,144000,ON_GRN
4110011000,4110011000,A-10098,INJECTION PISTON Ø110 - 420,MC,4,2,6,2,1,15,Machining WIP Bay,24000,144000,ON_GRN
4110015400,4110015400,A-10099,INJECTION PISTON Ø125 - 635,MC,4,2,6,2,1,15,Machining WIP Bay,24000,144000,ON_GRN
4110021000,4110021000,A-10100,INJECTION PISTON Ø140 - 905,MC,4,2,6,2,1,15,Machining WIP Bay,24000,144000,ON_GRN
4110026100,4110026100,A-10101,INJECTION PISTON Ø165 - 1520,MC,4,2,6,2,1,15,Machining WIP Bay,24000,144000,ON_GRN
4110029100,4110029100,A-10102,INJECTION PISTON Ø190 - 1520,MC,4,2,6,2,1,15,Machining WIP Bay,24000,144000,ON_GRN
4110007300,4110007300,A-12014,INJECTION UNIT SETTING BLOCK,MC,4,0,4,2,1,14,Sub-Assembly Area,85000,340000,DURING_ASSEMBLY
4110006400,4110006400,A-11197,LOCKING MANIFOLD NG10-NG6-NG6,MC,4,0,4,2,1,12,Hydraulics Bay H-01,14500,58000,ON_GRN
4110017500,4110017500,A-11196,LOCKING MANIFOLD NG16-NG6-NG6,MC,4,0,4,2,1,12,Hydraulics Bay H-01,14500,58000,ON_GRN
4110002400,4110002400,A-10264,MOLD HEIGHT ADJUSTMENT GEAR - 90 TON (MODULE-3 TEETH-18),MC,4,2,6,2,1,14,WIP Rack - Gears,12500,75000,ON_GRN
4110018000,4110018000,A-10703,MOLD HEIGHT STOP LIMIT SWITCH OPERATING PIN-140 TON,MC,4,0,4,2,1,5,Hardware Bins,150,600,NO_QC
4110007700,4110007700,A-10350,MOLD HEIGHT STOP LIMIT SWITCH OPERATING PIN-90 TON,MC,4,0,4,2,1,5,Hardware Bins,150,600,NO_QC
4040100400,4040100400,A-10209,MOVING PLATE BUSH Ø105 X Ø90 X 55LG - 170 TON,MC,4,2,6,2,1,15,Machining WIP Bay,24000,144000,ON_GRN
4040100500,4040100500,A-10210,MOVING PLATE BUSH Ø110 X Ø95 X 60LG - 200 TON,MC,4,2,6,2,1,15,Machining WIP Bay,24000,144000,ON_GRN
4040100100,4040100100,A-10206,MOVING PLATE BUSH Ø80 X Ø65 X 40LG - 90 TON,MC,4,2,6,2,1,15,Machining WIP Bay,24000,144000,ON_GRN
4040100200,4040100200,A-10207,MOVING PLATE BUSH Ø85 X Ø70 X 45LG - 110 TON,MC,4,2,6,2,1,15,Machining WIP Bay,24000,144000,ON_GRN
4040100300,4040100300,A-10208,MOVING PLATE BUSH Ø95 X Ø80 X 50LG - 140 TON,MC,4,2,6,2,1,15,Machining WIP Bay,24000,144000,ON_GRN
4110013800,4110013800,A-10231,MOVING PLATE SLIDING BLOCK - 140 TON,MC,4,2,6,2,1,15,Machining WIP Bay,24000,144000,ON_GRN
4110024500,4110024500,A-10230,MOVING PLATE SLIDING BLOCK - 200 TON,MC,4,2,6,2,1,15,Machining WIP Bay,24000,144000,ON_GRN
4110008700,4110008700,A-10149,MOVING PLATE TOGGLE - 110 TON,MC,4,2,6,2,1,15,Machining WIP Bay,24000,144000,ON_GRN
4110012900,4110012900,A-10148,MOVING PLATE TOGGLE - 140 TON,MC,4,2,6,2,1,15,Machining WIP Bay,24000,144000,ON_GRN
4110018400,4110018400,A-10147,MOVING PLATE TOGGLE - 170 TON,MC,4,2,6,2,1,15,Machining WIP Bay,24000,144000,ON_GRN
4110023600,4110023600,A-10146,MOVING PLATE TOGGLE - 200 TON,MC,4,2,6,2,1,15,Machining WIP Bay,24000,144000,ON_GRN
4110000200,4110000200,A-10150,MOVING PLATE TOGGLE - 90 TON,MC,4,2,6,2,1,15,Machining WIP Bay,24000,144000,ON_GRN
4110010300,4110010300,A-10204,MOVING PLATE WIPER RETAINER - 110 TON,MC,4,0,4,2,1,7,Standard Bought-out Store,850,3400,ON_GRN
4110014600,4110014600,A-10203,MOVING PLATE WIPER RETAINER - 140 TON,MC,4,0,4,2,1,7,Standard Bought-out Store,850,3400,ON_GRN
4110020000,4110020000,A-10202,MOVING PLATE WIPER RETAINER - 170 TON,MC,4,0,4,2,1,7,Standard Bought-out Store,850,3400,ON_GRN
4110025300,4110025300,A-10201,MOVING PLATE WIPER RETAINER - 200 TON,MC,4,0,4,2,1,7,Standard Bought-out Store,850,3400,ON_GRN
4110002000,4110002000,A-10205,MOVING PLATE WIPER RETAINER - 90 TON,MC,4,0,4,2,1,7,Standard Bought-out Store,850,3400,ON_GRN
4110012400,4110012400,A-10392,NOZZLE CYLINDER EXTENSION ROD 110-420,MC,4,2,6,2,1,15,Machining WIP Bay,24000,144000,ON_GRN
4110017800,4110017800,A-10393,NOZZLE CYLINDER EXTENSION ROD 140-635,MC,4,2,6,2,1,15,Machining WIP Bay,24000,144000,ON_GRN
4110023200,4110023200,A-10394,NOZZLE CYLINDER EXTENSION ROD 170-905,MC,4,2,6,2,1,15,Machining WIP Bay,24000,144000,ON_GRN
4110028200,4110028200,A-10396,NOZZLE CYLINDER EXTENSION ROD 200-1520,MC,4,2,6,2,1,15,Machining WIP Bay,24000,144000,ON_GRN
4110006800,4110006800,A-10118,NOZZLE CYLINDER EXTENSION ROD 90-280,MC,4,2,6,2,1,15,Machining WIP Bay,24000,144000,ON_GRN
4110006900,4110006900,A-10115,NOZZLE CYLINDER EXTENSION ROD MTG,MC,4,2,6,2,1,15,Machining WIP Bay,24000,144000,ON_GRN
4110007000,4110007000,A-10116,NOZZLE CYLINDER EXTENSION ROD MTG BUSH,MC,4,2,6,2,1,15,Machining WIP Bay,24000,144000,ON_GRN
4110007100,4110007100,A-10348,NOZZLE CYLINDER STOP LIMIT SWITCH OPERATING PIN,MC,4,0,4,2,1,5,Hardware Bins,150,600,NO_QC
4110007200,4110007200,A-10349,NOZZLE CYLINDER STOP SLIDER,MC,4,2,6,2,1,15,Machining WIP Bay,24000,144000,ON_GRN
4110002100,4110002100,A-10463,NOZZLE TIP LOCATING RING Ø160 - 90 TON,MC,4,2,6,2,1,15,Machining WIP Bay,24000,144000,ON_GRN
4110004400,4110004400,A-10941,NOZZLE TIP LONG - M30 X 2P X 115LG,MC,4,2,6,2,1,15,Machining WIP Bay,24000,144000,ON_GRN
4110021800,4110021800,A-10942,NOZZLE TIP LONG - M45 X 3P X 153LG,MC,4,2,6,2,1,15,Machining WIP Bay,24000,144000,ON_GRN
6180100200,6180100200,,PILOT OPERATED CHECK VALVE - MPA-03-4-20H01 (YUKEN),MC,4,0,4,2,1,12,Hydraulics Bay H-01,14500,58000,ON_GRN
4110006600,4110006600,A-10351,PRESSURE MANIFOLD BG06,MC,4,0,4,2,1,12,Hydraulics Bay H-01,14500,58000,ON_GRN
4110026400,4110026400,A-10042,SCREW DRIVE SHAFT - 1520,MC,4,0,4,2,1,5,Hardware Bins,150,600,NO_QC
4110029400,4110029400,A-10043,SCREW DRIVE SHAFT - 2350,MC,4,0,4,2,1,5,Hardware Bins,150,600,NO_QC
4110003600,4110003600,A-10039,SCREW DRIVE SHAFT - 280,MC,4,0,4,2,1,5,Hardware Bins,150,600,NO_QC
4110015700,4110015700,A-10040,SCREW DRIVE SHAFT - 635,MC,4,0,4,2,1,5,Hardware Bins,150,600,NO_QC
4110021300,4110021300,A-10041,SCREW DRIVE SHAFT - 905,MC,4,0,4,2,1,5,Hardware Bins,150,600,NO_QC
4110027100,4110027100,A-10793,SCREW KEY - 1520,MC,4,0,4,2,1,5,Hardware Bins,150,600,NO_QC
4110030100,4110030100,A-10794,SCREW KEY - 2350,MC,4,0,4,2,1,5,Hardware Bins,150,600,NO_QC
4110004700,4110004700,A-10790,SCREW KEY - 280,MC,4,0,4,2,1,5,Hardware Bins,150,600,NO_QC
4110016400,4110016400,A-10791,SCREW KEY - 635,MC,4,0,4,2,1,5,Hardware Bins,150,600,NO_QC
4110022100,4110022100,A-10792,SCREW KEY - 905,MC,4,0,4,2,1,5,Hardware Bins,150,600,NO_QC
4110004000,4110004000,A-10455,SCREW TIP - 30,MC,4,0,4,2,1,5,Hardware Bins,150,600,NO_QC
4110005200,4110005200,A-10456,SCREW TIP - 35,MC,4,0,4,2,1,5,Hardware Bins,150,600,NO_QC
4110005800,4110005800,A-10457,SCREW TIP - 40,MC,4,0,4,2,1,5,Hardware Bins,150,600,NO_QC
4110012000,4110012000,A-10458,SCREW TIP - 45,MC,4,0,4,2,1,5,Hardware Bins,150,600,NO_QC
4110017100,4110017100,A-10459,SCREW TIP - 50,MC,4,0,4,2,1,5,Hardware Bins,150,600,NO_QC
4110022800,4110022800,A-10460,SCREW TIP - 60,MC,4,0,4,2,1,5,Hardware Bins,150,600,NO_QC
4110027800,4110027800,A-10461,SCREW TIP - 70,MC,4,0,4,2,1,5,Hardware Bins,150,600,NO_QC
4110030800,4110030800,A-10462,SCREW TIP - 80,MC,4,0,4,2,1,5,Hardware Bins,150,600,NO_QC
4110003900,4110003900,A-10419,SCREW Ø30 - 280,MC,4,0,4,2,1,5,Hardware Bins,150,600,NO_QC
4110005000,4110005000,A-10420,SCREW Ø35 - 280,MC,4,0,4,2,1,5,Hardware Bins,150,600,NO_QC
4110011200,4110011200,A-10422,SCREW Ø35 - 420,MC,4,0,4,2,1,5,Hardware Bins,150,600,NO_QC
4110005600,4110005600,A-10421,SCREW Ø40 - 280,MC,4,0,4,2,1,5,Hardware Bins,150,600,NO_QC
4110011500,4110011500,A-10423,SCREW Ø40 - 420,MC,4,0,4,2,1,5,Hardware Bins,150,600,NO_QC
4110016000,4110016000,A-10425,SCREW Ø40 - 635,MC,4,0,4,2,1,5,Hardware Bins,150,600,NO_QC
4110011800,4110011800,A-10424,SCREW Ø45 - 420,MC,4,0,4,2,1,5,Hardware Bins,150,600,NO_QC
4110016600,4110016600,A-10426,SCREW Ø45 - 635,MC,4,0,4,2,1,5,Hardware Bins,150,600,NO_QC
4110021600,4110021600,A-10428,SCREW Ø45 - 905,MC,4,0,4,2,1,5,Hardware Bins,150,600,NO_QC
4110026700,4110026700,A-10431,SCREW Ø50 - 1520,MC,4,0,4,2,1,5,Hardware Bins,150,600,NO_QC
4110016900,4110016900,A-10427,SCREW Ø50 - 635,MC,4,0,4,2,1,5,Hardware Bins,150,600,NO_QC
4110022300,4110022300,A-10429,SCREW Ø50 - 905,MC,4,0,4,2,1,5,Hardware Bins,150,600,NO_QC
4110027300,4110027300,A-10432,SCREW Ø60 - 1520,MC,4,0,4,2,1,5,Hardware Bins,150,600,NO_QC
4110029700,4110029700,A-10434,SCREW Ø60 - 2350,MC,4,0,4,2,1,5,Hardware Bins,150,600,NO_QC
4110022600,4110022600,A-10430,SCREW Ø60 - 905,MC,4,0,4,2,1,5,Hardware Bins,150,600,NO_QC
4110027600,4110027600,A-10433,SCREW Ø70 - 1520,MC,4,0,4,2,1,5,Hardware Bins,150,600,NO_QC
4110030300,4110030300,A-10435,SCREW Ø70 - 2350,MC,4,0,4,2,1,5,Hardware Bins,150,600,NO_QC
4110030600,4110030600,A-10436,SCREW Ø80 - 2350,MC,4,0,4,2,1,5,Hardware Bins,150,600,NO_QC
4110004100,4110004100,A-10464,SLIDER - 30,MC,4,2,6,2,1,15,Machining WIP Bay,24000,144000,ON_GRN
4110005300,4110005300,A-10465,SLIDER - 35,MC,4,2,6,2,1,15,Machining WIP Bay,24000,144000,ON_GRN
4110005900,4110005900,A-10466,SLIDER - 40,MC,4,2,6,2,1,15,Machining WIP Bay,24000,144000,ON_GRN
4110012100,4110012100,A-10467,SLIDER - 45,MC,4,2,6,2,1,15,Machining WIP Bay,24000,144000,ON_GRN
4110017200,4110017200,A-10468,SLIDER - 50,MC,4,2,6,2,1,15,Machining WIP Bay,24000,144000,ON_GRN
4110022900,4110022900,A-10469,SLIDER - 60,MC,4,2,6,2,1,15,Machining WIP Bay,24000,144000,ON_GRN
4110027900,4110027900,A-10470,SLIDER - 70,MC,4,2,6,2,1,15,Machining WIP Bay,24000,144000,ON_GRN
4110030900,4110030900,A-10471,SLIDER - 80,MC,4,2,6,2,1,15,Machining WIP Bay,24000,144000,ON_GRN
4110004200,4110004200,A-10472,SLIDER SEAT - 30,MC,4,2,6,2,1,15,Machining WIP Bay,24000,144000,ON_GRN
4110005400,4110005400,A-10473,SLIDER SEAT - 35,MC,4,2,6,2,1,15,Machining WIP Bay,24000,144000,ON_GRN
4110006000,4110006000,A-10474,SLIDER SEAT - 40,MC,4,2,6,2,1,15,Machining WIP Bay,24000,144000,ON_GRN
4110012200,4110012200,A-10475,SLIDER SEAT - 45,MC,4,2,6,2,1,15,Machining WIP Bay,24000,144000,ON_GRN
4110017300,4110017300,A-10476,SLIDER SEAT - 50,MC,4,2,6,2,1,15,Machining WIP Bay,24000,144000,ON_GRN
4110023000,4110023000,A-10477,SLIDER SEAT - 60,MC,4,2,6,2,1,15,Machining WIP Bay,24000,144000,ON_GRN
4110028000,4110028000,A-10478,SLIDER SEAT - 70,MC,4,2,6,2,1,15,Machining WIP Bay,24000,144000,ON_GRN
4110031000,4110031000,A-10479,SLIDER SEAT - 80,MC,4,2,6,2,1,15,Machining WIP Bay,24000,144000,ON_GRN
4030200100,4030200100,A-10262,SP WASHER Ø35 X Ø12.5 X 10 THK,MC,4,2,6,2,1,15,Machining WIP Bay,24000,144000,ON_GRN
4110004500,4110004500,A-10060,SPLIT COLLAR - 30,MC,4,2,6,2,1,15,Machining WIP Bay,24000,144000,ON_GRN
4110006100,4110006100,A-10067,SPLIT COLLAR - 35,MC,4,2,6,2,1,15,Machining WIP Bay,24000,144000,ON_GRN
4110016200,4110016200,A-10064,SPLIT COLLAR - 40,MC,4,2,6,2,1,15,Machining WIP Bay,24000,144000,ON_GRN
4110021900,4110021900,A-10063,SPLIT COLLAR - 45,MC,4,2,6,2,1,15,Machining WIP Bay,24000,144000,ON_GRN
4110026900,4110026900,A-10070,SPLIT COLLAR - 50,MC,4,2,6,2,1,15,Machining WIP Bay,24000,144000,ON_GRN
4110029900,4110029900,A-10073,SPLIT COLLAR - 60,MC,4,2,6,2,1,15,Machining WIP Bay,24000,144000,ON_GRN
4110008600,4110008600,A-10144,STATIONARY PLATE TOGGLE - 110 TON,MC,4,2,6,2,1,15,Machining WIP Bay,24000,144000,ON_GRN
4110012800,4110012800,A-10143,STATIONARY PLATE TOGGLE - 140 TON,MC,4,2,6,2,1,15,Machining WIP Bay,24000,144000,ON_GRN
4110018300,4110018300,A-10142,STATIONARY PLATE TOGGLE - 170 TON,MC,4,2,6,2,1,15,Machining WIP Bay,24000,144000,ON_GRN
4110023500,4110023500,A-10141,STATIONARY PLATE TOGGLE - 200 TON,MC,4,2,6,2,1,15,Machining WIP Bay,24000,144000,ON_GRN
4110000100,4110000100,A-10145,STATIONARY PLATE TOGGLE - 90 TON,MC,4,2,6,2,1,15,Machining WIP Bay,24000,144000,ON_GRN
4010100300,4010100300,A-10259,SUN GEAR - 110 TON (MODULE-3 TEETH-178),MC,4,2,6,2,1,14,WIP Rack - Gears,12500,75000,ON_GRN
4010100400,4010100400,A-10258,SUN GEAR - 140 TON (MODULE-3 TEETH-197),MC,4,2,6,2,1,14,WIP Rack - Gears,12500,75000,ON_GRN
4010100500,4010100500,A-10257,SUN GEAR - 170 TON (MODULE-3 TEETH-215),MC,4,2,6,2,1,14,WIP Rack - Gears,12500,75000,ON_GRN
4010100600,4010100600,A-10256,SUN GEAR - 200 TON (MODULE-3 TEETH-240),MC,4,2,6,2,1,14,WIP Rack - Gears,12500,75000,ON_GRN
4010100200,4010100200,A-10260,SUN GEAR - 90 TON (MODULE-3 TEETH-159),MC,4,2,6,2,1,14,WIP Rack - Gears,12500,75000,ON_GRN
4110002500,4110002500,A-10261,SUN GEAR BEARING SUPPORT SHAFT,MC,4,2,6,2,1,14,WIP Rack - Gears,12500,75000,ON_GRN
4110009200,4110009200,A-10166,TERNARY LINK - 110 TON,MC,4,2,6,2,1,15,Machining WIP Bay,24000,144000,ON_GRN
4110013400,4110013400,A-10163,TERNARY LINK - 140 TON,MC,4,2,6,2,1,15,Machining WIP Bay,24000,144000,ON_GRN
4110018900,4110018900,A-10160,TERNARY LINK - 170 TON,MC,4,2,6,2,1,15,Machining WIP Bay,24000,144000,ON_GRN
4110024100,4110024100,A-10156,TERNARY LINK - 200 TON,MC,4,2,6,2,1,15,Machining WIP Bay,24000,144000,ON_GRN
4110000800,4110000800,A-10170,TERNARY LINK - 90 TON,MC,4,2,6,2,1,15,Machining WIP Bay,24000,144000,ON_GRN
4110009400,4110009400,A-10167,TERNARY LINK LH - 110 TON,MC,4,2,6,2,1,15,Machining WIP Bay,24000,144000,ON_GRN
4110013600,4110013600,A-10164,TERNARY LINK LH - 140 TON,MC,4,2,6,2,1,15,Machining WIP Bay,24000,144000,ON_GRN
4110019100,4110019100,A-10159,TERNARY LINK LH - 170 TON,MC,4,2,6,2,1,15,Machining WIP Bay,24000,144000,ON_GRN
4110024300,4110024300,A-10158,TERNARY LINK LH - 200 TON,MC,4,2,6,2,1,15,Machining WIP Bay,24000,144000,ON_GRN
4110001000,4110001000,A-10169,TERNARY LINK LH - 90 TON,MC,4,2,6,2,1,15,Machining WIP Bay,24000,144000,ON_GRN
4110009300,4110009300,A-10165,TERNARY LINK RH - 110 TON,MC,4,2,6,2,1,15,Machining WIP Bay,24000,144000,ON_GRN
4110013500,4110013500,A-10162,TERNARY LINK RH - 140 TON,MC,4,2,6,2,1,15,Machining WIP Bay,24000,144000,ON_GRN
4110019000,4110019000,A-10161,TERNARY LINK RH - 170 TON,MC,4,2,6,2,1,15,Machining WIP Bay,24000,144000,ON_GRN
4110024200,4110024200,A-10157,TERNARY LINK RH - 200 TON,MC,4,2,6,2,1,15,Machining WIP Bay,24000,144000,ON_GRN
4110000900,4110000900,A-10168,TERNARY LINK RH - 90 TON,MC,4,2,6,2,1,15,Machining WIP Bay,24000,144000,ON_GRN
4110009700,4110009700,A-10127,TIE BAR LOCATING PLATE - 110 TON,MC,4,2,6,2,1,15,Machining WIP Bay,24000,144000,ON_GRN
4110014000,4110014000,A-10128,TIE BAR LOCATING PLATE - 140 TON,MC,4,2,6,2,1,15,Machining WIP Bay,24000,144000,ON_GRN
4110019400,4110019400,A-10129,TIE BAR LOCATING PLATE - 170 TON,MC,4,2,6,2,1,15,Machining WIP Bay,24000,144000,ON_GRN
4110024700,4110024700,A-10130,TIE BAR LOCATING PLATE - 200 TON,MC,4,2,6,2,1,15,Machining WIP Bay,24000,144000,ON_GRN
4110001400,4110001400,A-10126,TIE BAR LOCATING PLATE - 90 TON,MC,4,2,6,2,1,15,Machining WIP Bay,24000,144000,ON_GRN
4020100100,4020100100,A-10089,TIE BAR NUT M65 X 3 - 90 TON TOGGLE,MC,4,0,4,2,1,5,Hardware Bins,150,600,NO_QC
4020100200,4020100200,A-10090,TIE BAR NUT M70 X 3 - 110 TON TOGGLE,MC,4,0,4,2,1,5,Hardware Bins,150,600,NO_QC
4020100300,4020100300,A-10133,TIE BAR NUT M80 X 3 - 140 TON TOGGLE,MC,4,0,4,2,1,5,Hardware Bins,150,600,NO_QC
4020100400,4020100400,A-10134,TIE BAR NUT M90 X 3 - 170 TON TOGGLE,MC,4,0,4,2,1,5,Hardware Bins,150,600,NO_QC
4020100500,4020100500,A-10135,TIE BAR NUT M95 X 3  - 200 TON TOGGLE,MC,4,0,4,2,1,5,Hardware Bins,150,600,NO_QC
4110001300,4110001300,A-10136,TIE BAR Ø65 - 90 TON TOGGLE,MC,4,2,6,2,1,15,Machining WIP Bay,24000,144000,ON_GRN
4110009600,4110009600,A-10137,TIE BAR Ø70 - 110 TON TOGGLE,MC,4,2,6,2,1,15,Machining WIP Bay,24000,144000,ON_GRN
4110013900,4110013900,A-10138,TIE BAR Ø80 - 140 TON TOGGLE,MC,4,2,6,2,1,15,Machining WIP Bay,24000,144000,ON_GRN
4110019300,4110019300,A-10139,TIE BAR Ø90 - 170 TON TOGGLE,MC,4,2,6,2,1,15,Machining WIP Bay,24000,144000,ON_GRN
4110024600,4110024600,A-10140,TIE BAR Ø95 - 200 TON TOGGLE,MC,4,2,6,2,1,15,Machining WIP Bay,24000,144000,ON_GRN
4040200700,4040200700,A-10196,TOGGLE BIG GRAPHITE BUSH Ø70 X Ø55 X 60LG - 90 TON,MC,4,2,6,2,1,15,Machining WIP Bay,24000,144000,ON_GRN
4040200800,4040200800,A-10197,TOGGLE BIG GRAPHITE BUSH Ø75 X Ø60 X 70LG - 110 TON,MC,4,2,6,2,1,15,Machining WIP Bay,24000,144000,ON_GRN
4040200900,4040200900,A-10199,TOGGLE BIG GRAPHITE BUSH Ø85 X Ø70 X 75LG - 140 TON,MC,4,2,6,2,1,15,Machining WIP Bay,24000,144000,ON_GRN
4040201000,4040201000,A-10198,TOGGLE BIG GRAPHITE BUSH Ø90 X Ø75 X 85LG - 170 TON,MC,4,2,6,2,1,15,Machining WIP Bay,24000,144000,ON_GRN
4040201100,4040201100,A-10200,TOGGLE BIG GRAPHITE BUSH Ø95 X Ø80 X 95LG - 200 TON,MC,4,2,6,2,1,15,Machining WIP Bay,24000,144000,ON_GRN
4110001700,4110001700,A-10329,TOGGLE BIG PIN Ø55 - 90 TON,MC,4,0,4,2,1,5,Hardware Bins,150,600,NO_QC
4110010000,4110010000,A-10330,TOGGLE BIG PIN Ø60 - 110 TON,MC,4,0,4,2,1,5,Hardware Bins,150,600,NO_QC
4110014300,4110014300,A-10331,TOGGLE BIG PIN Ø70 - 140 TON,MC,4,0,4,2,1,5,Hardware Bins,150,600,NO_QC
4110019700,4110019700,A-10332,TOGGLE BIG PIN Ø70 - 170 TON,MC,4,0,4,2,1,5,Hardware Bins,150,600,NO_QC
4110025000,4110025000,A-10333,TOGGLE BIG PIN Ø80 - 200 TON,MC,4,0,4,2,1,5,Hardware Bins,150,600,NO_QC
4040200100,4040200100,A-10191,TOGGLE SMALL GRAPHITE BUSH Ø40 X Ø30 X 55LG - 90 TON,MC,4,2,6,2,1,15,Machining WIP Bay,24000,144000,ON_GRN
4040200200,4040200200,A-10192,TOGGLE SMALL GRAPHITE BUSH Ø45 X Ø35 X 60LG - 110 TON,MC,4,2,6,2,1,15,Machining WIP Bay,24000,144000,ON_GRN
4040200300,4040200300,A-10193,TOGGLE SMALL GRAPHITE BUSH Ø50 X Ø40 X 65LG - 140 TON,MC,4,2,6,2,1,15,Machining WIP Bay,24000,144000,ON_GRN
4040200400,4040200400,A-10195,TOGGLE SMALL GRAPHITE BUSH Ø55 X Ø45 X 70LG - 170 TON,MC,4,2,6,2,1,15,Machining WIP Bay,24000,144000,ON_GRN
4040200500,4040200500,A-10194,TOGGLE SMALL GRAPHITE BUSH Ø60 X Ø50 X 75LG - 200 TON,MC,4,2,6,2,1,15,Machining WIP Bay,24000,144000,ON_GRN
4110024900,4110024900,A-10190,TOGGLE SMALL PIN LOCKING STRIP - 200 TON,MC,4,0,4,2,1,5,Hardware Bins,150,600,NO_QC
4110009900,4110009900,A-10187,TOGGLE SMALL PIN LOCKING STRIP – 110 TON,MC,4,0,4,2,1,5,Hardware Bins,150,600,NO_QC
4110014200,4110014200,A-10189,TOGGLE SMALL PIN LOCKING STRIP – 140 TON,MC,4,0,4,2,1,5,Hardware Bins,150,600,NO_QC
4110019600,4110019600,A-10188,TOGGLE SMALL PIN LOCKING STRIP – 170 TON,MC,4,0,4,2,1,5,Hardware Bins,150,600,NO_QC
4110001600,4110001600,A-10186,TOGGLE SMALL PIN LOCKING STRIP – 90 TON,MC,4,0,4,2,1,5,Hardware Bins,150,600,NO_QC
4110001500,4110001500,A-10334,TOGGLE SMALL PIN Ø30 - 90 TON,MC,4,0,4,2,1,5,Hardware Bins,150,600,NO_QC
4110009800,4110009800,A-10335,TOGGLE SMALL PIN Ø35 - 110 TON,MC,4,0,4,2,1,5,Hardware Bins,150,600,NO_QC
4110014100,4110014100,A-10336,TOGGLE SMALL PIN Ø40 - 140 TON,MC,4,0,4,2,1,5,Hardware Bins,150,600,NO_QC
4110019500,4110019500,A-10337,TOGGLE SMALL PIN Ø45 - 170 TON,MC,4,0,4,2,1,5,Hardware Bins,150,600,NO_QC
4110024800,4110024800,A-10338,TOGGLE SMALL PIN Ø50 - 200 TON,MC,4,0,4,2,1,5,Hardware Bins,150,600,NO_QC
6150300200,6150300200,I-10122,Ø55x50 MICA HEATER SIDE CUT,MC,4,2,6,2,1,15,Machining WIP Bay,24000,144000,ON_GRN
4005010400,4005010400,,BARREL PLATE - 1520 (STOCK-280) (PATTERN),PTN,4,0,4,2,1,25,Pattern Store,35000,140000,NO_QC
4005010600,4005010600,,BARREL PLATE - 2350 (STOCK-315) (PATTERN),PTN,4,0,4,2,1,25,Pattern Store,35000,140000,NO_QC
4005009600,4005009600,,BARREL PLATE - 280 (STOCK-150) (PATTERN),PTN,4,0,4,2,1,25,Pattern Store,35000,140000,NO_QC
4005009800,4005009800,,BARREL PLATE - 420 (STOCK-175) (PATTERN),PTN,4,0,4,2,1,25,Pattern Store,35000,140000,NO_QC
4005010000,4005010000,,BARREL PLATE - 635 (STOCK-210) (PATTERN),PTN,4,0,4,2,1,25,Pattern Store,35000,140000,NO_QC
4005010200,4005010200,,BARREL PLATE - 905 (STOCK-245) (PATTERN),PTN,4,0,4,2,1,25,Pattern Store,35000,140000,NO_QC
4005011800,4005011800,,BEARING HOUSING - 1520 (PATTERN),PTN,4,0,4,2,1,25,Pattern Store,35000,140000,NO_QC
4005012000,4005012000,,BEARING HOUSING - 2350 (PATTERN),PTN,4,0,4,2,1,25,Pattern Store,35000,140000,NO_QC
4005011200,4005011200,,BEARING HOUSING - 280 (PATTERN),PTN,4,0,4,2,1,25,Pattern Store,35000,140000,NO_QC
4005011400,4005011400,,BEARING HOUSING - 635 (PATTERN),PTN,4,0,4,2,1,25,Pattern Store,35000,140000,NO_QC
4005011600,4005011600,,BEARING HOUSING - 905 (PATTERN),PTN,4,0,4,2,1,25,Pattern Store,35000,140000,NO_QC
4005004900,4005004900,,BINARY LINK - 110 TON (PATTERN),PTN,4,0,4,2,1,25,Pattern Store,35000,140000,NO_QC
4005005000,4005005000,,BINARY LINK - 140 TON (PATTERN),PTN,4,0,4,2,1,25,Pattern Store,35000,140000,NO_QC
4005005100,4005005100,,BINARY LINK - 170 TON (PATTERN),PTN,4,0,4,2,1,25,Pattern Store,35000,140000,NO_QC
4005005200,4005005200,,BINARY LINK - 200 TO (PATTERN),PTN,4,0,4,2,1,25,Pattern Store,35000,140000,NO_QC
4005004800,4005004800,,BINARY LINK - 90 TON (PATTERN),PTN,4,0,4,2,1,25,Pattern Store,35000,140000,NO_QC
4005003700,4005003700,,CROSSHEAD - 110 TON (PATTERN),PTN,4,0,4,2,1,25,Pattern Store,35000,140000,NO_QC
4005003800,4005003800,,CROSSHEAD - 140 TON (PATTERN),PTN,4,0,4,2,1,25,Pattern Store,35000,140000,NO_QC
4005003900,4005003900,,CROSSHEAD - 170 TON (PATTERN),PTN,4,0,4,2,1,25,Pattern Store,35000,140000,NO_QC
4005004000,4005004000,,CROSSHEAD - 200 TON (PATTERN),PTN,4,0,4,2,1,25,Pattern Store,35000,140000,NO_QC
4005003600,4005003600,,CROSSHEAD - 90 TON (PATTERN),PTN,4,0,4,2,1,25,Pattern Store,35000,140000,NO_QC
4005004300,4005004300,,CROSSHEAD LINK - 110 TON (PATTERN),PTN,4,0,4,2,1,25,Pattern Store,35000,140000,NO_QC
4005004400,4005004400,,CROSSHEAD LINK - 140 TON (PATTERN),PTN,4,0,4,2,1,25,Pattern Store,35000,140000,NO_QC
4005004500,4005004500,,CROSSHEAD LINK - 170 TON (PATTERN),PTN,4,0,4,2,1,25,Pattern Store,35000,140000,NO_QC
4005004600,4005004600,,CROSSHEAD LINK - 200 TON (PATTERN),PTN,4,0,4,2,1,25,Pattern Store,35000,140000,NO_QC
4005004200,4005004200,,CROSSHEAD LINK - 90 TON (PATTERN),PTN,4,0,4,2,1,25,Pattern Store,35000,140000,NO_QC
4005007500,4005007500,,DIE HEIGHT MOTOR MTG BRACKET - 90 TON (PATTERN),PTN,4,0,4,2,1,25,Pattern Store,35000,140000,NO_QC
4005002900,4005002900,,EJECTOR PLATE  TOGGLE - 90 TON (PATTERN),PTN,4,0,4,2,1,25,Pattern Store,35000,140000,NO_QC
4005002400,4005002400,,END PLATE - 110 TON (PATTERN),PTN,4,0,4,2,1,25,Pattern Store,35000,140000,NO_QC
4005002500,4005002500,,END PLATE - 140 TON (PATTERN),PTN,4,0,4,2,1,25,Pattern Store,35000,140000,NO_QC
4005002600,4005002600,,END PLATE - 170 TON (PATTERN),PTN,4,0,4,2,1,25,Pattern Store,35000,140000,NO_QC
4005002700,4005002700,,END PLATE - 200 TON (PATTERN),PTN,4,0,4,2,1,25,Pattern Store,35000,140000,NO_QC
4005002300,4005002300,,END PLATE - 90 TON (PATTERN),PTN,4,0,4,2,1,25,Pattern Store,35000,140000,NO_QC
4005007000,4005007000,,GEAR NUT RETAINER - 110 TON (PATTERN),PTN,4,0,4,2,1,25,Pattern Store,35000,140000,NO_QC
4005007100,4005007100,,GEAR NUT RETAINER - 140 TON (PATTERN),PTN,4,0,4,2,1,25,Pattern Store,35000,140000,NO_QC
4005007200,4005007200,,GEAR NUT RETAINER - 170 TON (PATTERN),PTN,4,0,4,2,1,25,Pattern Store,35000,140000,NO_QC
4005007300,4005007300,,GEAR NUT RETAINER - 200 TON (PATTERN),PTN,4,0,4,2,1,25,Pattern Store,35000,140000,NO_QC
4005006900,4005006900,,GEAR NUT RETAINER - 90 TON (PATTERN),PTN,4,0,4,2,1,25,Pattern Store,35000,140000,NO_QC
4005013600,4005013600,,HEAT EXCHANGER END CAP - 90 TON (PATTERN),PTN,4,0,4,2,1,25,Pattern Store,35000,140000,NO_QC
4005013500,4005013500,,HEAT EXCHANGER FRONT CAP - 90 TON (PATTERN),PTN,4,0,4,2,1,25,Pattern Store,35000,140000,NO_QC
4005012800,4005012800,,INJ CYL ROD NUT RETAINER - 1520 (PATTERN),PTN,4,0,4,2,1,25,Pattern Store,35000,140000,NO_QC
4005012900,4005012900,,INJ CYL ROD NUT RETAINER - 2350 (PATTERN),PTN,4,0,4,2,1,25,Pattern Store,35000,140000,NO_QC
4005012500,4005012500,,INJ CYL ROD NUT RETAINER - 280 (PATTERN),PTN,4,0,4,2,1,25,Pattern Store,35000,140000,NO_QC
4005012600,4005012600,,INJ CYL ROD NUT RETAINER - 635 (PATTERN),PTN,4,0,4,2,1,25,Pattern Store,35000,140000,NO_QC
4005012700,4005012700,,INJ CYL ROD NUT RETAINER - 905 (PATTERN),PTN,4,0,4,2,1,25,Pattern Store,35000,140000,NO_QC
4005013300,4005013300,,INJECTION GUIDE ROD SUPPORT ID Ø60 - 280 (PATTERN),PTN,4,0,4,2,1,25,Pattern Store,35000,140000,NO_QC
4005013400,4005013400,,INJECTION GUIDE ROD SUPPORT ID Ø70 - 905 (PATTERN),PTN,4,0,4,2,1,25,Pattern Store,35000,140000,NO_QC
4005001400,4005001400,,MOVING PLATE  TOGGLE - 140 TON (PATTERN),PTN,4,0,4,2,1,25,Pattern Store,35000,140000,NO_QC
4005006000,4005006000,,MOVING PLATE SLIDING BLOCK - 140 TON (PATTERN),PTN,4,0,4,2,1,25,Pattern Store,35000,140000,NO_QC
4005006100,4005006100,,MOVING PLATE SLIDING BLOCK - 200 TON (PATTERN),PTN,4,0,4,2,1,25,Pattern Store,35000,140000,NO_QC
4005001300,4005001300,,MOVING PLATE TOGGLE - 110 TON (PATTERN),PTN,4,0,4,2,1,25,Pattern Store,35000,140000,NO_QC
4005001500,4005001500,,MOVING PLATE TOGGLE - 170 TON (PATTERN),PTN,4,0,4,2,1,25,Pattern Store,35000,140000,NO_QC
4005001600,4005001600,,MOVING PLATE TOGGLE - 200 TON (PATTERN),PTN,4,0,4,2,1,25,Pattern Store,35000,140000,NO_QC
4005001200,4005001200,,MOVING PLATE TOGGLE - 90 TON (PATTERN),PTN,4,0,4,2,1,25,Pattern Store,35000,140000,NO_QC
4005000200,4005000200,,STATIONARY PLATE TOGGLE - 110 TON (PATTERN),PTN,4,0,4,2,1,25,Pattern Store,35000,140000,NO_QC
4005000300,4005000300,,STATIONARY PLATE TOGGLE - 140 TON (PATTERN),PTN,4,0,4,2,1,25,Pattern Store,35000,140000,NO_QC
4005000400,4005000400,,STATIONARY PLATE TOGGLE - 170 TON (PATTERN),PTN,4,0,4,2,1,25,Pattern Store,35000,140000,NO_QC
4005000500,4005000500,,STATIONARY PLATE TOGGLE - 200 TON (PATTERN),PTN,4,0,4,2,1,25,Pattern Store,35000,140000,NO_QC
4005000100,4005000100,,STATIONARY PLATE TOGGLE - 90 TON (PATTERN),PTN,4,0,4,2,1,25,Pattern Store,35000,140000,NO_QC
4005006400,4005006400,,SUN GEAR - 110 TON (MODULE-3 TEETH-178) (PATTERN),PTN,4,0,4,2,1,25,Pattern Store,35000,140000,NO_QC
4005006500,4005006500,,SUN GEAR - 140 TON (MODULE-3 TEETH-197) (PATTERN),PTN,4,0,4,2,1,25,Pattern Store,35000,140000,NO_QC
4005006600,4005006600,,SUN GEAR - 170 TON (MODULE-3 TEETH-215)  (PATTERN),PTN,4,0,4,2,1,25,Pattern Store,35000,140000,NO_QC
4005006700,4005006700,,SUN GEAR - 200 TON (MODULE-3 TEETH-240) (PATTERN),PTN,4,0,4,2,1,25,Pattern Store,35000,140000,NO_QC
4005006300,4005006300,,SUN GEAR - 90 TON (MODULE-3 TEETH-159) (PATTERN),PTN,4,0,4,2,1,25,Pattern Store,35000,140000,NO_QC
4005005500,4005005500,,TERNARY LINK - 110 TON (PATTERN),PTN,4,0,4,2,1,25,Pattern Store,35000,140000,NO_QC
4005005600,4005005600,,TERNARY LINK - 140 TON (PATTERN),PTN,4,0,4,2,1,25,Pattern Store,35000,140000,NO_QC
4005005700,4005005700,,TERNARY LINK - 170 TON (PATTERN),PTN,4,0,4,2,1,25,Pattern Store,35000,140000,NO_QC
4005005800,4005005800,,TERNARY LINK - 200 TON (PATTERN),PTN,4,0,4,2,1,25,Pattern Store,35000,140000,NO_QC
4005005400,4005005400,,TERNARY LINK - 90 TON (PATTERN),PTN,4,0,4,2,1,25,Pattern Store,35000,140000,NO_QC
4001010400,4001010400,,BARREL PLATE - 1520 (STOCK-280) (CASTING),RM,4,0,4,2,1,18,Raw Material Yard,18500,74000,ON_GRN
4001010600,4001010600,,BARREL PLATE - 2350 (STOCK-315) (CASTING),RM,4,0,4,2,1,18,Raw Material Yard,18500,74000,ON_GRN
4001009600,4001009600,,BARREL PLATE - 280 (STOCK-150) (CASTING),RM,4,0,4,2,1,18,Raw Material Yard,18500,74000,ON_GRN
4001009800,4001009800,,BARREL PLATE - 420 (STOCK-175) (CASTING),RM,4,0,4,2,1,18,Raw Material Yard,18500,74000,ON_GRN
4001010000,4001010000,,BARREL PLATE - 635 (STOCK-210) (CASTING),RM,4,0,4,2,1,18,Raw Material Yard,18500,74000,ON_GRN
4001010200,4001010200,,BARREL PLATE - 905 (STOCK-245) (CASTING),RM,4,0,4,2,1,18,Raw Material Yard,18500,74000,ON_GRN
4001011800,4001011800,,BEARING HOUSING - 1520 (CASTING),RM,4,0,4,2,1,18,Raw Material Yard,18500,74000,ON_GRN
4001012000,4001012000,,BEARING HOUSING - 2350 (CASTING),RM,4,0,4,2,1,18,Raw Material Yard,18500,74000,ON_GRN
4001011200,4001011200,,BEARING HOUSING - 280 (CASTING),RM,4,0,4,2,1,18,Raw Material Yard,18500,74000,ON_GRN
4001011400,4001011400,,BEARING HOUSING - 635 (CASTING),RM,4,0,4,2,1,18,Raw Material Yard,18500,74000,ON_GRN
4001011600,4001011600,,BEARING HOUSING - 905 (CASTING),RM,4,0,4,2,1,18,Raw Material Yard,18500,74000,ON_GRN
4001004900,4001004900,12205,BINARY LINK - 110 TON (CASTING),RM,4,0,4,2,1,18,Raw Material Yard,18500,74000,ON_GRN
4001005000,4001005000,13205,BINARY LINK - 140 TON (CASTING),RM,4,0,4,2,1,18,Raw Material Yard,18500,74000,ON_GRN
4001005100,4001005100,14205,BINARY LINK - 170 TON (CASTING),RM,4,0,4,2,1,18,Raw Material Yard,18500,74000,ON_GRN
4001005200,4001005200,15205,BINARY LINK - 200 TON (CASTING),RM,4,0,4,2,1,18,Raw Material Yard,18500,74000,ON_GRN
4001004800,4001004800,11205,BINARY LINK - 90 TON (CASTING),RM,4,0,4,2,1,18,Raw Material Yard,18500,74000,ON_GRN
4001003700,4001003700,12204,CROSS HEAD - 110 TON (CASTING),RM,4,0,4,2,1,18,Raw Material Yard,18500,74000,ON_GRN
4001003800,4001003800,13204,CROSS HEAD - 140 TON (CASTING),RM,4,0,4,2,1,18,Raw Material Yard,18500,74000,ON_GRN
4001003900,4001003900,14204,CROSS HEAD - 170 TON (CASTING),RM,4,0,4,2,1,18,Raw Material Yard,18500,74000,ON_GRN
4001004000,4001004000,15204,CROSS HEAD - 200 TON (CASTING),RM,4,0,4,2,1,18,Raw Material Yard,18500,74000,ON_GRN
4001003600,4001003600,11204,CROSS HEAD - 90 TON (CASTING),RM,4,0,4,2,1,18,Raw Material Yard,18500,74000,ON_GRN
4001004300,4001004300,12207,CROSS HEAD LINK - 110 TON (CASTING),RM,4,0,4,2,1,18,Raw Material Yard,18500,74000,ON_GRN
4001004400,4001004400,13207,CROSS HEAD LINK - 140 TON (CASTING),RM,4,0,4,2,1,18,Raw Material Yard,18500,74000,ON_GRN
4001004500,4001004500,14207,CROSS HEAD LINK - 170 TON (CASTING),RM,4,0,4,2,1,18,Raw Material Yard,18500,74000,ON_GRN
4001004600,4001004600,15207,CROSS HEAD LINK - 200 TON (CASTING),RM,4,0,4,2,1,18,Raw Material Yard,18500,74000,ON_GRN
4001004200,4001004200,11207,CROSS HEAD LINK - 90 TON (CASTING),RM,4,0,4,2,1,18,Raw Material Yard,18500,74000,ON_GRN
4001007500,4001007500,11209,DIE HEIGHT MOTOR MTG BRACKET - 90 TON (CASTING),RM,4,0,4,2,1,18,Raw Material Yard,18500,74000,ON_GRN
4001002900,4001002900,,EJECTOR PLATE  TOGGLE - 90 TON (CASTING),RM,4,0,4,2,1,18,Raw Material Yard,18500,74000,ON_GRN
4001002400,4001002400,12203,END PLATE - 110 TON (CASTING),RM,4,0,4,2,1,18,Raw Material Yard,18500,74000,ON_GRN
4001002500,4001002500,13203,END PLATE - 140 TON (CASTING),RM,4,0,4,2,1,18,Raw Material Yard,18500,74000,ON_GRN
4001002600,4001002600,14203,END PLATE - 170 TON (CASTING),RM,4,0,4,2,1,18,Raw Material Yard,18500,74000,ON_GRN
4001002700,4001002700,15203,END PLATE - 200 TON (CASTING),RM,4,0,4,2,1,18,Raw Material Yard,18500,74000,ON_GRN
4001002300,4001002300,11203,END PLATE - 90 TON (CASTING),RM,4,0,4,2,1,18,Raw Material Yard,18500,74000,ON_GRN
4001007000,4001007000,12209,GEAR NUT RETAINER - 110 TON (CASTING),RM,4,0,4,2,1,18,Raw Material Yard,18500,74000,ON_GRN
4001007100,4001007100,13209,GEAR NUT RETAINER - 140 TON (CASTING),RM,4,0,4,2,1,18,Raw Material Yard,18500,74000,ON_GRN
4001007200,4001007200,14209,GEAR NUT RETAINER - 170 TON (CASTING),RM,4,0,4,2,1,18,Raw Material Yard,18500,74000,ON_GRN
4001007300,4001007300,15209,GEAR NUT RETAINER - 200 TON (CASTING),RM,4,0,4,2,1,18,Raw Material Yard,18500,74000,ON_GRN
4001006900,4001006900,11210,GEAR NUT RETAINER - 90 TON (CASTING),RM,4,0,4,2,1,18,Raw Material Yard,18500,74000,ON_GRN
4001013600,4001013600,,HEAT EXCHANGER END CAP - 90 TON (CASTING),RM,4,0,4,2,1,18,Raw Material Yard,18500,74000,ON_GRN
4001013500,4001013500,,HEAT EXCHANGER FRONT CAP - 90 TON (CASTING),RM,4,0,4,2,1,18,Raw Material Yard,18500,74000,ON_GRN
4001012800,4001012800,,INJECTION CYLINDER ROD NUT RETAINER - 1520 (CASTING),RM,4,0,4,2,1,18,Raw Material Yard,18500,74000,ON_GRN
4001012900,4001012900,,INJECTION CYLINDER ROD NUT RETAINER - 2350 (CASTING),RM,4,0,4,2,1,18,Raw Material Yard,18500,74000,ON_GRN
4001012500,4001012500,,INJECTION CYLINDER ROD NUT RETAINER - 280 (CASTING),RM,4,0,4,2,1,18,Raw Material Yard,18500,74000,ON_GRN
4001012600,4001012600,,INJECTION CYLINDER ROD NUT RETAINER - 635 (CASTING),RM,4,0,4,2,1,18,Raw Material Yard,18500,74000,ON_GRN
4001012700,4001012700,,INJECTION CYLINDER ROD NUT RETAINER - 905 (CASTING),RM,4,0,4,2,1,18,Raw Material Yard,18500,74000,ON_GRN
4001013300,4001013300,,INJECTION GUIDE ROD SUPPORT Ø60 - 280 (CASTING),RM,4,0,4,2,1,18,Raw Material Yard,18500,74000,ON_GRN
4001013400,4001013400,,INJECTION GUIDE ROD SUPPORT Ø70 - 905 (CASTING),RM,4,0,4,2,1,18,Raw Material Yard,18500,74000,ON_GRN
4001001400,4001001400,13202,MOVING PLATE  TOGGLE - 140 TON (CASTING),RM,4,0,4,2,1,18,Raw Material Yard,18500,74000,ON_GRN
4001006000,4001006000,,MOVING PLATE SLIDING BLOCK - 140 TON (CASTING),RM,4,0,4,2,1,18,Raw Material Yard,18500,74000,ON_GRN
4001006100,4001006100,,MOVING PLATE SLIDING BLOCK - 200 TON (CASTING),RM,4,0,4,2,1,18,Raw Material Yard,18500,74000,ON_GRN
4001001300,4001001300,12202,MOVING PLATE TOGGLE - 110 TON (CASTING),RM,4,0,4,2,1,18,Raw Material Yard,18500,74000,ON_GRN
4001001500,4001001500,14202,MOVING PLATE TOGGLE - 170 TON (CASTING),RM,4,0,4,2,1,18,Raw Material Yard,18500,74000,ON_GRN
4001001600,4001001600,15202,MOVING PLATE TOGGLE - 200 TON (CASTING),RM,4,0,4,2,1,18,Raw Material Yard,18500,74000,ON_GRN
4001001200,4001001200,11202,MOVING PLATE TOGGLE - 90 TON (CASTING),RM,4,0,4,2,1,18,Raw Material Yard,18500,74000,ON_GRN
4001000200,4001000200,12201,STATIONARY PLATE TOGGLE - 110 TON (CASTING),RM,4,0,4,2,1,18,Raw Material Yard,18500,74000,ON_GRN
4001000300,4001000300,13201,STATIONARY PLATE TOGGLE - 140 TON (CASTING),RM,4,0,4,2,1,18,Raw Material Yard,18500,74000,ON_GRN
4001000400,4001000400,14201,STATIONARY PLATE TOGGLE - 170 TON (CASTING),RM,4,0,4,2,1,18,Raw Material Yard,18500,74000,ON_GRN
4001000500,4001000500,15201,STATIONARY PLATE TOGGLE - 200 TON (CASTING),RM,4,0,4,2,1,18,Raw Material Yard,18500,74000,ON_GRN
4001000100,4001000100,11201,STATIONARY PLATE TOGGLE - 90 TON (CASTING),RM,4,0,4,2,1,18,Raw Material Yard,18500,74000,ON_GRN
4001006400,4001006400,12208,SUN GEAR - 110 TON (MODULE-3 TEETH-178) (CASTING),RM,4,0,4,2,1,18,Raw Material Yard,18500,74000,ON_GRN
4001006500,4001006500,13208,SUN GEAR - 140 TON (MODULE-3 TEETH-197) (CASTING),RM,4,0,4,2,1,18,Raw Material Yard,18500,74000,ON_GRN
4001006600,4001006600,14208,SUN GEAR - 170 TON (MODULE-3 TEETH-215)(CASTING),RM,4,0,4,2,1,18,Raw Material Yard,18500,74000,ON_GRN
4001006700,4001006700,15208,SUN GEAR - 200 TON (MODULE-3 TEETH-240) (CASTING),RM,4,0,4,2,1,18,Raw Material Yard,18500,74000,ON_GRN
4001006300,4001006300,11208,SUN GEAR - 90 TON (MODULE-3 TEETH-159) (CASTING),RM,4,0,4,2,1,18,Raw Material Yard,18500,74000,ON_GRN
4001005500,4001005500,12206,TERNARY LINK - 110 TON (CASTING),RM,4,0,4,2,1,18,Raw Material Yard,18500,74000,ON_GRN
4001005600,4001005600,13206,TERNARY LINK - 140 TON (CASTING),RM,4,0,4,2,1,18,Raw Material Yard,18500,74000,ON_GRN
4001005800,4001005800,15206,TERNARY LINK - 200 TON (CASTING),RM,4,0,4,2,1,18,Raw Material Yard,18500,74000,ON_GRN
4001005400,4001005400,11206,TERNARY LINK - 90 TON (CASTING),RM,4,0,4,2,1,18,Raw Material Yard,18500,74000,ON_GRN
2000211100,2000211100,B-10081,BARREL PLATE ASSY - 1520 (STOCK-280),SA,4,0,4,2,1,14,Sub-Assembly Area,85000,340000,DURING_ASSEMBLY
2000211300,2000211300,B-10082,BARREL PLATE ASSY - 2350 (STOCK-315),SA,4,0,4,2,1,14,Sub-Assembly Area,85000,340000,DURING_ASSEMBLY
2000210100,2000210100,B-10077,BARREL PLATE ASSY - 280,SA,4,0,4,2,1,14,Sub-Assembly Area,85000,340000,DURING_ASSEMBLY
2000210400,2000210400,B-10078,BARREL PLATE ASSY - 420 (STOCK-175),SA,4,0,4,2,1,14,Sub-Assembly Area,85000,340000,DURING_ASSEMBLY
2000210600,2000210600,B-10079,BARREL PLATE ASSY - 635 (STOCK-210),SA,4,0,4,2,1,14,Sub-Assembly Area,85000,340000,DURING_ASSEMBLY
2000210800,2000210800,B-10080,BARREL PLATE ASSY - 905 (STOCK-245),SA,4,0,4,2,1,14,Sub-Assembly Area,85000,340000,DURING_ASSEMBLY
3000001900,3000001900,A-10483,BASE FRAME ASSY - 110TON  (280/420/635),SA,4,0,4,2,1,14,Sub-Assembly Area,85000,340000,DURING_ASSEMBLY
3000003000,3000003000,A-10484,BASE FRAME ASSY - 140TON  (420/635),SA,4,0,4,2,1,14,Sub-Assembly Area,85000,340000,DURING_ASSEMBLY
3000004000,3000004000,A-10485,BASE FRAME ASSY - 170TON  (635/905),SA,4,0,4,2,1,14,Sub-Assembly Area,85000,340000,DURING_ASSEMBLY
3000005400,3000005400,A-10486,BASE FRAME ASSY - 200TON  (905/1520),SA,4,0,4,2,1,14,Sub-Assembly Area,85000,340000,DURING_ASSEMBLY
3000000100,3000000100,A-10487,BASE FRAME ASSY - 90TON  (280/420),SA,4,0,4,2,1,14,Sub-Assembly Area,85000,340000,DURING_ASSEMBLY
2000301500,2000301500,,BASE FRAME GUARD SET - 110-420,SA,4,0,4,2,1,14,Sub-Assembly Area,85000,340000,DURING_ASSEMBLY
2000302200,2000302200,,BASE FRAME GUARD SET - 140-635,SA,4,0,4,2,1,14,Sub-Assembly Area,85000,340000,DURING_ASSEMBLY
2000302900,2000302900,,BASE FRAME GUARD SET - 170-905,SA,4,0,4,2,1,14,Sub-Assembly Area,85000,340000,DURING_ASSEMBLY
2000303800,2000303800,,BASE FRAME GUARD SET - 200-1520,SA,4,0,4,2,1,14,Sub-Assembly Area,85000,340000,DURING_ASSEMBLY
2000300600,2000300600,,BASE FRAME GUARD SET - 90-280,SA,4,0,4,2,1,14,Sub-Assembly Area,85000,340000,DURING_ASSEMBLY
2000211200,2000211200,B-10086,BEARING HOUSING ASSY - 1520,SA,4,0,4,2,1,14,Sub-Assembly Area,85000,340000,DURING_ASSEMBLY
2000211400,2000211400,B-10087,BEARING HOUSING ASSY - 2350,SA,4,0,4,2,1,14,Sub-Assembly Area,85000,340000,DURING_ASSEMBLY
2000210500,2000210500,,BEARING HOUSING ASSY - 420,SA,4,0,4,2,1,14,Sub-Assembly Area,85000,340000,DURING_ASSEMBLY
2000210700,2000210700,B-10084,BEARING HOUSING ASSY - 635,SA,4,0,4,2,1,14,Sub-Assembly Area,85000,340000,DURING_ASSEMBLY
2000210900,2000210900,B-10085,BEARING HOUSING ASSY - 905,SA,4,0,4,2,1,14,Sub-Assembly Area,85000,340000,DURING_ASSEMBLY
2000210200,2000210200,B-10083,BEARING HOUSING ASSY -280,SA,4,0,4,2,1,14,Sub-Assembly Area,85000,340000,DURING_ASSEMBLY
2000110400,2000110400,B-10022,EJECTOR CYLINDER ASSY - 110 TON (STOCK-100),SA,4,0,4,2,1,14,Sub-Assembly Area,85000,340000,DURING_ASSEMBLY
2000110600,2000110600,B-10036,EJECTOR CYLINDER ASSY - 140 TON (STOCK-120),SA,4,0,4,2,1,14,Sub-Assembly Area,85000,340000,DURING_ASSEMBLY
2000110800,2000110800,B-10039,EJECTOR CYLINDER ASSY - 170 TON (STOCK-130),SA,4,0,4,2,1,14,Sub-Assembly Area,85000,340000,DURING_ASSEMBLY
2000111000,2000111000,B-10042,EJECTOR CYLINDER ASSY - 200 TON (STOCK-150),SA,4,0,4,2,1,14,Sub-Assembly Area,85000,340000,DURING_ASSEMBLY
2000110200,2000110200,B-10033,EJECTOR CYLINDER ASSY - 90 TON (STOCK-85),SA,4,0,4,2,1,14,Sub-Assembly Area,85000,340000,DURING_ASSEMBLY
7000100700,7000100700,,FASTENER KIT LOCKING UNIT - 110 TON,SA,4,0,4,2,1,14,Sub-Assembly Area,85000,340000,DURING_ASSEMBLY
7000101200,7000101200,,FASTENER KIT LOCKING UNIT - 140 TON,SA,4,0,4,2,1,14,Sub-Assembly Area,85000,340000,DURING_ASSEMBLY
7000101700,7000101700,,FASTENER KIT LOCKING UNIT - 170 TON,SA,4,0,4,2,1,14,Sub-Assembly Area,85000,340000,DURING_ASSEMBLY
7000102200,7000102200,,FASTENER KIT LOCKING UNIT - 200 TON,SA,4,0,4,2,1,14,Sub-Assembly Area,85000,340000,DURING_ASSEMBLY
7000100200,7000100200,,FASTENER KIT LOCKING UNIT - 90 TON,SA,4,0,4,2,1,14,Sub-Assembly Area,85000,340000,DURING_ASSEMBLY
7000100600,7000100600,,FASTENER KIT MAIN MACHINE - 110-420,SA,4,0,4,2,1,14,Sub-Assembly Area,85000,340000,DURING_ASSEMBLY
7000101100,7000101100,,FASTENER KIT MAIN MACHINE - 140-635,SA,4,0,4,2,1,14,Sub-Assembly Area,85000,340000,DURING_ASSEMBLY
7000101600,7000101600,,FASTENER KIT MAIN MACHINE - 170-905,SA,4,0,4,2,1,14,Sub-Assembly Area,85000,340000,DURING_ASSEMBLY
7000102100,7000102100,,FASTENER KIT MAIN MACHINE - 200-1520,SA,4,0,4,2,1,14,Sub-Assembly Area,85000,340000,DURING_ASSEMBLY
7000100100,7000100100,,FASTENER KIT MAIN MACHINE - 90-280,SA,4,0,4,2,1,14,Sub-Assembly Area,85000,340000,DURING_ASSEMBLY
1000210500,1000210500,B-10029,GUIDE ROD TYPE INJECTION UNIT-1520,SA,4,0,4,2,1,14,Sub-Assembly Area,85000,340000,DURING_ASSEMBLY
1000210100,1000210100,B-10025,GUIDE ROD TYPE INJECTION UNIT-280,SA,4,0,4,2,1,14,Sub-Assembly Area,85000,340000,DURING_ASSEMBLY
1000210200,1000210200,B-10026,GUIDE ROD TYPE INJECTION UNIT-420,SA,4,0,4,2,1,14,Sub-Assembly Area,85000,340000,DURING_ASSEMBLY
1000210300,1000210300,B-10027,GUIDE ROD TYPE INJECTION UNIT-635,SA,4,0,4,2,1,14,Sub-Assembly Area,85000,340000,DURING_ASSEMBLY
1000210400,1000210400,B-10028,GUIDE ROD TYPE INJECTION UNIT-905,SA,4,0,4,2,1,14,Sub-Assembly Area,85000,340000,DURING_ASSEMBLY
2000303100,2000303100,B-10063,HEAT EXCHANGER ASSY - 170 TON,SA,4,0,4,2,1,14,Sub-Assembly Area,85000,340000,DURING_ASSEMBLY
2000300800,2000300800,B-10064,HEAT EXCHANGER ASSY - 90 TON,SA,4,0,4,2,1,14,Sub-Assembly Area,85000,340000,DURING_ASSEMBLY
3000000800,3000000800,A-10616,HEATER WIRE JUNCTION BOX FB ASSY,SA,4,0,4,2,1,14,Sub-Assembly Area,85000,340000,DURING_ASSEMBLY
2000300900,2000300900,,HOPPER ASSY - 25KG,SA,4,0,4,2,1,14,Sub-Assembly Area,85000,340000,DURING_ASSEMBLY
2000303200,2000303200,,HOPPER ASSY - 50KG,SA,4,0,4,2,1,14,Sub-Assembly Area,85000,340000,DURING_ASSEMBLY
7000300200,7000300200,,HOSE PIPE KIT - 110-420,SA,4,0,4,2,1,14,Sub-Assembly Area,85000,340000,DURING_ASSEMBLY
7000300300,7000300300,,HOSE PIPE KIT - 140-635,SA,4,0,4,2,1,14,Sub-Assembly Area,85000,340000,DURING_ASSEMBLY
7000300400,7000300400,,HOSE PIPE KIT - 170-905,SA,4,0,4,2,1,14,Sub-Assembly Area,85000,340000,DURING_ASSEMBLY
7000300500,7000300500,,HOSE PIPE KIT - 200-1520,SA,4,0,4,2,1,14,Sub-Assembly Area,85000,340000,DURING_ASSEMBLY
7000300100,7000300100,,HOSE PIPE KIT - 90-280,SA,4,0,4,2,1,14,Sub-Assembly Area,85000,340000,DURING_ASSEMBLY
3000002300,3000002300,A-10726,HYDRO MOTOR PIPE CLAMP MTG -420,SA,4,0,4,2,1,14,Sub-Assembly Area,85000,340000,DURING_ASSEMBLY
3000005700,3000005700,A-10729,HYDRO MOTOR PIPE CLAMP MTG FB ASSY-1520,SA,4,0,4,2,1,14,Sub-Assembly Area,85000,340000,DURING_ASSEMBLY
3000000900,3000000900,A-10704,HYDRO MOTOR PIPE CLAMP MTG FB ASSY-280,SA,4,0,4,2,1,14,Sub-Assembly Area,85000,340000,DURING_ASSEMBLY
3000003300,3000003300,A-10727,HYDRO MOTOR PIPE CLAMP MTG FB ASSY-635,SA,4,0,4,2,1,14,Sub-Assembly Area,85000,340000,DURING_ASSEMBLY
3000004400,3000004400,A-10728,HYDRO MOTOR PIPE CLAMP MTG FB ASSY-905,SA,4,0,4,2,1,14,Sub-Assembly Area,85000,340000,DURING_ASSEMBLY
3000002100,3000002100,A-10004,INJECTION FRAME ASSY - 110-420 (GUIDE ROD TYPE),SA,4,0,4,2,1,14,Sub-Assembly Area,85000,340000,DURING_ASSEMBLY
3000003200,3000003200,A-10006,INJECTION FRAME ASSY - 140-635 (GUIDE ROD TYPE),SA,4,0,4,2,1,14,Sub-Assembly Area,85000,340000,DURING_ASSEMBLY
3000004200,3000004200,A-10008,INJECTION FRAME ASSY - 170-905 (GUIDE ROD TYPE),SA,4,0,4,2,1,14,Sub-Assembly Area,85000,340000,DURING_ASSEMBLY
3000005600,3000005600,A-10010,INJECTION FRAME ASSY - 200-1520 (GUIDE ROD TYPE),SA,4,0,4,2,1,14,Sub-Assembly Area,85000,340000,DURING_ASSEMBLY
3000000200,3000000200,A-10001,"INJECTION FRAME ASSY - 90-280 
(GUIDE ROD TYPE)",SA,4,0,4,2,1,14,Sub-Assembly Area,85000,340000,DURING_ASSEMBLY
2000110300,2000110300,B-10021,LOCKING CYLINDER ASSY - 110 TON (STOCK-325),SA,4,0,4,2,1,14,Sub-Assembly Area,85000,340000,DURING_ASSEMBLY
2000110500,2000110500,B-10035,LOCKING CYLINDER ASSY - 140 TON (STOCK-360),SA,4,0,4,2,1,14,Sub-Assembly Area,85000,340000,DURING_ASSEMBLY
2000110700,2000110700,B-10038,LOCKING CYLINDER ASSY - 170 TON (STOCK-395),SA,4,0,4,2,1,14,Sub-Assembly Area,85000,340000,DURING_ASSEMBLY
2000110900,2000110900,B-10041,LOCKING CYLINDER ASSY - 200 TON (STOCK-425),SA,4,0,4,2,1,14,Sub-Assembly Area,85000,340000,DURING_ASSEMBLY
2000110100,2000110100,B-10032,LOCKING CYLINDER ASSY - 90 TON (STOCK-295),SA,4,0,4,2,1,14,Sub-Assembly Area,85000,340000,DURING_ASSEMBLY
3000000700,3000000700,A-10920,LOCKING UNIT JUNCTION BOX NOP FB ASSY,SA,4,0,4,2,1,14,Sub-Assembly Area,85000,340000,DURING_ASSEMBLY
3000000600,3000000600,A-10620,LOCKING UNIT JUNCTION BOX OP FB ASSY,SA,4,0,4,2,1,14,Sub-Assembly Area,85000,340000,DURING_ASSEMBLY
3000002400,3000002400,A-10236,LOCKING UNIT LINEAR MTG BRACKET - 110 TON,SA,4,0,4,2,1,14,Sub-Assembly Area,85000,340000,DURING_ASSEMBLY
3000003400,3000003400,A-10237,LOCKING UNIT LINEAR MTG BRACKET - 140 TON,SA,4,0,4,2,1,14,Sub-Assembly Area,85000,340000,DURING_ASSEMBLY
3000004500,3000004500,A-10238,LOCKING UNIT LINEAR MTG BRACKET - 170 TON,SA,4,0,4,2,1,14,Sub-Assembly Area,85000,340000,DURING_ASSEMBLY
3000005800,3000005800,A-10239,LOCKING UNIT LINEAR MTG BRACKET - 200 TON,SA,4,0,4,2,1,14,Sub-Assembly Area,85000,340000,DURING_ASSEMBLY
3000001000,3000001000,A-10347,LOCKING UNIT LINEAR MTG BRACKET - 90 TON,SA,4,0,4,2,1,14,Sub-Assembly Area,85000,340000,DURING_ASSEMBLY
7000400100,7000400100,E-10270,LUBR PUMP SYSTEM,SA,4,0,4,2,1,14,Sub-Assembly Area,85000,340000,DURING_ASSEMBLY
7000200200,7000200200,,NIPPLE KIT - 110-420,SA,4,0,4,2,1,14,Sub-Assembly Area,85000,340000,DURING_ASSEMBLY
7000200300,7000200300,,NIPPLE KIT - 140-635,SA,4,0,4,2,1,14,Sub-Assembly Area,85000,340000,DURING_ASSEMBLY
7000200400,7000200400,,NIPPLE KIT - 170-905,SA,4,0,4,2,1,14,Sub-Assembly Area,85000,340000,DURING_ASSEMBLY
7000200500,7000200500,,NIPPLE KIT - 200-1520,SA,4,0,4,2,1,14,Sub-Assembly Area,85000,340000,DURING_ASSEMBLY
7000200100,7000200100,,NIPPLE KIT - 90-280,SA,4,0,4,2,1,14,Sub-Assembly Area,85000,340000,DURING_ASSEMBLY
2000210300,2000210300,B-10024,NOZZLE CYLINDER ASSY - (STOCK-350),SA,4,0,4,2,1,14,Sub-Assembly Area,85000,340000,DURING_ASSEMBLY
2000211000,2000211000,B-10030,NOZZLE CYLINDER ASSY - (STOCK-400),SA,4,0,4,2,1,14,Sub-Assembly Area,85000,340000,DURING_ASSEMBLY
2000211500,2000211500,B-10071,NOZZLE CYLINDER ASSY - (STOCK-500),SA,4,0,4,2,1,14,Sub-Assembly Area,85000,340000,DURING_ASSEMBLY
2000301300,2000301300,B-10046,OIL TANK ASSY - 110 TON - 300LTR,SA,4,0,4,2,1,14,Sub-Assembly Area,85000,340000,DURING_ASSEMBLY
2000302000,2000302000,B-10048,OIL TANK ASSY - 140 TON - 350LTR,SA,4,0,4,2,1,14,Sub-Assembly Area,85000,340000,DURING_ASSEMBLY
2000302700,2000302700,B-10050,OIL TANK ASSY - 170 TON - 400LTR,SA,4,0,4,2,1,14,Sub-Assembly Area,85000,340000,DURING_ASSEMBLY
2000303600,2000303600,B-10052,OIL TANK ASSY - 200 TON - 400LTR,SA,4,0,4,2,1,14,Sub-Assembly Area,85000,340000,DURING_ASSEMBLY
2000300400,2000300400,B-10044,OIL TANK ASSY - 90 TON - 250LTR,SA,4,0,4,2,1,14,Sub-Assembly Area,85000,340000,DURING_ASSEMBLY
3000000500,3000000500,A-10619,PLC BOX FB ASSY - B&R,SA,4,0,4,2,1,14,Sub-Assembly Area,85000,340000,DURING_ASSEMBLY
2000301400,2000301400,B-10097,SAFETY DOOR ASSY - 110 TON,SA,4,0,4,2,1,14,Sub-Assembly Area,85000,340000,DURING_ASSEMBLY
2000302100,2000302100,B-10098,SAFETY DOOR ASSY - 140 TON,SA,4,0,4,2,1,14,Sub-Assembly Area,85000,340000,DURING_ASSEMBLY
2000302800,2000302800,B-10146,SAFETY DOOR ASSY - 170 TON,SA,4,0,4,2,1,14,Sub-Assembly Area,85000,340000,DURING_ASSEMBLY
2000303700,2000303700,B-10149,SAFETY DOOR ASSY - 200 TON,SA,4,0,4,2,1,14,Sub-Assembly Area,85000,340000,DURING_ASSEMBLY
2000300500,2000300500,,SAFETY DOOR ASSY - 90,SA,4,0,4,2,1,14,Sub-Assembly Area,85000,340000,DURING_ASSEMBLY
2000300300,2000300300,B-10003,SCREW BARREL ASSY - 40-280,SA,4,0,4,2,1,14,Sub-Assembly Area,85000,340000,DURING_ASSEMBLY
2000301100,2000301100,B-10005,SCREW BARREL ASSY - 40-420,SA,4,0,4,2,1,14,Sub-Assembly Area,85000,340000,DURING_ASSEMBLY
2000301800,2000301800,B-10008,SCREW BARREL ASSY - 45-635,SA,4,0,4,2,1,14,Sub-Assembly Area,85000,340000,DURING_ASSEMBLY
2000302500,2000302500,B-10011,SCREW BARREL ASSY - 50-905,SA,4,0,4,2,1,14,Sub-Assembly Area,85000,340000,DURING_ASSEMBLY
2000303400,2000303400,B-10015,SCREW BARREL ASSY - 60-1520,SA,4,0,4,2,1,14,Sub-Assembly Area,85000,340000,DURING_ASSEMBLY
2000301600,2000301600,,SEAMLESS PIPE SET - 110-420,SA,4,0,4,2,1,14,Sub-Assembly Area,85000,340000,DURING_ASSEMBLY
2000302300,2000302300,,SEAMLESS PIPE SET - 140-635,SA,4,0,4,2,1,14,Sub-Assembly Area,85000,340000,DURING_ASSEMBLY
2000303000,2000303000,,SEAMLESS PIPE SET - 170-905,SA,4,0,4,2,1,14,Sub-Assembly Area,85000,340000,DURING_ASSEMBLY
2000303900,2000303900,,SEAMLESS PIPE SET - 200-1520,SA,4,0,4,2,1,14,Sub-Assembly Area,85000,340000,DURING_ASSEMBLY
2000300700,2000300700,,SEAMLESS PIPE SET - 90-280,SA,4,0,4,2,1,14,Sub-Assembly Area,85000,340000,DURING_ASSEMBLY
1000110200,1000110200,B-10140,TOGGLE TYPE LOCKING UNIT-110 TON,SA,4,0,4,2,1,14,Sub-Assembly Area,85000,340000,DURING_ASSEMBLY
1000110300,1000110300,B-10143,TOGGLE TYPE LOCKING UNIT-140 TON,SA,4,0,4,2,1,14,Sub-Assembly Area,85000,340000,DURING_ASSEMBLY
1000110400,1000110400,B-10145,TOGGLE TYPE LOCKING UNIT-170 TON,SA,4,0,4,2,1,14,Sub-Assembly Area,85000,340000,DURING_ASSEMBLY
1000110500,1000110500,B-10148,TOGGLE TYPE LOCKING UNIT-200 TON,SA,4,0,4,2,1,14,Sub-Assembly Area,85000,340000,DURING_ASSEMBLY
1000110100,1000110100,B-10138,TOGGLE TYPE LOCKING UNIT-90 TON,SA,4,0,4,2,1,14,Sub-Assembly Area,85000,340000,DURING_ASSEMBLY
3000000400,3000000400,A-10701,WELDING HOSE PIPE NIPPLE FLANGE ASSY - 2'',SA,4,0,4,2,1,14,Sub-Assembly Area,85000,340000,DURING_ASSEMBLY
3000004300,3000004300,,WELDING HOSE PIPE NIPPLE FLANGE ASSY - 3'',SA,4,0,4,2,1,14,Sub-Assembly Area,85000,340000,DURING_ASSEMBLY
