Item Code,Part Code,Old Item Code,Item Name,Category,Opening In-House Stock,Opening External Stock,Unit,Warehouse Location,Min Stock Level,Max Stock Level,Standard Cost,Valuation Method
GEC0000001,4005000100,,STATIONARY PLATE TOGGLE - 90 TON (PATTERN),PTN,5,0,NOS,STORE-RACK-A1,7,70,500.0,FIFO
GEC0000002,4005001200,,MOVING PLATE TOGGLE - 90 TON (PATTERN),PTN,5,0,NOS,STORE-RACK-A1,7,70,500.0,FIFO
GEC0000003,4005002300,,END PLATE - 90 TON (PATTERN),PTN,5,0,NOS,STORE-RACK-A1,7,70,500.0,FIFO
GEC0000004,4005003600,,CROSSHEAD - 90 TON (PATTERN),PTN,5,0,NOS,STORE-RACK-A1,7,70,500.0,FIFO
GEC0000005,4005004200,,CROSSHEAD LINK - 90 TON (PATTERN),PTN,5,0,NOS,STORE-RACK-A1,7,70,500.0,FIFO
GEC0000006,4005004800,,BINARY LINK - 90 TON (PATTERN),PTN,5,0,NOS,STORE-RACK-A1,7,70,500.0,FIFO
GEC0000007,4005005400,,TERNARY LINK - 90 TON (PATTERN),PTN,5,0,NOS,STORE-RACK-A1,7,70,500.0,FIFO
GEC0000008,4005006300,,SUN GEAR - 90 TON (MODULE-3 TEETH-159) (PATTERN),PTN,5,0,NOS,STORE-RACK-A1,7,70,500.0,FIFO
GEC0000009,4005006900,,GEAR NUT RETAINER - 90 TON (PATTERN),PTN,5,0,NOS,STORE-RACK-A1,7,70,500.0,FIFO
GEC0000010,4005007500,,DIE HEIGHT MOTOR MTG BRACKET - 90 TON (PATTERN),PTN,5,0,NOS,STORE-RACK-A1,7,70,500.0,FIFO
GEC0000011,4005009600,,BARREL PLATE - 280 (STOCK-150) (PATTERN),PTN,5,0,NOS,STORE-RACK-A1,7,70,500.0,FIFO
GEC0000012,4005011200,,BEARING HOUSING - 280 (PATTERN),PTN,5,0,NOS,STORE-RACK-A1,7,70,500.0,FIFO
GEC0000013,4005012500,,INJ CYL ROD NUT RETAINER - 280 (PATTERN),PTN,5,0,NOS,STORE-RACK-A1,7,70,500.0,FIFO
GEC0000014,4005013300,,INJECTION GUIDE ROD SUPPORT ID Ø60 - 280 (PATTERN),PTN,5,0,NOS,STORE-RACK-A1,7,70,500.0,FIFO
GEC0000015,4005002900,,EJECTOR PLATE  TOGGLE - 90 TON (PATTERN),PTN,5,0,NOS,STORE-RACK-A1,7,70,500.0,FIFO
GEC0000016,4005013500,,HEAT EXCHANGER FRONT CAP - 90 TON (PATTERN),PTN,5,0,NOS,STORE-RACK-A1,7,70,500.0,FIFO
GEC0000017,4005013600,,HEAT EXCHANGER END CAP - 90 TON (PATTERN),PTN,5,0,NOS,STORE-RACK-A1,7,70,500.0,FIFO
GEC0000018,GEN-000018,,PATTERN-90-280,AS,5,0,NOS,BAY-ASSY-01,7,70,50000.0,FIFO
GEC0000019,4005000200,,STATIONARY PLATE TOGGLE - 110 TON (PATTERN),PTN,5,0,NOS,STORE-RACK-A1,7,70,500.0,FIFO
GEC0000020,4005001300,,MOVING PLATE TOGGLE - 110 TON (PATTERN),PTN,5,0,NOS,STORE-RACK-A1,7,70,500.0,FIFO
GEC0000021,4005002400,,END PLATE - 110 TON (PATTERN),PTN,5,0,NOS,STORE-RACK-A1,7,70,500.0,FIFO
GEC0000022,4005003700,,CROSSHEAD - 110 TON (PATTERN),PTN,5,0,NOS,STORE-RACK-A1,7,70,500.0,FIFO
GEC0000023,4005004300,,CROSSHEAD LINK - 110 TON (PATTERN),PTN,5,0,NOS,STORE-RACK-A1,7,70,500.0,FIFO
GEC0000024,4005004900,,BINARY LINK - 110 TON (PATTERN),PTN,5,0,NOS,STORE-RACK-A1,7,70,500.0,FIFO
GEC0000025,4005005500,,TERNARY LINK - 110 TON (PATTERN),PTN,5,0,NOS,STORE-RACK-A1,7,70,500.0,FIFO
GEC0000026,4005006400,,SUN GEAR - 110 TON (MODULE-3 TEETH-178) (PATTERN),PTN,5,0,NOS,STORE-RACK-A1,7,70,500.0,FIFO
GEC0000027,4005007000,,GEAR NUT RETAINER - 110 TON (PATTERN),PTN,5,0,NOS,STORE-RACK-A1,7,70,500.0,FIFO
GEC0000028,4005009800,,BARREL PLATE - 420 (STOCK-175) (PATTERN),PTN,5,0,NOS,STORE-RACK-A1,7,70,500.0,FIFO
GEC0000029,GEN-000029,,PATTERN-110-420,AS,5,0,NOS,BAY-ASSY-01,7,70,50000.0,FIFO
GEC0000030,4005000300,,STATIONARY PLATE TOGGLE - 140 TON (PATTERN),PTN,5,0,NOS,STORE-RACK-A1,7,70,500.0,FIFO
GEC0000031,4005001400,,MOVING PLATE  TOGGLE - 140 TON (PATTERN),PTN,5,0,NOS,STORE-RACK-A1,7,70,500.0,FIFO
GEC0000032,4005002500,,END PLATE - 140 TON (PATTERN),PTN,5,0,NOS,STORE-RACK-A1,7,70,500.0,FIFO
GEC0000033,4005003800,,CROSSHEAD - 140 TON (PATTERN),PTN,5,0,NOS,STORE-RACK-A1,7,70,500.0,FIFO
GEC0000034,4005004400,,CROSSHEAD LINK - 140 TON (PATTERN),PTN,5,0,NOS,STORE-RACK-A1,7,70,500.0,FIFO
GEC0000035,4005005000,,BINARY LINK - 140 TON (PATTERN),PTN,5,0,NOS,STORE-RACK-A1,7,70,500.0,FIFO
GEC0000036,4005005600,,TERNARY LINK - 140 TON (PATTERN),PTN,5,0,NOS,STORE-RACK-A1,7,70,500.0,FIFO
GEC0000037,4005006500,,SUN GEAR - 140 TON (MODULE-3 TEETH-197) (PATTERN),PTN,5,0,NOS,STORE-RACK-A1,7,70,500.0,FIFO
GEC0000038,4005007100,,GEAR NUT RETAINER - 140 TON (PATTERN),PTN,5,0,NOS,STORE-RACK-A1,7,70,500.0,FIFO
GEC0000039,4005010000,,BARREL PLATE - 635 (STOCK-210) (PATTERN),PTN,5,0,NOS,STORE-RACK-A1,7,70,500.0,FIFO
GEC0000040,4005011400,,BEARING HOUSING - 635 (PATTERN),PTN,5,0,NOS,STORE-RACK-A1,7,70,500.0,FIFO
GEC0000041,4005012600,,INJ CYL ROD NUT RETAINER - 635 (PATTERN),PTN,5,0,NOS,STORE-RACK-A1,7,70,500.0,FIFO
GEC0000042,4005006000,,MOVING PLATE SLIDING BLOCK - 140 TON (PATTERN),PTN,5,0,NOS,STORE-RACK-A1,7,70,500.0,FIFO
GEC0000043,GEN-000043,,PATTERN-140-635,AS,5,0,NOS,BAY-ASSY-01,7,70,50000.0,FIFO
GEC0000044,4005000400,,STATIONARY PLATE TOGGLE - 170 TON (PATTERN),PTN,5,0,NOS,STORE-RACK-A1,7,70,500.0,FIFO
GEC0000045,4005001500,,MOVING PLATE TOGGLE - 170 TON (PATTERN),PTN,5,0,NOS,STORE-RACK-A1,7,70,500.0,FIFO
GEC0000046,4005002600,,END PLATE - 170 TON (PATTERN),PTN,5,0,NOS,STORE-RACK-A1,7,70,500.0,FIFO
GEC0000047,4005003900,,CROSSHEAD - 170 TON (PATTERN),PTN,5,0,NOS,STORE-RACK-A1,7,70,500.0,FIFO
GEC0000048,4005004500,,CROSSHEAD LINK - 170 TON (PATTERN),PTN,5,0,NOS,STORE-RACK-A1,7,70,500.0,FIFO
GEC0000049,4005005100,,BINARY LINK - 170 TON (PATTERN),PTN,5,0,NOS,STORE-RACK-A1,7,70,500.0,FIFO
GEC0000050,4005005700,,TERNARY LINK - 170 TON (PATTERN),PTN,5,0,NOS,STORE-RACK-A1,7,70,500.0,FIFO
GEC0000051,4005006600,,SUN GEAR - 170 TON (MODULE-3 TEETH-215)  (PATTERN),PTN,5,0,NOS,STORE-RACK-A1,7,70,500.0,FIFO
GEC0000052,4005007200,,GEAR NUT RETAINER - 170 TON (PATTERN),PTN,5,0,NOS,STORE-RACK-A1,7,70,500.0,FIFO
GEC0000053,4005010200,,BARREL PLATE - 905 (STOCK-245) (PATTERN),PTN,5,0,NOS,STORE-RACK-A1,7,70,500.0,FIFO
GEC0000054,4005011600,,BEARING HOUSING - 905 (PATTERN),PTN,5,0,NOS,STORE-RACK-A1,7,70,500.0,FIFO
GEC0000055,4005012700,,INJ CYL ROD NUT RETAINER - 905 (PATTERN),PTN,5,0,NOS,STORE-RACK-A1,7,70,500.0,FIFO
GEC0000056,4005013400,,INJECTION GUIDE ROD SUPPORT ID Ø70 - 905 (PATTERN),PTN,5,0,NOS,STORE-RACK-A1,7,70,500.0,FIFO
GEC0000057,GEN-000057,,PATTERN-170-905,AS,5,0,NOS,BAY-ASSY-01,7,70,50000.0,FIFO
GEC0000058,4005000500,,STATIONARY PLATE TOGGLE - 200 TON (PATTERN),PTN,5,0,NOS,STORE-RACK-A1,7,70,500.0,FIFO
GEC0000059,4005001600,,MOVING PLATE TOGGLE - 200 TON (PATTERN),PTN,5,0,NOS,STORE-RACK-A1,7,70,500.0,FIFO
GEC0000060,4005002700,,END PLATE - 200 TON (PATTERN),PTN,5,0,NOS,STORE-RACK-A1,7,70,500.0,FIFO
GEC0000061,4005004000,,CROSSHEAD - 200 TON (PATTERN),PTN,5,0,NOS,STORE-RACK-A1,7,70,500.0,FIFO
GEC0000062,4005004600,,CROSSHEAD LINK - 200 TON (PATTERN),PTN,5,0,NOS,STORE-RACK-A1,7,70,500.0,FIFO
GEC0000063,4005005200,,BINARY LINK - 200 TO (PATTERN),PTN,5,0,NOS,STORE-RACK-A1,7,70,500.0,FIFO
GEC0000064,4005005800,,TERNARY LINK - 200 TON (PATTERN),PTN,5,0,NOS,STORE-RACK-A1,7,70,500.0,FIFO
GEC0000065,4005006700,,SUN GEAR - 200 TON (MODULE-3 TEETH-240) (PATTERN),PTN,5,0,NOS,STORE-RACK-A1,7,70,500.0,FIFO
GEC0000066,4005007300,,GEAR NUT RETAINER - 200 TON (PATTERN),PTN,5,0,NOS,STORE-RACK-A1,7,70,500.0,FIFO
GEC0000067,4005010400,,BARREL PLATE - 1520 (STOCK-280) (PATTERN),PTN,5,0,NOS,STORE-RACK-A1,7,70,500.0,FIFO
GEC0000068,4005011800,,BEARING HOUSING - 1520 (PATTERN),PTN,5,0,NOS,STORE-RACK-A1,7,70,500.0,FIFO
GEC0000069,4005012800,,INJ CYL ROD NUT RETAINER - 1520 (PATTERN),PTN,5,0,NOS,STORE-RACK-A1,7,70,500.0,FIFO
GEC0000070,4005006100,,MOVING PLATE SLIDING BLOCK - 200 TON (PATTERN),PTN,5,0,NOS,STORE-RACK-A1,7,70,500.0,FIFO
GEC0000071,GEN-000071,,PATTERN-200-1520,AS,5,0,NOS,BAY-ASSY-01,7,70,50000.0,FIFO
GEC0000072,4005010600,,BARREL PLATE - 2350 (STOCK-315) (PATTERN),PTN,5,0,NOS,STORE-RACK-A1,7,70,500.0,FIFO
GEC0000073,4005012000,,BEARING HOUSING - 2350 (PATTERN),PTN,5,0,NOS,STORE-RACK-A1,7,70,500.0,FIFO
GEC0000074,4005012900,,INJ CYL ROD NUT RETAINER - 2350 (PATTERN),PTN,5,0,NOS,STORE-RACK-A1,7,70,500.0,FIFO
GEC0000075,GEN-000075,,PATTERN-2350,AS,5,0,NOS,BAY-ASSY-01,7,70,50000.0,FIFO
GEC0000076,4001000100,11201,STATIONARY PLATE TOGGLE - 90 TON (CASTING),CRM,5,0,NOS,STORE-RACK-A1,7,70,5000.0,FIFO
GEC0000077,4001001200,11202,MOVING PLATE TOGGLE - 90 TON (CASTING),CRM,5,0,NOS,STORE-RACK-A1,7,70,5000.0,FIFO
GEC0000078,4001002300,11203,END PLATE - 90 TON (CASTING),CRM,5,0,NOS,STORE-RACK-A1,7,70,5000.0,FIFO
GEC0000079,4001003600,11204,CROSS HEAD - 90 TON (CASTING),CRM,5,0,NOS,STORE-RACK-A1,7,70,5000.0,FIFO
GEC0000080,4001004200,11207,CROSS HEAD LINK - 90 TON (CASTING),CRM,5,0,NOS,STORE-RACK-A1,7,70,5000.0,FIFO
GEC0000081,4001004800,11205,BINARY LINK - 90 TON (CASTING),CRM,5,0,NOS,STORE-RACK-A1,7,70,5000.0,FIFO
GEC0000082,4001005400,11206,TERNARY LINK - 90 TON (CASTING),CRM,5,0,NOS,STORE-RACK-A1,7,70,5000.0,FIFO
GEC0000083,4001006300,11208,SUN GEAR - 90 TON (MODULE-3 TEETH-159) (CASTING),CRM,5,0,NOS,STORE-RACK-A1,7,70,5000.0,FIFO
GEC0000084,4001006900,11210,GEAR NUT RETAINER - 90 TON (CASTING),CRM,5,0,NOS,STORE-RACK-A1,7,70,5000.0,FIFO
GEC0000085,4001007500,11209,DIE HEIGHT MOTOR MTG BRACKET - 90 TON (CASTING),CRM,5,0,NOS,STORE-RACK-A1,7,70,5000.0,FIFO
GEC0000086,4001009600,,BARREL PLATE - 280 (STOCK-150) (CASTING),CRM,5,0,NOS,STORE-RACK-A1,7,70,5000.0,FIFO
GEC0000087,4001011200,,BEARING HOUSING - 280 (CASTING),CRM,5,0,NOS,STORE-RACK-A1,7,70,5000.0,FIFO
GEC0000088,4001012500,,INJECTION CYLINDER ROD NUT RETAINER - 280 (CASTING),CRM,5,0,NOS,STORE-RACK-A1,7,70,5000.0,FIFO
GEC0000089,4001013300,,INJECTION GUIDE ROD SUPPORT Ø60 - 280 (CASTING),CRM,5,0,NOS,STORE-RACK-A1,7,70,5000.0,FIFO
GEC0000090,4001002900,,EJECTOR PLATE  TOGGLE - 90 TON (CASTING),CRM,5,0,NOS,STORE-RACK-A1,7,70,5000.0,FIFO
GEC0000091,4001013500,,HEAT EXCHANGER FRONT CAP - 90 TON (CASTING),CRM,5,0,NOS,STORE-RACK-A1,7,70,5000.0,FIFO
GEC0000092,4001013600,,HEAT EXCHANGER END CAP - 90 TON (CASTING),CRM,5,0,NOS,STORE-RACK-A1,7,70,5000.0,FIFO
GEC0000093,GEN-000093,,CASTING-90-280,AS,5,0,NOS,BAY-ASSY-01,7,70,50000.0,FIFO
GEC0000094,4001000200,12201,STATIONARY PLATE TOGGLE - 110 TON (CASTING),CRM,5,0,NOS,STORE-RACK-A1,7,70,5000.0,FIFO
GEC0000095,4001001300,12202,MOVING PLATE TOGGLE - 110 TON (CASTING),CRM,5,0,NOS,STORE-RACK-A1,7,70,5000.0,FIFO
GEC0000096,4001002400,12203,END PLATE - 110 TON (CASTING),CRM,5,0,NOS,STORE-RACK-A1,7,70,5000.0,FIFO
GEC0000097,4001003700,12204,CROSS HEAD - 110 TON (CASTING),CRM,5,0,NOS,STORE-RACK-A1,7,70,5000.0,FIFO
GEC0000098,4001004300,12207,CROSS HEAD LINK - 110 TON (CASTING),CRM,5,0,NOS,STORE-RACK-A1,7,70,5000.0,FIFO
GEC0000099,4001004900,12205,BINARY LINK - 110 TON (CASTING),CRM,5,0,NOS,STORE-RACK-A1,7,70,5000.0,FIFO
GEC0000100,4001005500,12206,TERNARY LINK - 110 TON (CASTING),CRM,5,0,NOS,STORE-RACK-A1,7,70,5000.0,FIFO
GEC0000101,4001006400,12208,SUN GEAR - 110 TON (MODULE-3 TEETH-178) (CASTING),CRM,5,0,NOS,STORE-RACK-A1,7,70,5000.0,FIFO
GEC0000102,4001007000,12209,GEAR NUT RETAINER - 110 TON (CASTING),CRM,5,0,NOS,STORE-RACK-A1,7,70,5000.0,FIFO
GEC0000103,4001009800,,BARREL PLATE - 420 (STOCK-175) (CASTING),CRM,5,0,NOS,STORE-RACK-A1,7,70,5000.0,FIFO
GEC0000104,GEN-000104,,CASTING-110-420,AS,5,0,NOS,BAY-ASSY-01,7,70,50000.0,FIFO
GEC0000105,4001000300,13201,STATIONARY PLATE TOGGLE - 140 TON (CASTING),CRM,5,0,NOS,STORE-RACK-A1,7,70,5000.0,FIFO
GEC0000106,4001001400,13202,MOVING PLATE  TOGGLE - 140 TON (CASTING),CRM,5,0,NOS,STORE-RACK-A1,7,70,5000.0,FIFO
GEC0000107,4001002500,13203,END PLATE - 140 TON (CASTING),CRM,5,0,NOS,STORE-RACK-A1,7,70,5000.0,FIFO
GEC0000108,4001003800,13204,CROSS HEAD - 140 TON (CASTING),CRM,5,0,NOS,STORE-RACK-A1,7,70,5000.0,FIFO
GEC0000109,4001004400,13207,CROSS HEAD LINK - 140 TON (CASTING),CRM,5,0,NOS,STORE-RACK-A1,7,70,5000.0,FIFO
GEC0000110,4001005000,13205,BINARY LINK - 140 TON (CASTING),CRM,5,0,NOS,STORE-RACK-A1,7,70,5000.0,FIFO
GEC0000111,4001005600,13206,TERNARY LINK - 140 TON (CASTING),CRM,5,0,NOS,STORE-RACK-A1,7,70,5000.0,FIFO
GEC0000112,4001006500,13208,SUN GEAR - 140 TON (MODULE-3 TEETH-197) (CASTING),CRM,5,0,NOS,STORE-RACK-A1,7,70,5000.0,FIFO
GEC0000113,4001007100,13209,GEAR NUT RETAINER - 140 TON (CASTING),CRM,5,0,NOS,STORE-RACK-A1,7,70,5000.0,FIFO
GEC0000114,4001010000,,BARREL PLATE - 635 (STOCK-210) (CASTING),CRM,5,0,NOS,STORE-RACK-A1,7,70,5000.0,FIFO
GEC0000115,4001011400,,BEARING HOUSING - 635 (CASTING),CRM,5,0,NOS,STORE-RACK-A1,7,70,5000.0,FIFO
GEC0000116,4001012600,,INJECTION CYLINDER ROD NUT RETAINER - 635 (CASTING),CRM,5,0,NOS,STORE-RACK-A1,7,70,5000.0,FIFO
GEC0000117,4001006000,,MOVING PLATE SLIDING BLOCK - 140 TON (CASTING),CRM,5,0,NOS,STORE-RACK-A1,7,70,5000.0,FIFO
GEC0000118,GEN-000118,,CASTING-140-635,AS,5,0,NOS,BAY-ASSY-01,7,70,50000.0,FIFO
GEC0000119,4001000400,14201,STATIONARY PLATE TOGGLE - 170 TON (CASTING),CRM,5,0,NOS,STORE-RACK-A1,7,70,5000.0,FIFO
GEC0000120,4001001500,14202,MOVING PLATE TOGGLE - 170 TON (CASTING),CRM,5,0,NOS,STORE-RACK-A1,7,70,5000.0,FIFO
GEC0000121,4001002600,14203,END PLATE - 170 TON (CASTING),CRM,5,0,NOS,STORE-RACK-A1,7,70,5000.0,FIFO
GEC0000122,4001003900,14204,CROSS HEAD - 170 TON (CASTING),CRM,5,0,NOS,STORE-RACK-A1,7,70,5000.0,FIFO
GEC0000123,4001004500,14207,CROSS HEAD LINK - 170 TON (CASTING),CRM,5,0,NOS,STORE-RACK-A1,7,70,5000.0,FIFO
GEC0000124,4001005100,14205,BINARY LINK - 170 TON (CASTING),CRM,5,0,NOS,STORE-RACK-A1,7,70,5000.0,FIFO
GEC0000125,4001005700,14206,TERNARY LINK - 170 TON (CASTING),CRM,5,0,NOS,STORE-RACK-A1,7,70,5000.0,FIFO
GEC0000126,4001006600,14208,SUN GEAR - 170 TON (MODULE-3 TEETH-215)(CASTING),CRM,5,0,NOS,STORE-RACK-A1,7,70,5000.0,FIFO
GEC0000127,4001007200,14209,GEAR NUT RETAINER - 170 TON (CASTING),CRM,5,0,NOS,STORE-RACK-A1,7,70,5000.0,FIFO
GEC0000128,4001010200,,BARREL PLATE - 905 (STOCK-245) (CASTING),CRM,5,0,NOS,STORE-RACK-A1,7,70,5000.0,FIFO
GEC0000129,4001011600,,BEARING HOUSING - 905 (CASTING),CRM,5,0,NOS,STORE-RACK-A1,7,70,5000.0,FIFO
GEC0000130,4001012700,,INJECTION CYLINDER ROD NUT RETAINER - 905 (CASTING),CRM,5,0,NOS,STORE-RACK-A1,7,70,5000.0,FIFO
GEC0000131,4001013400,,INJECTION GUIDE ROD SUPPORT Ø70 - 905 (CASTING),CRM,5,0,NOS,STORE-RACK-A1,7,70,5000.0,FIFO
GEC0000132,GEN-000132,,CASTING-170-905,AS,5,0,NOS,BAY-ASSY-01,7,70,50000.0,FIFO
GEC0000133,4001000500,15201,STATIONARY PLATE TOGGLE - 200 TON (CASTING),CRM,5,0,NOS,STORE-RACK-A1,7,70,5000.0,FIFO
GEC0000134,4001001600,15202,MOVING PLATE TOGGLE - 200 TON (CASTING),CRM,5,0,NOS,STORE-RACK-A1,7,70,5000.0,FIFO
GEC0000135,4001002700,15203,END PLATE - 200 TON (CASTING),CRM,5,0,NOS,STORE-RACK-A1,7,70,5000.0,FIFO
GEC0000136,4001004000,15204,CROSS HEAD - 200 TON (CASTING),CRM,5,0,NOS,STORE-RACK-A1,7,70,5000.0,FIFO
GEC0000137,4001004600,15207,CROSS HEAD LINK - 200 TON (CASTING),CRM,5,0,NOS,STORE-RACK-A1,7,70,5000.0,FIFO
GEC0000138,4001005200,15205,BINARY LINK - 200 TON (CASTING),CRM,5,0,NOS,STORE-RACK-A1,7,70,5000.0,FIFO
GEC0000139,4001005800,15206,TERNARY LINK - 200 TON (CASTING),CRM,5,0,NOS,STORE-RACK-A1,7,70,5000.0,FIFO
GEC0000140,4001006700,15208,SUN GEAR - 200 TON (MODULE-3 TEETH-240) (CASTING),CRM,5,0,NOS,STORE-RACK-A1,7,70,5000.0,FIFO
GEC0000141,4001007300,15209,GEAR NUT RETAINER - 200 TON (CASTING),CRM,5,0,NOS,STORE-RACK-A1,7,70,5000.0,FIFO
GEC0000142,4001010400,,BARREL PLATE - 1520 (STOCK-280) (CASTING),CRM,5,0,NOS,STORE-RACK-A1,7,70,5000.0,FIFO
GEC0000143,4001011800,,BEARING HOUSING - 1520 (CASTING),CRM,5,0,NOS,STORE-RACK-A1,7,70,5000.0,FIFO
GEC0000144,4001012800,,INJECTION CYLINDER ROD NUT RETAINER - 1520 (CASTING),CRM,5,0,NOS,STORE-RACK-A1,7,70,5000.0,FIFO
GEC0000145,4001006100,,MOVING PLATE SLIDING BLOCK - 200 TON (CASTING),CRM,5,0,NOS,STORE-RACK-A1,7,70,5000.0,FIFO
GEC0000146,GEN-000146,,CASTING-200-1520,AS,5,0,NOS,BAY-ASSY-01,7,70,50000.0,FIFO
GEC0000147,4001010600,,BARREL PLATE - 2350 (STOCK-315) (CASTING),CRM,5,0,NOS,STORE-RACK-A1,7,70,5000.0,FIFO
GEC0000148,4001012000,,BEARING HOUSING - 2350 (CASTING),CRM,5,0,NOS,STORE-RACK-A1,7,70,5000.0,FIFO
GEC0000149,4001012900,,INJECTION CYLINDER ROD NUT RETAINER - 2350 (CASTING),CRM,5,0,NOS,STORE-RACK-A1,7,70,5000.0,FIFO
GEC0000150,GEN-000150,,CASTING-2350,AS,5,0,NOS,BAY-ASSY-01,7,70,50000.0,FIFO
GEC0000151,1000110100,B-10138,TOGGLE TYPE LOCKING UNIT-90 TON,AS,5,0,NOS,SHOP-FLOOR,7,70,500.0,FIFO
GEC0000152,1000210100,B-10025,GUIDE ROD TYPE INJECTION UNIT-280,AS,5,0,NOS,SHOP-FLOOR,7,70,500.0,FIFO
GEC0000153,3000000100,A-10487,BASE FRAME ASSY - 90TON  (280/420),FAS,5,0,NOS,SHOP-FLOOR,7,70,500.0,FIFO
GEC0000154,3000000200,A-10001,"INJECTION FRAME ASSY - 90-280 
(GUIDE ROD TYPE)",FAS,5,0,NOS,SHOP-FLOOR,7,70,500.0,FIFO
GEC0000155,2000300300,B-10003,SCREW BARREL ASSY - 40-280,AS,5,0,NOS,SHOP-FLOOR,7,70,500.0,FIFO
GEC0000156,2000300400,B-10044,OIL TANK ASSY - 90 TON - 250LTR,AS,5,0,NOS,SHOP-FLOOR,7,70,500.0,FIFO
GEC0000157,2000300500,,SAFETY DOOR ASSY - 90,AS,5,0,NOS,SHOP-FLOOR,7,70,500.0,FIFO
GEC0000158,2000300600,,BASE FRAME GUARD SET - 90-280,AS,5,0,NOS,SHOP-FLOOR,7,70,500.0,FIFO
GEC0000159,2000300700,,SEAMLESS PIPE SET - 90-280,AS,5,0,NOS,SHOP-FLOOR,7,70,500.0,FIFO
GEC0000160,2000300800,B-10064,HEAT EXCHANGER ASSY - 90 TON,AS,5,0,NOS,SHOP-FLOOR,7,70,500.0,FIFO
GEC0000161,2000300900,,HOPPER ASSY - 25KG,AS,5,0,NOS,SHOP-FLOOR,7,70,500.0,FIFO
GEC0000162,7000100100,,FASTENER KIT MAIN MACHINE - 90-280,AS,5,0,NOS,SHOP-FLOOR,7,70,500.0,FIFO
GEC0000163,7000200100,,NIPPLE KIT - 90-280,AS,5,0,NOS,SHOP-FLOOR,7,70,500.0,FIFO
GEC0000164,7000300100,,HOSE PIPE KIT - 90-280,AS,5,0,NOS,SHOP-FLOOR,7,70,500.0,FIFO
GEC0000165,7000400100,E-10270,LUBR PUMP SYSTEM,AS,5,0,NOS,SHOP-FLOOR,7,70,500.0,FIFO
GEC0000166,3000000400,A-10701,WELDING HOSE PIPE NIPPLE FLANGE ASSY - 2'',FAS,5,0,NOS,SHOP-FLOOR,7,70,500.0,FIFO
GEC0000167,3000000500,A-10619,PLC BOX FB ASSY - B&R,FAS,5,0,NOS,SHOP-FLOOR,7,70,500.0,FIFO
GEC0000168,3000000600,A-10620,LOCKING UNIT JUNCTION BOX OP FB ASSY,FAS,5,0,NOS,SHOP-FLOOR,7,70,500.0,FIFO
GEC0000169,3000000700,A-10920,LOCKING UNIT JUNCTION BOX NOP FB ASSY,FAS,5,0,NOS,SHOP-FLOOR,7,70,500.0,FIFO
GEC0000170,3000000800,A-10616,HEATER WIRE JUNCTION BOX FB ASSY,FAS,5,0,NOS,SHOP-FLOOR,7,70,500.0,FIFO
GEC0000171,3000000900,A-10704,HYDRO MOTOR PIPE CLAMP MTG FB ASSY-280,FAS,5,0,NOS,SHOP-FLOOR,7,70,500.0,FIFO
GEC0000172,3000001000,A-10347,LOCKING UNIT LINEAR MTG BRACKET - 90 TON,FAS,5,0,NOS,SHOP-FLOOR,7,70,500.0,FIFO
GEC0000173,4120004600,A-10352,INJECTION MANIFOLD - NG10,MF,5,0,NOS,SHOP-FLOOR,7,70,2500.0,FIFO
GEC0000174,4120004700,A-11197,LOCKING MANIFOLD NG10-NG6-NG6,MF,5,0,NOS,SHOP-FLOOR,7,70,2500.0,FIFO
GEC0000175,4120004800,A-10355,EJECTOR MANIFOLD NG6,MF,5,0,NOS,SHOP-FLOOR,7,70,2500.0,FIFO
GEC0000176,4120004900,A-10351,PRESSURE MANIFOLD BG06,MF,5,0,NOS,SHOP-FLOOR,7,70,2500.0,FIFO
GEC0000177,4120005000,A-10795,EJECTOR ROD - 90 TON,MF,5,0,NOS,SHOP-FLOOR,7,70,2500.0,FIFO
GEC0000178,4120005100,A-10118,NOZZLE CYLINDER EXTENSION ROD 90-280,MF,5,0,NOS,SHOP-FLOOR,7,70,2500.0,FIFO
GEC0000179,4120005200,A-10115,NOZZLE CYLINDER EXTENSION ROD MTG,MF,5,0,NOS,SHOP-FLOOR,7,70,2500.0,FIFO
GEC0000180,4120005300,A-10116,NOZZLE CYLINDER EXTENSION ROD MTG BUSH,MF,5,0,NOS,SHOP-FLOOR,7,70,2500.0,FIFO
GEC0000181,4120005400,A-10348,NOZZLE CYLINDER STOP LIMIT SWITCH OPERATING PIN,MF,5,0,NOS,SHOP-FLOOR,7,70,2500.0,FIFO
GEC0000182,4120005500,A-10349,NOZZLE CYLINDER STOP SLIDER,MF,5,0,NOS,SHOP-FLOOR,7,70,2500.0,FIFO
GEC0000183,4120005600,A-12014,INJECTION UNIT SETTING BLOCK,MF,5,0,NOS,SHOP-FLOOR,7,70,2500.0,FIFO
GEC0000184,4120005700,A-10011,INJECTION FRAME MTG BOLT M27 X 35LG,MF,5,0,NOS,SHOP-FLOOR,7,70,2500.0,FIFO
GEC0000185,4120005800,A-10588,INJECTION GUARD MTG STUD,MF,5,0,NOS,SHOP-FLOOR,7,70,2500.0,FIFO
GEC0000186,4120005900,A-10800,CROSS HEAD LIMIT SWITCH OPERATING PIN-90,MF,5,0,NOS,SHOP-FLOOR,7,70,2500.0,FIFO
GEC0000187,4120006000,A-10350,MOLD HEIGHT STOP LIMIT SWITCH OPERATING PIN-90 TON,MF,5,0,NOS,SHOP-FLOOR,7,70,2500.0,FIFO
GEC0000188,4120006100,A-10385,INJECTION MANIFOLD MTG PLATE - 280,MF,5,0,NOS,SHOP-FLOOR,7,70,2500.0,FIFO
GEC0000189,4120006200,A-10386,INJECTION MANIFOLD MTG STRIP - 280,MF,5,0,NOS,SHOP-FLOOR,7,70,2500.0,FIFO
GEC0000190,4120006300,A-12035,GREASE PUMP MOUNTING PLATE,MF,5,0,NOS,SHOP-FLOOR,7,70,2500.0,FIFO
GEC0000191,3130800100,A-10705,JUNCTION BOX COVER,LC,5,0,NOS,SHOP-FLOOR,7,70,2500.0,FIFO
GEC0000192,3130800200,A-10706,PLC BOX COVER,LC,5,0,NOS,SHOP-FLOOR,7,70,2500.0,FIFO
GEC0000193,3130800300,A-10707,HEATER WIRE JUNCTION BOX COVER,LC,5,0,NOS,SHOP-FLOOR,7,70,2500.0,FIFO
GEC0000194,3131100100,A-10585,PLC BOX  MTG TOP BRACKET,LC,5,0,NOS,SHOP-FLOOR,7,70,2500.0,FIFO
GEC0000195,3131100200,A-10586,PLC BOX MTG BOTTOM BRACKET,LC,5,0,NOS,SHOP-FLOOR,7,70,2500.0,FIFO
GEC0000196,3131100300,A-10131,"MOLD HEIGHT STOP LIMIT SWITCH 
OPERATING PIN MTG BRACKET",LC,5,0,NOS,SHOP-FLOOR,7,70,2500.0,FIFO
GEC0000197,3131100400,A-10132,MOLD HEIGHT STOP LIMIT SWITCH MTG BRACKET,LC,5,0,NOS,SHOP-FLOOR,7,70,2500.0,FIFO
GEC0000198,3131100500,A-10068,CROSS HEAD LOCKING LIMIT STOP PIN MTG BRACKET,LC,5,0,NOS,SHOP-FLOOR,7,70,2500.0,FIFO
GEC0000199,3131100600,A-10072,TOGGLE LIMIT SWITCH MTG BRACKET,LC,5,0,NOS,SHOP-FLOOR,7,70,2500.0,FIFO
GEC0000200,3131100700,A-10345,EJECTOR LINEAR MTG BRACKET,LC,5,0,NOS,SHOP-FLOOR,7,70,2500.0,FIFO
GEC0000201,3131100800,A-10587,HEATER WIRE JUNCTION BOX MTG BRACKET,LC,5,0,NOS,SHOP-FLOOR,7,70,2500.0,FIFO
GEC0000202,3131100900,A-10123,HYD MOTOR RPM PROXY SENSOR MTG BRACKET,LC,5,0,NOS,SHOP-FLOOR,7,70,2500.0,FIFO
GEC0000203,3131101000,A-10055,INJECTION LINEAR MOUNTING BRACKET - 280,LC,5,0,NOS,SHOP-FLOOR,7,70,2500.0,FIFO
GEC0000204,3131101100,A-10069,INJECTION LINEAR SHAFT MTG BRACKET - 280,LC,5,0,NOS,SHOP-FLOOR,7,70,2500.0,FIFO
GEC0000205,3131101200,A-10074,NOZZLE CYLINDER LIMIT SWITCH PIN MTG BRACKET,LC,5,0,NOS,SHOP-FLOOR,7,70,2500.0,FIFO
GEC0000206,3131101300,A-10344,NOZZLE CYLINDER STOP LIMIT SWITCH MTG BRACKET,LC,5,0,NOS,SHOP-FLOOR,7,70,2500.0,FIFO
GEC0000207,3131300100,A-10497,INJECTION GUARD SUPPORT BRACKET - 280,LC,5,0,NOS,SHOP-FLOOR,7,70,2500.0,FIFO
GEC0000208,6160100100,D-10001,DSG-01-3C2-D24 (YUKEN),BO,5,0,NOS,STORE-RACK-A1,7,70,6500.0,FIFO
GEC0000209,6160100200,D-10002,DSG-01-3C4-D24 (YUKEN),BO,5,0,NOS,STORE-RACK-A1,7,70,6500.0,FIFO
GEC0000210,6160100300,,DSG-01-2B2B-D24 (YUKEN),BO,5,0,NOS,STORE-RACK-A1,7,70,6500.0,FIFO
GEC0000211,6160100400,D-10003,DSG-03-3C2-D24 (YUKEN),BO,5,0,NOS,STORE-RACK-A1,7,70,6500.0,FIFO
GEC0000212,6160100600,D-10006,DSG-03-3C12-D24 (YUKEN),BO,5,0,NOS,STORE-RACK-A1,7,70,6500.0,FIFO
GEC0000213,6160100700,,DSG-03-2B10B-D24 (YUKEN),BO,5,0,NOS,STORE-RACK-A1,7,70,6500.0,FIFO
GEC0000214,6170100100,D-10302,PRESSURE RELIEF VALVE - BG-03-HP32 (YUKEN),BO,5,0,NOS,STORE-RACK-A1,7,70,6500.0,FIFO
GEC0000215,6170100200,D-10301,PRESSURE RELIEF VALVE - BG-06-P32 (YUKEN),BO,5,0,NOS,STORE-RACK-A1,7,70,6500.0,FIFO
GEC0000216,6180100100,D-10101,PILOT OPERATED CHECK VALVE - MPA-01-4-40H01 (YUKEN),BO,5,0,NOS,STORE-RACK-A1,7,70,6500.0,FIFO
GEC0000217,6180200100,D-10110,PILOT OPERATED CHECK VALVE - MCIV-06-01 (PRISM HYD),BO,5,0,NOS,STORE-RACK-A1,7,70,6500.0,FIFO
GEC0000218,6240100100,D-10201,"PRESSURE GAUG 0-420 BAR BACK CONNECTION (2-1/2"")",BO,5,0,NOS,STORE-RACK-A1,7,70,6500.0,FIFO
GEC0000219,6010400100,,SERVO SYSTEM - 64 LPM (JAKSH),BO,5,0,NOS,STORE-RACK-A1,7,70,6500.0,FIFO
GEC0000220,6020100100,E-10176,PANEL SERVO-90 B&R,BO,5,0,NOS,STORE-RACK-A1,7,70,6500.0,FIFO
GEC0000221,6030100100,,PANEL SERVO-90-280 B&R,BO,5,0,NOS,STORE-RACK-A1,7,70,6500.0,FIFO
GEC0000222,6210100100,E-10005,LINEAR LT-M-100,BO,5,0,NOS,STORE-RACK-A1,7,70,6500.0,FIFO
GEC0000223,6210100175,E-10008,LINEAR LT-M-175,BO,5,0,NOS,STORE-RACK-A1,7,70,6500.0,FIFO
GEC0000224,6210100350,E-10014,LINEAR LT-M-350,BO,5,0,NOS,STORE-RACK-A1,7,70,6500.0,FIFO
GEC0000225,6220100100,E-10151,LIMIT SWITCH SNAP ACTION - PC 603,BO,5,0,NOS,STORE-RACK-A1,7,70,6500.0,FIFO
GEC0000226,6220200100,E-10152,LIMIT SWITCH ROLLER LEVER - FTN-139Z11,BO,5,0,NOS,STORE-RACK-A1,7,70,6500.0,FIFO
GEC0000227,7380100100,G-10008,HYDRAULIC PIPE CLAMP - 20 MM,BO,5,0,NOS,STORE-RACK-A1,7,70,6500.0,FIFO
GEC0000228,7380100200,,HYDRAULIC PIPE CLAMP - 25 MM,BO,5,0,NOS,STORE-RACK-A1,7,70,6500.0,FIFO
GEC0000229,6150100100,I-10101,Ø85x115 CERAMIC HEATER WITH COVER,BO,5,0,NOS,STORE-RACK-A1,7,70,6500.0,FIFO
GEC0000230,6150200100,I-10128,Ø85x30 MICA HEATER,BO,5,0,NOS,STORE-RACK-A1,7,70,6500.0,FIFO
GEC0000231,6150300100,I-10121,Ø50x40 MICA HEATER SIDE CUT,BO,5,0,NOS,STORE-RACK-A1,7,70,6500.0,FIFO
GEC0000232,6150400100,I-10129,Ø30x30 COIL HEATER,BO,5,0,NOS,STORE-RACK-A1,7,70,6500.0,FIFO
GEC0000233,6141100100,,"THERMO COUPLE SENSOR 
(K TYPE L SHAPE ISOLATED 1 MTR)",BO,5,0,NOS,STORE-RACK-A1,7,70,6500.0,FIFO
GEC0000234,6141200100,,"THERMO COUPLE SENSOR
BUTTERFLY TYPE 1/4 BSP K TYPE ISOLATED 1.5 MTR",BO,5,0,NOS,STORE-RACK-A1,7,70,6500.0,FIFO
GEC0000235,7370200100,,MOTOR MOUNTING PAD Ø60 X M10 X 40LG,BO,5,0,NOS,STORE-RACK-A1,7,70,6500.0,FIFO
GEC0000236,7910500100,,PLASTIC CAN HDPE-3 LITER (WHITE),BO,5,0,NOS,STORE-RACK-A1,7,70,6500.0,FIFO
GEC0000237,7910300100,,ANTI VIBRATION RUBBER PAD - Ø125,BO,5,0,NOS,STORE-RACK-A1,7,70,6500.0,FIFO
GEC0000238,1000310100,INJECTION UNIT GUIDE ROD TYPE,NEO PRIME 90 - 280 TON,AS,5,0,NOS,BAY-ASSY-01,7,70,50000.0,FIFO
GEC0000239,1000110200,B-10140,TOGGLE TYPE LOCKING UNIT-110 TON,AS,5,0,NOS,SHOP-FLOOR,7,70,500.0,FIFO
GEC0000240,1000210200,B-10026,GUIDE ROD TYPE INJECTION UNIT-420,AS,5,0,NOS,SHOP-FLOOR,7,70,500.0,FIFO
GEC0000241,3000001900,A-10483,BASE FRAME ASSY - 110TON  (280/420/635),FAS,5,0,NOS,SHOP-FLOOR,7,70,500.0,FIFO
GEC0000242,3000002100,A-10004,INJECTION FRAME ASSY - 110-420 (GUIDE ROD TYPE),FAS,5,0,NOS,SHOP-FLOOR,7,70,500.0,FIFO
GEC0000243,2000301100,B-10005,SCREW BARREL ASSY - 40-420,AS,5,0,NOS,SHOP-FLOOR,7,70,500.0,FIFO
GEC0000244,2000301300,B-10046,OIL TANK ASSY - 110 TON - 300LTR,AS,5,0,NOS,SHOP-FLOOR,7,70,500.0,FIFO
GEC0000245,2000301400,B-10097,SAFETY DOOR ASSY - 110 TON,AS,5,0,NOS,SHOP-FLOOR,7,70,500.0,FIFO
GEC0000246,2000301500,,BASE FRAME GUARD SET - 110-420,AS,5,0,NOS,SHOP-FLOOR,7,70,500.0,FIFO
GEC0000247,2000301600,,SEAMLESS PIPE SET - 110-420,AS,5,0,NOS,SHOP-FLOOR,7,70,500.0,FIFO
GEC0000248,7000100600,,FASTENER KIT MAIN MACHINE - 110-420,AS,5,0,NOS,SHOP-FLOOR,7,70,500.0,FIFO
GEC0000249,7000200200,,NIPPLE KIT - 110-420,AS,5,0,NOS,SHOP-FLOOR,7,70,500.0,FIFO
GEC0000250,7000300200,,HOSE PIPE KIT - 110-420,AS,5,0,NOS,SHOP-FLOOR,7,70,500.0,FIFO
GEC0000251,3000002300,A-10726,HYDRO MOTOR PIPE CLAMP MTG -420,FAS,5,0,NOS,SHOP-FLOOR,7,70,500.0,FIFO
GEC0000252,3000002400,A-10236,LOCKING UNIT LINEAR MTG BRACKET - 110 TON,FAS,5,0,NOS,SHOP-FLOOR,7,70,500.0,FIFO
GEC0000253,4120009300,A-10796,EJECTOR ROD - 110 TON,MF,5,0,NOS,SHOP-FLOOR,7,70,2500.0,FIFO
GEC0000254,4120009400,A-10392,NOZZLE CYLINDER EXTENSION ROD 110-420,MF,5,0,NOS,SHOP-FLOOR,7,70,2500.0,FIFO
GEC0000255,4120009500,A-12051,CROSS HEAD LIMIT SWITCH OPERATING PIN-110,MF,5,0,NOS,SHOP-FLOOR,7,70,2500.0,FIFO
GEC0000256,4120009600,A-10387,INJECTION MANIFOLD MTG PLATE - 420,MF,5,0,NOS,SHOP-FLOOR,7,70,2500.0,FIFO
GEC0000257,4120009700,A-10491,INJECTION MANIFOLD MTG STRIP - 420,MF,5,0,NOS,SHOP-FLOOR,7,70,2500.0,FIFO
GEC0000258,3131101400,A-10056,INJECTION LINEAR MOUNTING BRACKET - 420,LC,5,0,NOS,SHOP-FLOOR,7,70,2500.0,FIFO
GEC0000259,3131300200,A-10496,INJECTION GUARD SUPPORT BRACKET - 420,LC,5,0,NOS,SHOP-FLOOR,7,70,2500.0,FIFO
GEC0000260,6030100200,,PANEL SERVO-110 B&R,BO,5,0,NOS,STORE-RACK-A1,7,70,6500.0,FIFO
GEC0000261,6210100200,E-10009,LINEAR LT-M-200,BO,5,0,NOS,STORE-RACK-A1,7,70,6500.0,FIFO
GEC0000262,6150100200,I-10103,Ø95x130 CERAMIC HEATER WITH COVER,BO,5,0,NOS,STORE-RACK-A1,7,70,6500.0,FIFO
GEC0000263,6150200200,I-10104,Ø95x40 MICA HEATER,BO,5,0,NOS,STORE-RACK-A1,7,70,6500.0,FIFO
GEC0000264,6150300200,I-10122,Ø55x50 MICA HEATER SIDE CUT,MC,5,0,NOS,SHOP-FLOOR,7,70,500.0,FIFO
GEC0000265,1000310400,INJECTION UNIT GUIDE ROD TYPE,NEO PRIME 110 - 420 TON,AS,5,0,NOS,BAY-ASSY-01,7,70,50000.0,FIFO
GEC0000266,1000110300,B-10143,TOGGLE TYPE LOCKING UNIT-140 TON,AS,5,0,NOS,SHOP-FLOOR,7,70,500.0,FIFO
GEC0000267,1000210300,B-10027,GUIDE ROD TYPE INJECTION UNIT-635,AS,5,0,NOS,SHOP-FLOOR,7,70,500.0,FIFO
GEC0000268,3000003000,A-10484,BASE FRAME ASSY - 140TON  (420/635),FAS,5,0,NOS,SHOP-FLOOR,7,70,500.0,FIFO
GEC0000269,3000003200,A-10006,INJECTION FRAME ASSY - 140-635 (GUIDE ROD TYPE),FAS,5,0,NOS,SHOP-FLOOR,7,70,500.0,FIFO
GEC0000270,2000301800,B-10008,SCREW BARREL ASSY - 45-635,AS,5,0,NOS,SHOP-FLOOR,7,70,500.0,FIFO
GEC0000271,2000302000,B-10048,OIL TANK ASSY - 140 TON - 350LTR,AS,5,0,NOS,SHOP-FLOOR,7,70,500.0,FIFO
GEC0000272,2000302100,B-10098,SAFETY DOOR ASSY - 140 TON,AS,5,0,NOS,SHOP-FLOOR,7,70,500.0,FIFO
GEC0000273,2000302200,,BASE FRAME GUARD SET - 140-635,AS,5,0,NOS,SHOP-FLOOR,7,70,500.0,FIFO
GEC0000274,2000302300,,SEAMLESS PIPE SET - 140-635,AS,5,0,NOS,SHOP-FLOOR,7,70,500.0,FIFO
GEC0000275,7000101100,,FASTENER KIT MAIN MACHINE - 140-635,AS,5,0,NOS,SHOP-FLOOR,7,70,500.0,FIFO
GEC0000276,7000200300,,NIPPLE KIT - 140-635,AS,5,0,NOS,SHOP-FLOOR,7,70,500.0,FIFO
GEC0000277,7000300300,,HOSE PIPE KIT - 140-635,AS,5,0,NOS,SHOP-FLOOR,7,70,500.0,FIFO
GEC0000278,3000003300,A-10727,HYDRO MOTOR PIPE CLAMP MTG FB ASSY-635,FAS,5,0,NOS,SHOP-FLOOR,7,70,500.0,FIFO
GEC0000279,3000003400,A-10237,LOCKING UNIT LINEAR MTG BRACKET - 140 TON,FAS,5,0,NOS,SHOP-FLOOR,7,70,500.0,FIFO
GEC0000280,4120013000,A-10353,INJECTION MANIFOLD - NG16,MF,5,0,NOS,SHOP-FLOOR,7,70,2500.0,FIFO
GEC0000281,4120013100,A-11196,LOCKING MANIFOLD NG16-NG6-NG6,MF,5,0,NOS,SHOP-FLOOR,7,70,2500.0,FIFO
GEC0000282,4120013200,A-10354,EJECTOR MANIFOLD NG10,MF,5,0,NOS,SHOP-FLOOR,7,70,2500.0,FIFO
GEC0000283,4120013300,A-10797,EJECTOR ROD - 140 TON,MF,5,0,NOS,SHOP-FLOOR,7,70,2500.0,FIFO
GEC0000284,4120013400,A-10393,NOZZLE CYLINDER EXTENSION ROD 140-635,MF,5,0,NOS,SHOP-FLOOR,7,70,2500.0,FIFO
GEC0000285,4120013500,A-12052,CROSS HEAD LIMIT SWITCH OPERATING PIN-140,MF,5,0,NOS,SHOP-FLOOR,7,70,2500.0,FIFO
GEC0000286,4120013600,A-10703,MOLD HEIGHT STOP LIMIT SWITCH OPERATING PIN-140 TON,MF,5,0,NOS,SHOP-FLOOR,7,70,2500.0,FIFO
GEC0000287,4120013700,A-10388,INJECTION MANIFOLD MTG PLATE - 635,MF,5,0,NOS,SHOP-FLOOR,7,70,2500.0,FIFO
GEC0000288,4120013800,A-10490,INJECTION MANIFOLD MTG STRIP - 635,MF,5,0,NOS,SHOP-FLOOR,7,70,2500.0,FIFO
GEC0000289,3131101500,A-10058,INJECTION LINEAR MOUNTING BRACKET - 635,LC,5,0,NOS,SHOP-FLOOR,7,70,2500.0,FIFO
GEC0000290,3131300300,A-10600,INJECTION GUARD SUPPORT BRACKET - 635,LC,5,0,NOS,SHOP-FLOOR,7,70,2500.0,FIFO
GEC0000291,6160100500,,DSG-03-3C4-D24 (YUKEN),MC,5,0,NOS,SHOP-FLOOR,7,70,500.0,FIFO
GEC0000292,6160100800,,DIRECTION CONTROL VALVE - 4 WEH 16 E7,BO,5,0,NOS,STORE-RACK-A1,7,70,6500.0,FIFO
GEC0000293,6160100900,,DIRECTION CONTROL VALVE - 4 WEH 16 L7,BO,5,0,NOS,STORE-RACK-A1,7,70,6500.0,FIFO
GEC0000294,6160101000,,DIRECTION CONTROL VALVE - 4 WEH 16 EA,BO,5,0,NOS,STORE-RACK-A1,7,70,6500.0,FIFO
GEC0000295,6180100200,,PILOT OPERATED CHECK VALVE - MPA-03-4-20H01 (YUKEN),MC,5,0,NOS,SHOP-FLOOR,7,70,500.0,FIFO
GEC0000296,6010400200,,SERVO SYSTEM - 100 LPM (JAKSH),BO,5,0,NOS,STORE-RACK-A1,7,70,6500.0,FIFO
GEC0000297,6030100300,,PANEL SERVO-140 B&R,BO,5,0,NOS,STORE-RACK-A1,7,70,6500.0,FIFO
GEC0000298,6210100130,E-10006,LINEAR LT-M-130,BO,5,0,NOS,STORE-RACK-A1,7,70,6500.0,FIFO
GEC0000299,6210100225,E-10010,LINEAR LT-M-225,BO,5,0,NOS,STORE-RACK-A1,7,70,6500.0,FIFO
GEC0000300,6210100375,E-10015,LINEAR LT-M-375,BO,5,0,NOS,STORE-RACK-A1,7,70,6500.0,FIFO
GEC0000301,6150100300,I-10106,Ø105x145 CERAMIC HEATER WITH COVER,BO,5,0,NOS,STORE-RACK-A1,7,70,6500.0,FIFO
GEC0000302,6150200300,I-10107,Ø105x40 MICA HEATER,BO,5,0,NOS,STORE-RACK-A1,7,70,6500.0,FIFO
GEC0000303,6150300300,I-10123,Ø60x60 MICA HEATER SIDE CUT,BO,5,0,NOS,STORE-RACK-A1,7,70,6500.0,FIFO
GEC0000304,1000310700,INJECTION UNIT GUIDE ROD TYPE,NEO PRIME 140-635 TON,AS,5,0,NOS,BAY-ASSY-01,7,70,50000.0,FIFO
GEC0000305,1000110400,B-10145,TOGGLE TYPE LOCKING UNIT-170 TON,AS,5,0,NOS,SHOP-FLOOR,7,70,500.0,FIFO
GEC0000306,1000210400,B-10028,GUIDE ROD TYPE INJECTION UNIT-905,AS,5,0,NOS,SHOP-FLOOR,7,70,500.0,FIFO
GEC0000307,3000004000,A-10485,BASE FRAME ASSY - 170TON  (635/905),FAS,5,0,NOS,SHOP-FLOOR,7,70,500.0,FIFO
GEC0000308,3000004200,A-10008,INJECTION FRAME ASSY - 170-905 (GUIDE ROD TYPE),FAS,5,0,NOS,SHOP-FLOOR,7,70,500.0,FIFO
GEC0000309,2000302500,B-10011,SCREW BARREL ASSY - 50-905,AS,5,0,NOS,SHOP-FLOOR,7,70,500.0,FIFO
GEC0000310,2000302700,B-10050,OIL TANK ASSY - 170 TON - 400LTR,AS,5,0,NOS,SHOP-FLOOR,7,70,500.0,FIFO
GEC0000311,2000302800,B-10146,SAFETY DOOR ASSY - 170 TON,AS,5,0,NOS,SHOP-FLOOR,7,70,500.0,FIFO
GEC0000312,2000302900,,BASE FRAME GUARD SET - 170-905,AS,5,0,NOS,SHOP-FLOOR,7,70,500.0,FIFO
GEC0000313,2000303000,,SEAMLESS PIPE SET - 170-905,AS,5,0,NOS,SHOP-FLOOR,7,70,500.0,FIFO
GEC0000314,2000303100,B-10063,HEAT EXCHANGER ASSY - 170 TON,AS,5,0,NOS,SHOP-FLOOR,7,70,500.0,FIFO
GEC0000315,2000303200,,HOPPER ASSY - 50KG,AS,5,0,NOS,SHOP-FLOOR,7,70,500.0,FIFO
GEC0000316,7000101600,,FASTENER KIT MAIN MACHINE - 170-905,AS,5,0,NOS,SHOP-FLOOR,7,70,500.0,FIFO
GEC0000317,7000200400,,NIPPLE KIT - 170-905,AS,5,0,NOS,SHOP-FLOOR,7,70,500.0,FIFO
GEC0000318,7000300400,,HOSE PIPE KIT - 170-905,AS,5,0,NOS,SHOP-FLOOR,7,70,500.0,FIFO
GEC0000319,3000004300,,WELDING HOSE PIPE NIPPLE FLANGE ASSY - 3'',FAS,5,0,NOS,SHOP-FLOOR,7,70,500.0,FIFO
GEC0000320,3000004400,A-10728,HYDRO MOTOR PIPE CLAMP MTG FB ASSY-905,FAS,5,0,NOS,SHOP-FLOOR,7,70,500.0,FIFO
GEC0000321,3000004500,A-10238,LOCKING UNIT LINEAR MTG BRACKET - 170 TON,FAS,5,0,NOS,SHOP-FLOOR,7,70,500.0,FIFO
GEC0000322,4120017300,A-10798,EJECTOR ROD - 170 TON,MF,5,0,NOS,SHOP-FLOOR,7,70,2500.0,FIFO
GEC0000323,4120017400,A-10394,NOZZLE CYLINDER EXTENSION ROD 170-905,MF,5,0,NOS,SHOP-FLOOR,7,70,2500.0,FIFO
GEC0000324,4120017500,A-10927,CROSS HEAD LIMIT SWITCH OPERATING PIN-170,MF,5,0,NOS,SHOP-FLOOR,7,70,2500.0,FIFO
GEC0000325,4120017600,A-10389,INJECTION MANIFOLD MTG PLATE - 905,MF,5,0,NOS,SHOP-FLOOR,7,70,2500.0,FIFO
GEC0000326,3131101600,A-10059,INJECTION LINEAR MOUNTING BRACKET - 905,LC,5,0,NOS,SHOP-FLOOR,7,70,2500.0,FIFO
GEC0000327,3131300400,A-10601,INJECTION GUARD SUPPORT BRACKET - 905,LC,5,0,NOS,SHOP-FLOOR,7,70,2500.0,FIFO
GEC0000328,6010400300,,SERVO SYSTEM - 140 LPM (JAKSH),BO,5,0,NOS,STORE-RACK-A1,7,70,6500.0,FIFO
GEC0000329,6030100400,,PANEL SERVO-170 B&R,BO,5,0,NOS,STORE-RACK-A1,7,70,6500.0,FIFO
GEC0000330,6210100150,,LINEAR LT-M-150,BO,5,0,NOS,STORE-RACK-A1,7,70,6500.0,FIFO
GEC0000331,6210100275,E-10011,LINEAR LT-M-275,BO,5,0,NOS,STORE-RACK-A1,7,70,6500.0,FIFO
GEC0000332,6210100425,E-10017,LINEAR LT-M-450,BO,5,0,NOS,STORE-RACK-A1,7,70,6500.0,FIFO
GEC0000333,6150100400,I-10109,Ø125x130 CERAMIC HEATER WITH COVER,BO,5,0,NOS,STORE-RACK-A1,7,70,6500.0,FIFO
GEC0000334,6150200400,I-10110,Ø125x40 MICA HEATER,BO,5,0,NOS,STORE-RACK-A1,7,70,6500.0,FIFO
GEC0000335,6150200600,I-10102,Ø40x40 MICA HEATER,BO,5,0,NOS,STORE-RACK-A1,7,70,6500.0,FIFO
GEC0000336,6150300400,I-10124,Ø75x50 MICA HEATER SIDE CUT,BO,5,0,NOS,STORE-RACK-A1,7,70,6500.0,FIFO
GEC0000337,6141100200,,"THERMO COUPLE SENSOR 
(K TYPE L SHAPE ISOLATED 1.5 MTR)",BO,5,0,NOS,STORE-RACK-A1,7,70,6500.0,FIFO
GEC0000338,6141200200,,"THERMO COUPLE SENSOR
BUTTERFLY TYPE 1/4 BSP K TYPE ISOLATED 2 MTR",BO,5,0,NOS,STORE-RACK-A1,7,70,6500.0,FIFO
GEC0000339,1000311000,INJECTION UNIT GUIDE ROD TYPE,NEO PRIME 170-905 TON,AS,5,0,NOS,BAY-ASSY-01,7,70,50000.0,FIFO
GEC0000340,1000110500,B-10148,TOGGLE TYPE LOCKING UNIT-200 TON,AS,5,0,NOS,SHOP-FLOOR,7,70,500.0,FIFO
GEC0000341,1000210500,B-10029,GUIDE ROD TYPE INJECTION UNIT-1520,AS,5,0,NOS,SHOP-FLOOR,7,70,500.0,FIFO
GEC0000342,3000005400,A-10486,BASE FRAME ASSY - 200TON  (905/1520),FAS,5,0,NOS,SHOP-FLOOR,7,70,500.0,FIFO
GEC0000343,3000005600,A-10010,INJECTION FRAME ASSY - 200-1520 (GUIDE ROD TYPE),FAS,5,0,NOS,SHOP-FLOOR,7,70,500.0,FIFO
GEC0000344,2000303400,B-10015,SCREW BARREL ASSY - 60-1520,AS,5,0,NOS,SHOP-FLOOR,7,70,500.0,FIFO
GEC0000345,2000303600,B-10052,OIL TANK ASSY - 200 TON - 400LTR,AS,5,0,NOS,SHOP-FLOOR,7,70,500.0,FIFO
GEC0000346,2000303700,B-10149,SAFETY DOOR ASSY - 200 TON,AS,5,0,NOS,SHOP-FLOOR,7,70,500.0,FIFO
GEC0000347,2000303800,,BASE FRAME GUARD SET - 200-1520,AS,5,0,NOS,SHOP-FLOOR,7,70,500.0,FIFO
GEC0000348,2000303900,,SEAMLESS PIPE SET - 200-1520,AS,5,0,NOS,SHOP-FLOOR,7,70,500.0,FIFO
GEC0000349,7000102100,,FASTENER KIT MAIN MACHINE - 200-1520,AS,5,0,NOS,SHOP-FLOOR,7,70,500.0,FIFO
GEC0000350,7000200500,,NIPPLE KIT - 200-1520,AS,5,0,NOS,SHOP-FLOOR,7,70,500.0,FIFO
GEC0000351,7000300500,,HOSE PIPE KIT - 200-1520,AS,5,0,NOS,SHOP-FLOOR,7,70,500.0,FIFO
GEC0000352,3000005700,A-10729,HYDRO MOTOR PIPE CLAMP MTG FB ASSY-1520,FAS,5,0,NOS,SHOP-FLOOR,7,70,500.0,FIFO
GEC0000353,3000005800,A-10239,LOCKING UNIT LINEAR MTG BRACKET - 200 TON,FAS,5,0,NOS,SHOP-FLOOR,7,70,500.0,FIFO
GEC0000354,4120020900,A-10799,EJECTOR ROD - 200 TON,MF,5,0,NOS,SHOP-FLOOR,7,70,2500.0,FIFO
GEC0000355,4120021000,A-10396,NOZZLE CYLINDER EXTENSION ROD 200-1520,MF,5,0,NOS,SHOP-FLOOR,7,70,2500.0,FIFO
GEC0000356,4120021100,A-12028,CROSS HEAD LIMIT SWITCH OPERATING PIN-200,MF,5,0,NOS,SHOP-FLOOR,7,70,2500.0,FIFO
GEC0000357,4120021200,A-10390,INJECTION MANIFOLD MTG PLATE - 1520,MF,5,0,NOS,SHOP-FLOOR,7,70,2500.0,FIFO
GEC0000358,3131101700,A-10062,INJECTION LINEAR MOUNTING BRACKET - 1520,LC,5,0,NOS,SHOP-FLOOR,7,70,2500.0,FIFO
GEC0000359,3131101800,A-10071,INJECTION LINEAR SHAFT MTG BRACKET - 1520,LC,5,0,NOS,SHOP-FLOOR,7,70,2500.0,FIFO
GEC0000360,3131300500,A-10602,INJECTION GUARD SUPPORT BRACKET - 1520,LC,5,0,NOS,SHOP-FLOOR,7,70,2500.0,FIFO
GEC0000361,6010400400,,SERVO SYSTEM - 180 LPM (JAKSH),BO,5,0,NOS,STORE-RACK-A1,7,70,6500.0,FIFO
GEC0000362,6030100500,,PANEL SERVO-200 B&R,BO,5,0,NOS,STORE-RACK-A1,7,70,6500.0,FIFO
GEC0000363,6210100300,E-10012,LINEAR LT-M-300,BO,5,0,NOS,STORE-RACK-A1,7,70,6500.0,FIFO
GEC0000364,7380100300,,HYDRAULIC PIPE CLAMP - 30 MM,BO,5,0,NOS,STORE-RACK-A1,7,70,6500.0,FIFO
GEC0000365,6150100500,I-10112,Ø135x150 CERAMIC HEATER WITH COVER,BO,5,0,NOS,STORE-RACK-A1,7,70,6500.0,FIFO
GEC0000366,6150200500,I-10113,Ø135x60 MICA HEATER,BO,5,0,NOS,STORE-RACK-A1,7,70,6500.0,FIFO
GEC0000367,1000311300,INJECTION UNIT GUIDE ROD TYPE,NEO PRIME 200-1520 TON,AS,5,0,NOS,BAY-ASSY-01,7,70,50000.0,FIFO
GEC0000368,2000110100,B-10032,LOCKING CYLINDER ASSY - 90 TON (STOCK-295),AS,5,0,NOS,SHOP-FLOOR,7,70,500.0,FIFO
GEC0000369,2000110200,B-10033,EJECTOR CYLINDER ASSY - 90 TON (STOCK-85),AS,5,0,NOS,SHOP-FLOOR,7,70,500.0,FIFO
GEC0000370,7000100200,,FASTENER KIT LOCKING UNIT - 90 TON,AS,5,0,NOS,SHOP-FLOOR,7,70,500.0,FIFO
GEC0000371,4110000100,A-10145,STATIONARY PLATE TOGGLE - 90 TON,CMF,5,0,NOS,SHOP-FLOOR,7,70,2500.0,FIFO
GEC0000372,4110000200,A-10150,MOVING PLATE TOGGLE - 90 TON,CMF,5,0,NOS,SHOP-FLOOR,7,70,2500.0,FIFO
GEC0000373,4110000300,A-10185,END PLATE - 90 TON,CMF,5,0,NOS,SHOP-FLOOR,7,70,2500.0,FIFO
GEC0000374,4110000400,A-10180,CROSS HEAD - 90 TON,CMF,5,0,NOS,SHOP-FLOOR,7,70,2500.0,FIFO
GEC0000375,4110000500,A-10175,CROSS HEAD LINK - 90 TON,CMF,5,0,NOS,SHOP-FLOOR,7,70,2500.0,FIFO
GEC0000376,4110000600,A-10155,BINARY LINK - 90 TON,CMF,5,0,NOS,SHOP-FLOOR,7,70,2500.0,FIFO
GEC0000377,4110000700,A-10170,TERNARY LINK - 90 TON,CMF,5,0,NOS,SHOP-FLOOR,7,70,2500.0,FIFO
GEC0000378,4110000800,A-10168,TERNARY LINK RH - 90 TON,CMF,5,0,NOS,SHOP-FLOOR,7,70,2500.0,FIFO
GEC0000379,4110000900,A-10169,TERNARY LINK LH - 90 TON,CMF,5,0,NOS,SHOP-FLOOR,7,70,2500.0,FIFO
GEC0000380,4110001000,A-10255,GEAR NUT RETAINER - 90 TON,CMF,5,0,NOS,SHOP-FLOOR,7,70,2500.0,FIFO
GEC0000381,4110001100,A-10223,EJECTOR PLATE  TOGGLE - 90 TON,CMF,5,0,NOS,SHOP-FLOOR,7,70,2500.0,FIFO
GEC0000382,4110001200,A-10263,DIE HEIGHT MOTOR MTG BRACKET - 90 TON,CMF,5,0,NOS,SHOP-FLOOR,7,70,2500.0,FIFO
GEC0000383,4010100200,A-10260,SUN GEAR - 90 TON (MODULE-3 TEETH-159),CMF,5,0,NOS,SHOP-FLOOR,7,70,2500.0,FIFO
GEC0000384,4120000100,A-10136,TIE BAR Ø65 - 90 TON TOGGLE,MF,5,0,NOS,SHOP-FLOOR,7,70,2500.0,FIFO
GEC0000385,4120000200,A-10126,TIE BAR LOCATING PLATE - 90 TON,MF,5,0,NOS,SHOP-FLOOR,7,70,2500.0,FIFO
GEC0000386,4120000300,A-10334,TOGGLE SMALL PIN Ø30 - 90 TON,MF,5,0,NOS,SHOP-FLOOR,7,70,2500.0,FIFO
GEC0000387,4120000400,A-10186,TOGGLE SMALL PIN LOCKING STRIP – 90 TON,MF,5,0,NOS,SHOP-FLOOR,7,70,2500.0,FIFO
GEC0000388,4120000500,A-10329,TOGGLE BIG PIN Ø55 - 90 TON,MF,5,0,NOS,SHOP-FLOOR,7,70,2500.0,FIFO
GEC0000389,4120000600,A-10215,CROSS HEAD GUIDE ROD Ø45 - 90 TON,MF,5,0,NOS,SHOP-FLOOR,7,70,2500.0,FIFO
GEC0000390,4120000700,A-10220,CROSS HEAD GUIDE ROD LOCATING PLATE - 90 TON,MF,5,0,NOS,SHOP-FLOOR,7,70,2500.0,FIFO
GEC0000391,4120000800,A-10205,MOVING PLATE WIPER RETAINER - 90 TON,MF,5,0,NOS,SHOP-FLOOR,7,70,2500.0,FIFO
GEC0000392,4120000900,A-10463,NOZZLE TIP LOCATING RING Ø160 - 90 TON,MF,5,0,NOS,SHOP-FLOOR,7,70,2500.0,FIFO
GEC0000393,4120001000,A-10221,EJECTOR CYLINDER MTG PLATE - 90 TON,MF,5,0,NOS,SHOP-FLOOR,7,70,2500.0,FIFO
GEC0000394,4120001100,A-10229,EJECTOR PLATE GUIDE ROD - 90 TON,MF,5,0,NOS,SHOP-FLOOR,7,70,2500.0,FIFO
GEC0000395,4120001200,A-10261,SUN GEAR BEARING SUPPORT SHAFT,MF,5,0,NOS,SHOP-FLOOR,7,70,2500.0,FIFO
GEC0000396,4010100100,A-10264,MOLD HEIGHT ADJUSTMENT GEAR - 90 TON (MODULE-3 TEETH-18),MF,5,0,NOS,SHOP-FLOOR,7,70,2500.0,FIFO
GEC0000397,4020100100,A-10089,TIE BAR NUT M65 X 3 - 90 TON TOGGLE,MF,5,0,NOS,SHOP-FLOOR,7,70,2500.0,FIFO
GEC0000398,4010100800,A-10241,GEAR NUT - 90 TON (MODULE-3 TEETH-46),MF,5,0,NOS,SHOP-FLOOR,7,70,2500.0,FIFO
GEC0000399,4030100100,A-10246,GEAR NUT SPACER - 90 TON,MF,5,0,NOS,SHOP-FLOOR,7,70,2500.0,FIFO
GEC0000400,4030200100,A-10262,SP WASHER Ø35 X Ø12.5 X 10 THK,MF,5,0,NOS,SHOP-FLOOR,7,70,2500.0,FIFO
GEC0000401,4040100100,A-10206,MOVING PLATE BUSH Ø80 X Ø65 X 40LG - 90 TON,MF,5,0,NOS,SHOP-FLOOR,7,70,2500.0,FIFO
GEC0000402,4040100700,A-10985,CROSS HEAD BUSH Ø55 X Ø45 X 30LG - 90 TON,MF,5,0,NOS,SHOP-FLOOR,7,70,2500.0,FIFO
GEC0000403,4040200100,A-10191,TOGGLE SMALL GRAPHITE BUSH Ø40 X Ø30 X 55LG - 90 TON,MF,5,0,NOS,SHOP-FLOOR,7,70,2500.0,FIFO
GEC0000404,4040200700,A-10196,TOGGLE BIG GRAPHITE BUSH Ø70 X Ø55 X 60LG - 90 TON,MF,5,0,NOS,SHOP-FLOOR,7,70,2500.0,FIFO
GEC0000405,7220100100,G-10051,DU BUSH - 30 X 34 X 25 LG,BO,5,0,NOS,STORE-RACK-A1,7,70,6500.0,FIFO
GEC0000406,7270053065,J-10006,PU WIPER SEAL - 65 X 73.6 X 5.3/7,BO,5,0,NOS,STORE-RACK-A1,7,70,6500.0,FIFO
GEC0000407,7190105900,,"SRDG BALL BEARING,6205-ZZ",BO,5,0,NOS,STORE-RACK-A1,7,70,6500.0,FIFO
GEC0000408,6110100100,,TORQUE PISTON MOTOR TMP-160,BO,5,0,NOS,STORE-RACK-A1,7,70,6500.0,FIFO
GEC0000409,2000110300,B-10021,LOCKING CYLINDER ASSY - 110 TON (STOCK-325),AS,5,0,NOS,SHOP-FLOOR,7,70,500.0,FIFO
GEC0000410,2000110400,B-10022,EJECTOR CYLINDER ASSY - 110 TON (STOCK-100),AS,5,0,NOS,SHOP-FLOOR,7,70,500.0,FIFO
GEC0000411,7000100700,,FASTENER KIT LOCKING UNIT - 110 TON,AS,5,0,NOS,SHOP-FLOOR,7,70,500.0,FIFO
GEC0000412,4110001900,A-10144,STATIONARY PLATE TOGGLE - 110 TON,CMF,5,0,NOS,SHOP-FLOOR,7,70,2500.0,FIFO
GEC0000413,4110002000,A-10149,MOVING PLATE TOGGLE - 110 TON,CMF,5,0,NOS,SHOP-FLOOR,7,70,2500.0,FIFO
GEC0000414,4110002100,A-10184,END PLATE - 110 TON,CMF,5,0,NOS,SHOP-FLOOR,7,70,2500.0,FIFO
GEC0000415,4110002200,A-10179,CROSS HEAD - 110 TON,CMF,5,0,NOS,SHOP-FLOOR,7,70,2500.0,FIFO
GEC0000416,4110002300,A-10174,CROSS HEAD LINK - 110 TON,CMF,5,0,NOS,SHOP-FLOOR,7,70,2500.0,FIFO
GEC0000417,4110002400,A-10154,BINARY LINK - 110 TON,CMF,5,0,NOS,SHOP-FLOOR,7,70,2500.0,FIFO
GEC0000418,4110002500,A-10166,TERNARY LINK - 110 TON,CMF,5,0,NOS,SHOP-FLOOR,7,70,2500.0,FIFO
GEC0000419,4110002600,A-10165,TERNARY LINK RH - 110 TON,CMF,5,0,NOS,SHOP-FLOOR,7,70,2500.0,FIFO
GEC0000420,4110002700,A-10167,TERNARY LINK LH - 110 TON,CMF,5,0,NOS,SHOP-FLOOR,7,70,2500.0,FIFO
GEC0000421,4110002800,A-10254,GEAR NUT RETAINER - 110 TON,CMF,5,0,NOS,SHOP-FLOOR,7,70,2500.0,FIFO
GEC0000422,4010100300,A-10259,SUN GEAR - 110 TON (MODULE-3 TEETH-178),CMF,5,0,NOS,SHOP-FLOOR,7,70,2500.0,FIFO
GEC0000423,4120006700,A-10137,TIE BAR Ø70 - 110 TON TOGGLE,MF,5,0,NOS,SHOP-FLOOR,7,70,2500.0,FIFO
GEC0000424,4120006800,A-10127,TIE BAR LOCATING PLATE - 110 TON,MF,5,0,NOS,SHOP-FLOOR,7,70,2500.0,FIFO
GEC0000425,4120006900,A-10335,TOGGLE SMALL PIN Ø35 - 110 TON,MF,5,0,NOS,SHOP-FLOOR,7,70,2500.0,FIFO
GEC0000426,4120007000,A-10187,TOGGLE SMALL PIN LOCKING STRIP – 110 TON,MF,5,0,NOS,SHOP-FLOOR,7,70,2500.0,FIFO
GEC0000427,4120007100,A-10330,TOGGLE BIG PIN Ø60 - 110 TON,MF,5,0,NOS,SHOP-FLOOR,7,70,2500.0,FIFO
GEC0000428,4120007200,A-10214,CROSS HEAD GUIDE ROD Ø50 - 110 TON,MF,5,0,NOS,SHOP-FLOOR,7,70,2500.0,FIFO
GEC0000429,4120007300,A-10219,CROSS HEAD GUIDE ROD LOCATING PLATE - 110 TON,MF,5,0,NOS,SHOP-FLOOR,7,70,2500.0,FIFO
GEC0000430,4120007400,A-10204,MOVING PLATE WIPER RETAINER - 110 TON,MF,5,0,NOS,SHOP-FLOOR,7,70,2500.0,FIFO
GEC0000431,4120007500,A-10228,EJECTOR PLATE GUIDE ROD - 110 TON,MF,5,0,NOS,SHOP-FLOOR,7,70,2500.0,FIFO
GEC0000432,4020100200,A-10090,TIE BAR NUT M70 X 3 - 110 TON TOGGLE,MF,5,0,NOS,SHOP-FLOOR,7,70,2500.0,FIFO
GEC0000433,4010100900,A-10242,GEAR NUT - 110 TON (MODULE-3 TEETH-48),MF,5,0,NOS,SHOP-FLOOR,7,70,2500.0,FIFO
GEC0000434,4030100200,A-10247,GEAR NUT SPACER - 110 TON,MF,5,0,NOS,SHOP-FLOOR,7,70,2500.0,FIFO
GEC0000435,4040100200,A-10207,MOVING PLATE BUSH Ø85 X Ø70 X 45LG - 110 TON,MF,5,0,NOS,SHOP-FLOOR,7,70,2500.0,FIFO
GEC0000436,4040100800,A-10986,CROSS HEAD BUSH Ø60 X Ø50 X 30LG - 110 TON,MF,5,0,NOS,SHOP-FLOOR,7,70,2500.0,FIFO
GEC0000437,4040200200,A-10192,TOGGLE SMALL GRAPHITE BUSH Ø45 X Ø35 X 60LG - 110 TON,MF,5,0,NOS,SHOP-FLOOR,7,70,2500.0,FIFO
GEC0000438,4040200800,A-10197,TOGGLE BIG GRAPHITE BUSH Ø75 X Ø60 X 70LG - 110 TON,MF,5,0,NOS,SHOP-FLOOR,7,70,2500.0,FIFO
GEC0000439,7270053070,J-10007,PU WIPER SEAL - 70 X 78.6 X 5.3/7,BO,5,0,NOS,STORE-RACK-A1,7,70,6500.0,FIFO
GEC0000440,2000110500,B-10035,LOCKING CYLINDER ASSY - 140 TON (STOCK-360),AS,5,0,NOS,SHOP-FLOOR,7,70,500.0,FIFO
GEC0000441,2000110600,B-10036,EJECTOR CYLINDER ASSY - 140 TON (STOCK-120),AS,5,0,NOS,SHOP-FLOOR,7,70,500.0,FIFO
GEC0000442,7000101200,,FASTENER KIT LOCKING UNIT - 140 TON,AS,5,0,NOS,SHOP-FLOOR,7,70,500.0,FIFO
GEC0000443,4110003000,A-10143,STATIONARY PLATE TOGGLE - 140 TON,CMF,5,0,NOS,SHOP-FLOOR,7,70,2500.0,FIFO
GEC0000444,4110003100,A-10148,MOVING PLATE TOGGLE - 140 TON,CMF,5,0,NOS,SHOP-FLOOR,7,70,2500.0,FIFO
GEC0000445,4110003200,A-10183,END PLATE - 140 TON,CMF,5,0,NOS,SHOP-FLOOR,7,70,2500.0,FIFO
GEC0000446,4110003300,A-10178,CROSS HEAD - 140 TON,CMF,5,0,NOS,SHOP-FLOOR,7,70,2500.0,FIFO
GEC0000447,4110003400,A-10173,CROSS HEAD LINK - 140 TON,CMF,5,0,NOS,SHOP-FLOOR,7,70,2500.0,FIFO
GEC0000448,4110003500,A-10153,BINARY LINK - 140 TON,CMF,5,0,NOS,SHOP-FLOOR,7,70,2500.0,FIFO
GEC0000449,4110003600,A-10163,TERNARY LINK - 140 TON,CMF,5,0,NOS,SHOP-FLOOR,7,70,2500.0,FIFO
GEC0000450,4110003700,A-10162,TERNARY LINK RH - 140 TON,CMF,5,0,NOS,SHOP-FLOOR,7,70,2500.0,FIFO
GEC0000451,4110003800,A-10164,TERNARY LINK LH - 140 TON,CMF,5,0,NOS,SHOP-FLOOR,7,70,2500.0,FIFO
GEC0000452,4110003900,A-10253,GEAR NUT RETAINER - 140 TON,CMF,5,0,NOS,SHOP-FLOOR,7,70,2500.0,FIFO
GEC0000453,4110004000,A-10231,MOVING PLATE SLIDING BLOCK - 140 TON,CMF,5,0,NOS,SHOP-FLOOR,7,70,2500.0,FIFO
GEC0000454,4010100400,A-10258,SUN GEAR - 140 TON (MODULE-3 TEETH-197),CMF,5,0,NOS,SHOP-FLOOR,7,70,2500.0,FIFO
GEC0000455,4120009800,A-10138,TIE BAR Ø80 - 140 TON TOGGLE,MF,5,0,NOS,SHOP-FLOOR,7,70,2500.0,FIFO
GEC0000456,4120009900,A-10128,TIE BAR LOCATING PLATE - 140 TON,MF,5,0,NOS,SHOP-FLOOR,7,70,2500.0,FIFO
GEC0000457,4120010000,A-10336,TOGGLE SMALL PIN Ø40 - 140 TON,MF,5,0,NOS,SHOP-FLOOR,7,70,2500.0,FIFO
GEC0000458,4120010100,A-10189,TOGGLE SMALL PIN LOCKING STRIP – 140 TON,MF,5,0,NOS,SHOP-FLOOR,7,70,2500.0,FIFO
GEC0000459,4120010200,A-10331,TOGGLE BIG PIN Ø70 - 140 TON,MF,5,0,NOS,SHOP-FLOOR,7,70,2500.0,FIFO
GEC0000460,4120010300,A-10213,CROSS HEAD GUIDE ROD Ø55 - 140 TON,MF,5,0,NOS,SHOP-FLOOR,7,70,2500.0,FIFO
GEC0000461,4120010400,A-10218,CROSS HEAD GUIDE ROD LOCATING PLATE - 140 TON,MF,5,0,NOS,SHOP-FLOOR,7,70,2500.0,FIFO
GEC0000462,4120010500,A-10203,MOVING PLATE WIPER RETAINER - 140 TON,MF,5,0,NOS,SHOP-FLOOR,7,70,2500.0,FIFO
GEC0000463,4120010600,A-10227,EJECTOR PLATE GUIDE ROD - 140 TON,MF,5,0,NOS,SHOP-FLOOR,7,70,2500.0,FIFO
GEC0000464,4020100300,A-10133,TIE BAR NUT M80 X 3 - 140 TON TOGGLE,MF,5,0,NOS,SHOP-FLOOR,7,70,2500.0,FIFO
GEC0000465,4010101000,A-10243,GEAR NUT - 140 TON (MODULE-3 TEETH-53),MF,5,0,NOS,SHOP-FLOOR,7,70,2500.0,FIFO
GEC0000466,4030100300,A-10248,GEAR NUT SPACER - 140 TON,MF,5,0,NOS,SHOP-FLOOR,7,70,2500.0,FIFO
GEC0000467,4040100300,A-10208,MOVING PLATE BUSH Ø95 X Ø80 X 50LG - 140 TON,MF,5,0,NOS,SHOP-FLOOR,7,70,2500.0,FIFO
GEC0000468,4040100900,A-10987,CROSS HEAD BUSH Ø65 X Ø55 X 33LG - 140 TON,MF,5,0,NOS,SHOP-FLOOR,7,70,2500.0,FIFO
GEC0000469,4040200300,A-10193,TOGGLE SMALL GRAPHITE BUSH Ø50 X Ø40 X 65LG - 140 TON,MF,5,0,NOS,SHOP-FLOOR,7,70,2500.0,FIFO
GEC0000470,4040200900,A-10199,TOGGLE BIG GRAPHITE BUSH Ø85 X Ø70 X 75LG - 140 TON,MF,5,0,NOS,SHOP-FLOOR,7,70,2500.0,FIFO
GEC0000471,7270053080,J-10009,PU WIPER SEAL - 80 X 88.6 X 5.3/7,BO,5,0,NOS,STORE-RACK-A1,7,70,6500.0,FIFO
GEC0000472,2000110700,B-10038,LOCKING CYLINDER ASSY - 170 TON (STOCK-395),AS,5,0,NOS,SHOP-FLOOR,7,70,500.0,FIFO
GEC0000473,2000110800,B-10039,EJECTOR CYLINDER ASSY - 170 TON (STOCK-130),AS,5,0,NOS,SHOP-FLOOR,7,70,500.0,FIFO
GEC0000474,7000101700,,FASTENER KIT LOCKING UNIT - 170 TON,AS,5,0,NOS,SHOP-FLOOR,7,70,500.0,FIFO
GEC0000475,4110004400,A-10142,STATIONARY PLATE TOGGLE - 170 TON,CMF,5,0,NOS,SHOP-FLOOR,7,70,2500.0,FIFO
GEC0000476,4110004500,A-10147,MOVING PLATE TOGGLE - 170 TON,CMF,5,0,NOS,SHOP-FLOOR,7,70,2500.0,FIFO
GEC0000477,4110004600,A-10182,END PLATE - 170 TON,CMF,5,0,NOS,SHOP-FLOOR,7,70,2500.0,FIFO
GEC0000478,4110004700,A-10177,CROSS HEAD - 170 TON,CMF,5,0,NOS,SHOP-FLOOR,7,70,2500.0,FIFO
GEC0000479,4110004800,A-10172,CROSS HEAD LINK - 170 TON,CMF,5,0,NOS,SHOP-FLOOR,7,70,2500.0,FIFO
GEC0000480,4110004900,A-10152,BINARY LINK - 170 TON,CMF,5,0,NOS,SHOP-FLOOR,7,70,2500.0,FIFO
GEC0000481,4110005000,A-10160,TERNARY LINK - 170 TON,CMF,5,0,NOS,SHOP-FLOOR,7,70,2500.0,FIFO
GEC0000482,4110005100,A-10161,TERNARY LINK RH - 170 TON,CMF,5,0,NOS,SHOP-FLOOR,7,70,2500.0,FIFO
GEC0000483,4110005200,A-10159,TERNARY LINK LH - 170 TON,CMF,5,0,NOS,SHOP-FLOOR,7,70,2500.0,FIFO
GEC0000484,4110005300,A-10252,GEAR NUT RETAINER - 170 TON,CMF,5,0,NOS,SHOP-FLOOR,7,70,2500.0,FIFO
GEC0000485,4010100500,A-10257,SUN GEAR - 170 TON (MODULE-3 TEETH-215),CMF,5,0,NOS,SHOP-FLOOR,7,70,2500.0,FIFO
GEC0000486,4120013900,A-10139,TIE BAR Ø90 - 170 TON TOGGLE,MF,5,0,NOS,SHOP-FLOOR,7,70,2500.0,FIFO
GEC0000487,4120014000,A-10129,TIE BAR LOCATING PLATE - 170 TON,MF,5,0,NOS,SHOP-FLOOR,7,70,2500.0,FIFO
GEC0000488,4120014100,A-10337,TOGGLE SMALL PIN Ø45 - 170 TON,MF,5,0,NOS,SHOP-FLOOR,7,70,2500.0,FIFO
GEC0000489,4120014200,A-10188,TOGGLE SMALL PIN LOCKING STRIP – 170 TON,MF,5,0,NOS,SHOP-FLOOR,7,70,2500.0,FIFO
GEC0000490,4120014300,A-10332,TOGGLE BIG PIN Ø70 - 170 TON,MF,5,0,NOS,SHOP-FLOOR,7,70,2500.0,FIFO
GEC0000491,4120014400,A-10212,CROSS HEAD GUIDE ROD Ø60 - 170 TON,MF,5,0,NOS,SHOP-FLOOR,7,70,2500.0,FIFO
GEC0000492,4120014500,A-10217,CROSS HEAD GUIDE ROD LOCATING PLATE - 170 TON,MF,5,0,NOS,SHOP-FLOOR,7,70,2500.0,FIFO
GEC0000493,4120014600,A-10202,MOVING PLATE WIPER RETAINER - 170 TON,MF,5,0,NOS,SHOP-FLOOR,7,70,2500.0,FIFO
GEC0000494,4120014700,A-10222,EJECTOR CYLINDER MTG PLATE - 170 TON,MF,5,0,NOS,SHOP-FLOOR,7,70,2500.0,FIFO
GEC0000495,4120014800,A-10226,EJECTOR PLATE GUIDE ROD - 170 TON,MF,5,0,NOS,SHOP-FLOOR,7,70,2500.0,FIFO
GEC0000496,4020100400,A-10134,TIE BAR NUT M90 X 3 - 170 TON TOGGLE,MF,5,0,NOS,SHOP-FLOOR,7,70,2500.0,FIFO
GEC0000497,4010101100,A-10244,GEAR NUT - 170 TON (MODULE-3 TEETH-58),MF,5,0,NOS,SHOP-FLOOR,7,70,2500.0,FIFO
GEC0000498,4030100400,A-10249,GEAR NUT SPACER - 170 TON,MF,5,0,NOS,SHOP-FLOOR,7,70,2500.0,FIFO
GEC0000499,4040100400,A-10209,MOVING PLATE BUSH Ø105 X Ø90 X 55LG - 170 TON,MF,5,0,NOS,SHOP-FLOOR,7,70,2500.0,FIFO
GEC0000500,4040200400,A-10195,TOGGLE SMALL GRAPHITE BUSH Ø55 X Ø45 X 70LG - 170 TON,MF,5,0,NOS,SHOP-FLOOR,7,70,2500.0,FIFO
GEC0000501,4040201000,A-10198,TOGGLE BIG GRAPHITE BUSH Ø90 X Ø75 X 85LG - 170 TON,MF,5,0,NOS,SHOP-FLOOR,7,70,2500.0,FIFO
GEC0000502,7270072090,,PU WIPER SEAL  - 90 X 102.2 X 7.2/12,BO,5,0,NOS,STORE-RACK-A1,7,70,6500.0,FIFO
GEC0000503,6110100200,,TORQUE PISTON MOTOR TMP-315 (170-200),BO,5,0,NOS,STORE-RACK-A1,7,70,6500.0,FIFO
GEC0000504,2000110900,B-10041,LOCKING CYLINDER ASSY - 200 TON (STOCK-425),AS,5,0,NOS,SHOP-FLOOR,7,70,500.0,FIFO
GEC0000505,2000111000,B-10042,EJECTOR CYLINDER ASSY - 200 TON (STOCK-150),AS,5,0,NOS,SHOP-FLOOR,7,70,500.0,FIFO
GEC0000506,7000102200,,FASTENER KIT LOCKING UNIT - 200 TON,AS,5,0,NOS,SHOP-FLOOR,7,70,500.0,FIFO
GEC0000507,4110005800,A-10141,STATIONARY PLATE TOGGLE - 200 TON,CMF,5,0,NOS,SHOP-FLOOR,7,70,2500.0,FIFO
GEC0000508,4110005900,A-10146,MOVING PLATE TOGGLE - 200 TON,CMF,5,0,NOS,SHOP-FLOOR,7,70,2500.0,FIFO
GEC0000509,4110006000,A-10181,END PLATE - 200 TON,CMF,5,0,NOS,SHOP-FLOOR,7,70,2500.0,FIFO
GEC0000510,4110006100,A-10176,CROSS HEAD - 200 TON,CMF,5,0,NOS,SHOP-FLOOR,7,70,2500.0,FIFO
GEC0000511,4110006200,A-10171,CROSS HEAD LINK - 200 TON,CMF,5,0,NOS,SHOP-FLOOR,7,70,2500.0,FIFO
GEC0000512,4110006300,A-10151,BINARY LINK - 200 TON,CMF,5,0,NOS,SHOP-FLOOR,7,70,2500.0,FIFO
GEC0000513,4110006400,A-10156,TERNARY LINK - 200 TON,CMF,5,0,NOS,SHOP-FLOOR,7,70,2500.0,FIFO
GEC0000514,4110006500,A-10157,TERNARY LINK RH - 200 TON,CMF,5,0,NOS,SHOP-FLOOR,7,70,2500.0,FIFO
GEC0000515,4110006600,A-10158,TERNARY LINK LH - 200 TON,CMF,5,0,NOS,SHOP-FLOOR,7,70,2500.0,FIFO
GEC0000516,4110006700,A-10251,GEAR NUT RETAINER - 200 TON,CMF,5,0,NOS,SHOP-FLOOR,7,70,2500.0,FIFO
GEC0000517,4110006800,A-10230,MOVING PLATE SLIDING BLOCK - 200 TON,MF,5,0,NOS,SHOP-FLOOR,7,70,2500.0,FIFO
GEC0000518,4010100600,A-10256,SUN GEAR - 200 TON (MODULE-3 TEETH-240),CMF,5,0,NOS,SHOP-FLOOR,7,70,2500.0,FIFO
GEC0000519,4120017700,A-10140,TIE BAR Ø95 - 200 TON TOGGLE,MF,5,0,NOS,SHOP-FLOOR,7,70,2500.0,FIFO
GEC0000520,4120017800,A-10130,TIE BAR LOCATING PLATE - 200 TON,MF,5,0,NOS,SHOP-FLOOR,7,70,2500.0,FIFO
GEC0000521,4120017900,A-10338,TOGGLE SMALL PIN Ø50 - 200 TON,MF,5,0,NOS,SHOP-FLOOR,7,70,2500.0,FIFO
GEC0000522,4120018000,A-10190,TOGGLE SMALL PIN LOCKING STRIP - 200 TON,MF,5,0,NOS,SHOP-FLOOR,7,70,2500.0,FIFO
GEC0000523,4120018100,A-10333,TOGGLE BIG PIN Ø80 - 200 TON,MF,5,0,NOS,SHOP-FLOOR,7,70,2500.0,FIFO
GEC0000524,4120018200,A-10211,CROSS HEAD GUIDE ROD Ø65 - 200 TON,MF,5,0,NOS,SHOP-FLOOR,7,70,2500.0,FIFO
GEC0000525,4120018300,A-10216,CROSS HEAD GUIDE ROD LOCATING PLATE - 200 TON,MF,5,0,NOS,SHOP-FLOOR,7,70,2500.0,FIFO
GEC0000526,4120018400,A-10201,MOVING PLATE WIPER RETAINER - 200 TON,MF,5,0,NOS,SHOP-FLOOR,7,70,2500.0,FIFO
GEC0000527,4120018500,A-10225,EJECTOR PLATE GUIDE ROD - 200 TON,MF,5,0,NOS,SHOP-FLOOR,7,70,2500.0,FIFO
GEC0000528,4020100500,A-10135,TIE BAR NUT M95 X 3  - 200 TON TOGGLE,MF,5,0,NOS,SHOP-FLOOR,7,70,2500.0,FIFO
GEC0000529,4010101200,A-10245,GEAR NUT - 200 TON (MODULE-3 TEETH-60),MF,5,0,NOS,SHOP-FLOOR,7,70,2500.0,FIFO
GEC0000530,4030100500,A-10250,GEAR NUT SPACER - 200 TON,MF,5,0,NOS,SHOP-FLOOR,7,70,2500.0,FIFO
GEC0000531,4040100500,A-10210,MOVING PLATE BUSH Ø110 X Ø95 X 60LG - 200 TON,MF,5,0,NOS,SHOP-FLOOR,7,70,2500.0,FIFO
GEC0000532,4040101100,A-10989,CROSS HEAD BUSH Ø75 X Ø65 X 38LG - 200 TON,MF,5,0,NOS,SHOP-FLOOR,7,70,2500.0,FIFO
GEC0000533,4040200500,A-10194,TOGGLE SMALL GRAPHITE BUSH Ø60 X Ø50 X 75LG - 200 TON,MF,5,0,NOS,SHOP-FLOOR,7,70,2500.0,FIFO
GEC0000534,4040201100,A-10200,TOGGLE BIG GRAPHITE BUSH Ø95 X Ø80 X 95LG - 200 TON,MF,5,0,NOS,SHOP-FLOOR,7,70,2500.0,FIFO
GEC0000535,7270072095,,PU WIPER SEAL - 95 X 107.2 X 7.2/12,BO,5,0,NOS,STORE-RACK-A1,7,70,6500.0,FIFO
GEC0000536,2000210100,B-10077,BARREL PLATE ASSY - 280,AS,5,0,NOS,SHOP-FLOOR,7,70,500.0,FIFO
GEC0000537,2000210200,B-10083,BEARING HOUSING ASSY -280,AS,5,0,NOS,SHOP-FLOOR,7,70,500.0,FIFO
GEC0000538,2000210300,B-10024,NOZZLE CYLINDER ASSY - (STOCK-350),AS,5,0,NOS,SHOP-FLOOR,7,70,500.0,FIFO
GEC0000539,4110001300,A-10013,INJECTION GUIDE ROD SUPPORT Ø60 - 280,CMF,5,0,NOS,SHOP-FLOOR,7,70,2500.0,FIFO
GEC0000540,4110001400,A-10081,INJECTION CYLINDER ROD NUT RETAINER - 280,CMF,5,0,NOS,SHOP-FLOOR,7,70,2500.0,FIFO
GEC0000541,4120001300,A-10014,INJECTION GUIDE ROD Ø60 - 280,MF,5,0,NOS,SHOP-FLOOR,7,70,2500.0,FIFO
GEC0000542,4020100700,A-10086,INJECTION CYLINDER ROD NUT - 280 (M40 X 2),MF,5,0,NOS,SHOP-FLOOR,7,70,2500.0,FIFO
GEC0000543,7000100300,,FASTENER KIT INJECTION UNIT - 280,BO,5,0,NOS,STORE-RACK-A1,7,70,6500.0,FIFO
GEC0000544,2000210400,B-10078,BARREL PLATE ASSY - 420 (STOCK-175),AS,5,0,NOS,SHOP-FLOOR,7,70,500.0,FIFO
GEC0000545,2000210500,,BEARING HOUSING ASSY - 420,AS,5,0,NOS,SHOP-FLOOR,7,70,500.0,FIFO
GEC0000546,4120007600,A-10015,INJECTION GUIDE ROD Ø60 - 420,MF,5,0,NOS,SHOP-FLOOR,7,70,2500.0,FIFO
GEC0000547,7000100800,,FASTENER KIT INJECTION UNIT - 420,BO,5,0,NOS,STORE-RACK-A1,7,70,6500.0,FIFO
GEC0000548,2000210600,B-10079,BARREL PLATE ASSY - 635 (STOCK-210),AS,5,0,NOS,SHOP-FLOOR,7,70,500.0,FIFO
GEC0000549,2000210700,B-10084,BEARING HOUSING ASSY - 635,AS,5,0,NOS,SHOP-FLOOR,7,70,500.0,FIFO
GEC0000550,4110004100,A-10082,INJECTION CYLINDER ROD NUT RETAINER - 635,CMF,5,0,NOS,SHOP-FLOOR,7,70,2500.0,FIFO
GEC0000551,4120010700,A-10016,INJECTION GUIDE ROD Ø60 - 635,MF,5,0,NOS,SHOP-FLOOR,7,70,2500.0,FIFO
GEC0000552,4020100800,A-10087,INJECTION CYLINDER ROD NUT - 635 (M50 X 2),MF,5,0,NOS,SHOP-FLOOR,7,70,2500.0,FIFO
GEC0000553,7000101300,,FASTENER KIT INJECTION UNIT - 635,BO,5,0,NOS,STORE-RACK-A1,7,70,6500.0,FIFO
GEC0000554,2000210800,B-10080,BARREL PLATE ASSY - 905 (STOCK-245),AS,5,0,NOS,SHOP-FLOOR,7,70,500.0,FIFO
GEC0000555,2000210900,B-10085,BEARING HOUSING ASSY - 905,AS,5,0,NOS,SHOP-FLOOR,7,70,500.0,FIFO
GEC0000556,2000211000,B-10030,NOZZLE CYLINDER ASSY - (STOCK-400),AS,5,0,NOS,SHOP-FLOOR,7,70,500.0,FIFO
GEC0000557,4110005400,A-10012,INJECTION GUIDE ROD SUPPORT Ø70 - 905,CMF,5,0,NOS,SHOP-FLOOR,7,70,2500.0,FIFO
GEC0000558,4110005500,A-10083,INJECTION CYLINDER ROD NUT RETAINER - 905,CMF,5,0,NOS,SHOP-FLOOR,7,70,2500.0,FIFO
GEC0000559,4120014900,A-10017,INJECTION GUIDE ROD Ø70 - 905,MF,5,0,NOS,SHOP-FLOOR,7,70,2500.0,FIFO
GEC0000560,4020100900,A-10088,INJECTION CYLINDER ROD NUT - 905 (M60 X 2),MF,5,0,NOS,SHOP-FLOOR,7,70,2500.0,FIFO
GEC0000561,7000101800,,FASTENER KIT INJECTION UNIT - 905,BO,5,0,NOS,STORE-RACK-A1,7,70,6500.0,FIFO
GEC0000562,2000211100,B-10081,BARREL PLATE ASSY - 1520 (STOCK-280),AS,5,0,NOS,SHOP-FLOOR,7,70,500.0,FIFO
GEC0000563,2000211200,B-10086,BEARING HOUSING ASSY - 1520,AS,5,0,NOS,SHOP-FLOOR,7,70,500.0,FIFO
GEC0000564,4110006900,A-10084,INJECTION CYLINDER ROD NUT RETAINER - 1520,CMF,5,0,NOS,SHOP-FLOOR,7,70,2500.0,FIFO
GEC0000565,4120018600,A-10018,INJECTION GUIDE ROD Ø70 - 1520,MF,5,0,NOS,SHOP-FLOOR,7,70,2500.0,FIFO
GEC0000566,7000102300,,FASTENER KIT INJECTION UNIT - 1520,BO,5,0,NOS,STORE-RACK-A1,7,70,6500.0,FIFO
GEC0000567,2000211300,B-10082,BARREL PLATE ASSY - 2350 (STOCK-315),AS,5,0,NOS,SHOP-FLOOR,7,70,500.0,FIFO
GEC0000568,2000211400,B-10087,BEARING HOUSING ASSY - 2350,AS,5,0,NOS,SHOP-FLOOR,7,70,500.0,FIFO
GEC0000569,2000211500,B-10071,NOZZLE CYLINDER ASSY - (STOCK-500),AS,5,0,NOS,SHOP-FLOOR,7,70,500.0,FIFO
GEC0000570,4110007200,A-10085,INJECTION CYLINDER ROD NUT RETAINER - 2350,CMF,5,0,NOS,SHOP-FLOOR,7,70,2500.0,FIFO
GEC0000571,4120021300,A-10019,INJECTION GUIDE ROD Ø70 - 2350,MF,5,0,NOS,SHOP-FLOOR,7,70,2500.0,FIFO
GEC0000572,7000102600,,FASTENER KIT INJECTION UNIT - 2350,BO,5,0,NOS,STORE-RACK-A1,7,70,6500.0,FIFO
GEC0000573,1000210600,B-10031,GUIDE ROD TYPE INJECTION UNIT - 2350,AS,5,0,NOS,BAY-ASSY-01,7,70,50000.0,FIFO
GEC0000574,7000100400,,FASTENER KIT BARREL PLATE ASSY - 280,BO,5,0,NOS,STORE-RACK-A1,7,70,6500.0,FIFO
GEC0000575,4110001500,A-10020,BARREL PLATE - 280 (STOCK-150),CMF,5,0,NOS,SHOP-FLOOR,7,70,2500.0,FIFO
GEC0000576,4120001400,A-10109,INJECTION CYLINDER FRONT CAP - 280,MF,5,0,NOS,SHOP-FLOOR,7,70,2500.0,FIFO
GEC0000577,4120001500,A-10103,INJECTION CYLINDER END CAP - 280,MF,5,0,NOS,SHOP-FLOOR,7,70,2500.0,FIFO
GEC0000578,4120001600,A-10091,INJECTION CYLINDER ROD - 280,MF,5,0,NOS,SHOP-FLOOR,7,70,2500.0,FIFO
GEC0000579,4120001700,A-10097,INJECTION PISTON Ø100 - 280,MF,5,0,NOS,SHOP-FLOOR,7,70,2500.0,FIFO
GEC0000580,4120001800,A-10312,HYDRAULIC ROD BUSH - Ø50,MF,5,0,NOS,SHOP-FLOOR,7,70,2500.0,FIFO
GEC0000581,7220100200,G-10057,DU BUSH - 60 X 65 X 60 LG,BO,5,0,NOS,STORE-RACK-A1,7,70,6500.0,FIFO
GEC0000582,7230063100,J-10307,GLIDE RING - 100 X 84.5 X 6.3,BO,5,0,NOS,STORE-RACK-A1,7,70,6500.0,FIFO
GEC0000583,7240097095,J-10215,GUIDE RING - 95 X 100 X 9.7,BO,5,0,NOS,STORE-RACK-A1,7,70,6500.0,FIFO
GEC0000584,7240097050,J-10204,GUIDE RING - 50 X 55 X 9.7,BO,5,0,NOS,STORE-RACK-A1,7,70,6500.0,FIFO
GEC0000585,7250042050,J-10354,STEP SEAL - 50 X 61 X 4.2,BO,5,0,NOS,STORE-RACK-A1,7,70,6500.0,FIFO
GEC0000586,7260073050,J-10054,ROD SEAL - 50 X 60 X 7.3,BO,5,0,NOS,STORE-RACK-A1,7,70,6500.0,FIFO
GEC0000587,7270053050,J-10004,PU WIPER SEAL 50 X58.6 X 5.3/7,BO,5,0,NOS,STORE-RACK-A1,7,70,6500.0,FIFO
GEC0000588,7290003040,J-10104,O RING - 40 X 3 (O RING- 45.69X2.62),BO,5,0,NOS,STORE-RACK-A1,7,70,6500.0,FIFO
GEC0000589,7290005090,J-10122,O RING - 90 X 5 (O RING-91.67X3.53),BO,5,0,NOS,STORE-RACK-A1,7,70,6500.0,FIFO
GEC0000590,7000100900,,FASTENER KIT BARREL PLATE ASSY - 420,BO,5,0,NOS,STORE-RACK-A1,7,70,6500.0,FIFO
GEC0000591,4110002900,A-10021,BARREL PLATE - 420 (STOCK-175),CMF,5,0,NOS,SHOP-FLOOR,7,70,2500.0,FIFO
GEC0000592,4120007700,A-10110,INJECTION CYLINDER FRONT CAP - 420,MF,5,0,NOS,SHOP-FLOOR,7,70,2500.0,FIFO
GEC0000593,4120007800,A-10104,INJECTION CYLINDER END CAP - 420,MF,5,0,NOS,SHOP-FLOOR,7,70,2500.0,FIFO
GEC0000594,4120007900,A-10092,INJECTION CYLINDER ROD - 420,MF,5,0,NOS,SHOP-FLOOR,7,70,2500.0,FIFO
GEC0000595,4120008000,A-10098,INJECTION PISTON Ø110 - 420,MF,5,0,NOS,SHOP-FLOOR,7,70,2500.0,FIFO
GEC0000596,7230063110,J-10308,GLIDE RING - 110 X 94.5 X 6.3,BO,5,0,NOS,STORE-RACK-A1,7,70,6500.0,FIFO
GEC0000597,7240097105,J-10216,GUIDE RING - 105 X 110 X 9.7,BO,5,0,NOS,STORE-RACK-A1,7,70,6500.0,FIFO
GEC0000598,7290005100,J-10114,O RING - 100 X 5 (O RING-100.97X5.33),BO,5,0,NOS,STORE-RACK-A1,7,70,6500.0,FIFO
GEC0000599,7000101400,,FASTENER KIT BARREL PLATE ASSY - 635,BO,5,0,NOS,STORE-RACK-A1,7,70,6500.0,FIFO
GEC0000600,4110004200,A-10022,BARREL PLATE - 635 (STOCK-210),CMF,5,0,NOS,SHOP-FLOOR,7,70,2500.0,FIFO
GEC0000601,4120010800,A-10111,INJECTION CYLINDER FRONT CAP - 635,MF,5,0,NOS,SHOP-FLOOR,7,70,2500.0,FIFO
GEC0000602,4120010900,A-10105,INJECTION CYLINDER END CAP - 635,MF,5,0,NOS,SHOP-FLOOR,7,70,2500.0,FIFO
GEC0000603,4120011000,A-10093,INJECTION CYLINDER ROD - 635,MF,5,0,NOS,SHOP-FLOOR,7,70,2500.0,FIFO
GEC0000604,4120011100,A-10099,INJECTION PISTON Ø125 - 635,MF,5,0,NOS,SHOP-FLOOR,7,70,2500.0,FIFO
GEC0000605,4120011200,A-10313,HYDRAULIC ROD BUSH - Ø60,MF,5,0,NOS,SHOP-FLOOR,7,70,2500.0,FIFO
GEC0000606,7230063125,J-10309,GLIDE RING - 125 X 109.5 X 6.3,BO,5,0,NOS,STORE-RACK-A1,7,70,6500.0,FIFO
GEC0000607,7240097120,J-10217,GUIDE RING - 120X125X9.7,BO,5,0,NOS,STORE-RACK-A1,7,70,6500.0,FIFO
GEC0000608,7240015060,J-10210,GUIDE RING - 60 X6 5 X 15,BO,5,0,NOS,STORE-RACK-A1,7,70,6500.0,FIFO
GEC0000609,7240097060,J-10221,GUIDE RING - 60 X 65 X 9.7,BO,5,0,NOS,STORE-RACK-A1,7,70,6500.0,FIFO
GEC0000610,7260010060,J-10055,ROD SEAL - 60 X 70 X 10,BO,5,0,NOS,STORE-RACK-A1,7,70,6500.0,FIFO
GEC0000611,7270053060,J-10005,PU WIPER SEAL - 60 X 68.6 X 5.3/7,BO,5,0,NOS,STORE-RACK-A1,7,70,6500.0,FIFO
GEC0000612,7290004050,J-10105,O RING - 50 X 4 (O RING- 53.57X3.53),BO,5,0,NOS,STORE-RACK-A1,7,70,6500.0,FIFO
GEC0000613,7290005115,,O RING - 115 X 5 (O RING- 113.84X5.33),BO,5,0,NOS,STORE-RACK-A1,7,70,6500.0,FIFO
GEC0000614,7000101900,,FASTENER KIT BARREL PLATE ASSY - 905,BO,5,0,NOS,STORE-RACK-A1,7,70,6500.0,FIFO
GEC0000615,4110005600,A-10023,BARREL PLATE - 905 (STOCK-245),CMF,5,0,NOS,SHOP-FLOOR,7,70,2500.0,FIFO
GEC0000616,4120015000,A-10112,INJECTION CYLINDER FRONT CAP - 905,MF,5,0,NOS,SHOP-FLOOR,7,70,2500.0,FIFO
GEC0000617,4120015100,A-10106,INJECTION CYLINDER END CAP - 905,MF,5,0,NOS,SHOP-FLOOR,7,70,2500.0,FIFO
GEC0000618,4120015200,A-10094,INJECTION CYLINDER ROD - 905,MF,5,0,NOS,SHOP-FLOOR,7,70,2500.0,FIFO
GEC0000619,4120015300,A-10100,INJECTION PISTON Ø140 - 905,MF,5,0,NOS,SHOP-FLOOR,7,70,2500.0,FIFO
GEC0000620,4120015400,A-10314,HYDRAULIC ROD BUSH - Ø70,MF,5,0,NOS,SHOP-FLOOR,7,70,2500.0,FIFO
GEC0000621,7220100300,G-10058,DU BUSH - 70 X 75 X 70 LG,BO,5,0,NOS,STORE-RACK-A1,7,70,6500.0,FIFO
GEC0000622,7230063140,J-10310,GLIDE RING - 140 X 124.5 X 6.3,BO,5,0,NOS,STORE-RACK-A1,7,70,6500.0,FIFO
GEC0000623,7240097135,J-10218,GUIDE RING - 135 X 140 X 9.7,BO,5,0,NOS,STORE-RACK-A1,7,70,6500.0,FIFO
GEC0000624,7240015070,J-10211,GUIDE RING - 70 X 75 X 15,BO,5,0,NOS,STORE-RACK-A1,7,70,6500.0,FIFO
GEC0000625,7240097070,J-10222,GUIDE RING - 70 X 75 X 9.7,BO,5,0,NOS,STORE-RACK-A1,7,70,6500.0,FIFO
GEC0000626,7260114070,J-10056,ROD SEAL - 70 X 85 X 11.4,BO,5,0,NOS,STORE-RACK-A1,7,70,6500.0,FIFO
GEC0000627,7290004060,J-10107,O RING - 60 X 4 (63.09X3.53),BO,5,0,NOS,STORE-RACK-A1,7,70,6500.0,FIFO
GEC0000628,7290005130,J-10116,O RING - 130 X 5 (O RING- 129.54X5.33),BO,5,0,NOS,STORE-RACK-A1,7,70,6500.0,FIFO
GEC0000629,7000102400,,FASTENER KIT BARREL PLATE ASSY - 1520,BO,5,0,NOS,STORE-RACK-A1,7,70,6500.0,FIFO
GEC0000630,4110007000,A-10024,BARREL PLATE - 1520 (STOCK-280),CMF,5,0,NOS,SHOP-FLOOR,7,70,2500.0,FIFO
GEC0000631,4120018700,A-10113,INJECTION CYLINDER FRONT CAP - 1520,MF,5,0,NOS,SHOP-FLOOR,7,70,2500.0,FIFO
GEC0000632,4120018800,A-10107,INJECTION CYLINDER END CAP - 1520,MF,5,0,NOS,SHOP-FLOOR,7,70,2500.0,FIFO
GEC0000633,4120018900,A-10095,INJECTION CYLINDER ROD - 1520,MF,5,0,NOS,SHOP-FLOOR,7,70,2500.0,FIFO
GEC0000634,4120019000,A-10101,INJECTION PISTON Ø165 - 1520,MF,5,0,NOS,SHOP-FLOOR,7,70,2500.0,FIFO
GEC0000635,4120019100,A-10315,HYDRAULIC ROD BUSH - Ø75,MF,5,0,NOS,SHOP-FLOOR,7,70,2500.0,FIFO
GEC0000636,7230081165,J-10311,GLIDE RING - 165 X 144 X 8.1,BO,5,0,NOS,STORE-RACK-A1,7,70,6500.0,FIFO
GEC0000637,7240015160,J-10219,GUIDE RING - 160 X 165 X 15,BO,5,0,NOS,STORE-RACK-A1,7,70,6500.0,FIFO
GEC0000638,7240015075,J-10212,GUIDE RING - 75 X 80 X 15,BO,5,0,NOS,STORE-RACK-A1,7,70,6500.0,FIFO
GEC0000639,7240097075,J-10208,GUIDE RING - 75 X 80 X 9.7,BO,5,0,NOS,STORE-RACK-A1,7,70,6500.0,FIFO
GEC0000640,7260012075,J-10057,ROD SEAL - 75 X 85 X 12,BO,5,0,NOS,STORE-RACK-A1,7,70,6500.0,FIFO
GEC0000641,7270053075,J-10008,PU WIPER SEAL - 75 X 83.2 X 5.3/7,BO,5,0,NOS,STORE-RACK-A1,7,70,6500.0,FIFO
GEC0000642,7290004065,J-10108,O RING - 65 X 4 (O RING- 69.44X3.53),BO,5,0,NOS,STORE-RACK-A1,7,70,6500.0,FIFO
GEC0000643,7290006150,J-10117,O RING - 150 X 6 (O RING-151.77 X5.33),BO,5,0,NOS,STORE-RACK-A1,7,70,6500.0,FIFO
GEC0000644,7000102700,,FASTENER KIT BARREL PLATE ASSY - 2350,BO,5,0,NOS,STORE-RACK-A1,7,70,6500.0,FIFO
GEC0000645,4110007300,A-10025,BARREL PLATE - 2350 (STOCK-315),CMF,5,0,NOS,SHOP-FLOOR,7,70,2500.0,FIFO
GEC0000646,4120021400,A-10114,INJECTION CYLINDER FRONT CAP - 2350,MF,5,0,NOS,SHOP-FLOOR,7,70,2500.0,FIFO
GEC0000647,4120021500,A-10108,INJECTION CYLINDER END CAP - 2350,MF,5,0,NOS,SHOP-FLOOR,7,70,2500.0,FIFO
GEC0000648,4120021600,A-10096,INJECTION CYLINDER ROD - 2350,MF,5,0,NOS,SHOP-FLOOR,7,70,2500.0,FIFO
GEC0000649,4120021700,A-10102,INJECTION PISTON Ø190 - 2350,MF,5,0,NOS,SHOP-FLOOR,7,70,2500.0,FIFO
GEC0000650,4120021800,A-10316,HYDRAULIC ROD BUSH - Ø80,MF,5,0,NOS,SHOP-FLOOR,7,70,2500.0,FIFO
GEC0000651,7230081190,J-10312,GLIDE RING - 190 X 169 X 8.1,BO,5,0,NOS,STORE-RACK-A1,7,70,6500.0,FIFO
GEC0000652,7240015185,J-10220,GUIDE RING - 185 X 190 X 15,BO,5,0,NOS,STORE-RACK-A1,7,70,6500.0,FIFO
GEC0000653,7240015080,J-10213,GUIDE RING - 80 X 85 X 15,BO,5,0,NOS,STORE-RACK-A1,7,70,6500.0,FIFO
GEC0000654,7240097080,J-10209,GUIDE RING - 80 X 85 X 9.7,BO,5,0,NOS,STORE-RACK-A1,7,70,6500.0,FIFO
GEC0000655,7260114080,J-10058,ROD SEAL - 80 X 95 X 11.4,BO,5,0,NOS,STORE-RACK-A1,7,70,6500.0,FIFO
GEC0000656,7290004070,J-10109,O RING - 70 X 4 (O RING- 72.62X3.53),BO,5,0,NOS,STORE-RACK-A1,7,70,6500.0,FIFO
GEC0000657,7290006175,J-10118,O RING - 175 X 6 (O RING-177.17 X5.33),BO,5,0,NOS,STORE-RACK-A1,7,70,6500.0,FIFO
GEC0000658,"NEW 
PART CODE",,FASTENER KIT BEARING HOUSING ASSY - 280,BO,5,0,NOS,STORE-RACK-A1,7,70,6500.0,FIFO
GEC0000659,4110001600,A-10026,BEARING HOUSING - 280,CMF,5,0,NOS,SHOP-FLOOR,7,70,2500.0,FIFO
GEC0000660,4120001900,A-10039,SCREW DRIVE SHAFT - 280,MF,5,0,NOS,SHOP-FLOOR,7,70,2500.0,FIFO
GEC0000661,4120002000,A-10076,DRIVE SHAFT OIL SEAL FLANGE - 280,MF,5,0,NOS,SHOP-FLOOR,7,70,2500.0,FIFO
GEC0000662,4020101000,A-10035,DRIVE SHAFT NUT - 280 (M70 X 3),MF,5,0,NOS,SHOP-FLOOR,7,70,2500.0,FIFO
GEC0000663,4020101100,A-10031,DRIVE SHAFT CHECK NUT - 280 (M70 X 3),MF,5,0,NOS,SHOP-FLOOR,7,70,2500.0,FIFO
GEC0000664,7280095115,J-10451,RADIAL OIL SEAL - 95 X 115 X 12,BO,5,0,NOS,STORE-RACK-A1,7,70,6500.0,FIFO
GEC0000665,7200100100,G-10005,TAPER ROLLER BEARING-32014,BO,5,0,NOS,STORE-RACK-A1,7,70,6500.0,FIFO
GEC0000666,7200100200,G-10006,TAPER ROLLER BEARING-32216,BO,5,0,NOS,STORE-RACK-A1,7,70,6500.0,FIFO
GEC0000667,6110100300,D-10326,TORQUE PISTON MOTOR TMDG 2-200 S18,BO,5,0,NOS,STORE-RACK-A1,7,70,6500.0,FIFO
GEC0000668,7000101000,,FASTENER KIT BEARING HOUSING ASSY - 420,BO,5,0,NOS,STORE-RACK-A1,7,70,6500.0,FIFO
GEC0000669,6110100400,,TORQUE PISTON MOTOR TMDG 3-300 S18,BO,5,0,NOS,STORE-RACK-A1,7,70,6500.0,FIFO
GEC0000670,7000101500,,FASTENER KIT BEARING HOUSING ASSY - 635,BO,5,0,NOS,STORE-RACK-A1,7,70,6500.0,FIFO
GEC0000671,4110004300,A-10027,BEARING HOUSING - 635,CMF,5,0,NOS,SHOP-FLOOR,7,70,2500.0,FIFO
GEC0000672,4120011300,A-10040,SCREW DRIVE SHAFT - 635,MF,5,0,NOS,SHOP-FLOOR,7,70,2500.0,FIFO
GEC0000673,4120011400,A-10077,DRIVE SHAFT OIL SEAL FLANGE - 635,MF,5,0,NOS,SHOP-FLOOR,7,70,2500.0,FIFO
GEC0000674,4020101200,A-10036,DRIVE SHAFT NUT - 635 (M80 X 3),MF,5,0,NOS,SHOP-FLOOR,7,70,2500.0,FIFO
GEC0000675,4020101300,A-10032,DRIVE SHAFT CHECK NUT - 635 (M80 X 3),MF,5,0,NOS,SHOP-FLOOR,7,70,2500.0,FIFO
GEC0000676,7280105125,J-10452,RADIAL OIL SEAL - 105 X 125 X 12,BO,5,0,NOS,STORE-RACK-A1,7,70,6500.0,FIFO
GEC0000677,7200100300,G-10203,TAPER ROLLER BEARING-32218,BO,5,0,NOS,STORE-RACK-A1,7,70,6500.0,FIFO
GEC0000678,6110100500,,TORQUE PISTON MOTOR TMDG 3-400 S18,BO,5,0,NOS,STORE-RACK-A1,7,70,6500.0,FIFO
GEC0000679,7000102000,,FASTENER KIT BEARING HOUSING ASSY - 905,BO,5,0,NOS,STORE-RACK-A1,7,70,6500.0,FIFO
GEC0000680,4110005700,A-10028,BEARING HOUSING - 905,CMF,5,0,NOS,SHOP-FLOOR,7,70,2500.0,FIFO
GEC0000681,4120015500,A-10041,SCREW DRIVE SHAFT - 905,MF,5,0,NOS,SHOP-FLOOR,7,70,2500.0,FIFO
GEC0000682,4120015600,A-10078,DRIVE SHAFT OIL SEAL FLANGE - 905,MF,5,0,NOS,SHOP-FLOOR,7,70,2500.0,FIFO
GEC0000683,7280110130,J-10453,RADIAL OIL SEAL - 110 X 130 X 12,BO,5,0,NOS,STORE-RACK-A1,7,70,6500.0,FIFO
GEC0000684,7200100400,G-10204,TAPER ROLLER BEARING-32219,BO,5,0,NOS,STORE-RACK-A1,7,70,6500.0,FIFO
GEC0000685,6110100600,,TORQUE PISTON MOTOR TMDG 6-500 S28,BO,5,0,NOS,STORE-RACK-A1,7,70,6500.0,FIFO
GEC0000686,7000102500,,FASTENER KIT BEARING HOUSING ASSY - 1520,BO,5,0,NOS,STORE-RACK-A1,7,70,6500.0,FIFO
GEC0000687,4110007100,A-10029,BEARING HOUSING - 1520,CMF,5,0,NOS,SHOP-FLOOR,7,70,2500.0,FIFO
GEC0000688,4120019200,A-10042,SCREW DRIVE SHAFT - 1520,MF,5,0,NOS,SHOP-FLOOR,7,70,2500.0,FIFO
GEC0000689,4120019300,A-10079,DRIVE SHAFT OIL SEAL FLANGE - 1520,MF,5,0,NOS,SHOP-FLOOR,7,70,2500.0,FIFO
GEC0000690,4020101400,A-10037,DRIVE SHAFT NUT - 1520 (M90 X 4),MF,5,0,NOS,SHOP-FLOOR,7,70,2500.0,FIFO
GEC0000691,4020101500,A-10033,DRIVE SHAFT CHECK NUT - 1520 (M90 X 4),MF,5,0,NOS,SHOP-FLOOR,7,70,2500.0,FIFO
GEC0000692,7280115140,J-10454,RADIAL OIL SEAL - 115 X 140 X 12,BO,5,0,NOS,STORE-RACK-A1,7,70,6500.0,FIFO
GEC0000693,7200100500,G-10205,TAPER ROLLER BEARING-32220,BO,5,0,NOS,STORE-RACK-A1,7,70,6500.0,FIFO
GEC0000694,6110100700,,TORQUE PISTON MOTOR TMDG 8-800B,BO,5,0,NOS,STORE-RACK-A1,7,70,6500.0,FIFO
GEC0000695,7000102800,,FASTENER KIT BEARING HOUSING ASSY - 2350,BO,5,0,NOS,STORE-RACK-A1,7,70,6500.0,FIFO
GEC0000696,4110007400,A-10030,BEARING HOUSING - 2350,CMF,5,0,NOS,SHOP-FLOOR,7,70,2500.0,FIFO
GEC0000697,4120021900,A-10043,SCREW DRIVE SHAFT - 2350,MF,5,0,NOS,SHOP-FLOOR,7,70,2500.0,FIFO
GEC0000698,4120022000,A-10080,DRIVE SHAFT OIL SEAL FLANGE - 2350,MF,5,0,NOS,SHOP-FLOOR,7,70,2500.0,FIFO
GEC0000699,4020101600,A-10038,DRIVE SHAFT NUT - 2350 (M110 X 4),MF,5,0,NOS,SHOP-FLOOR,7,70,2500.0,FIFO
GEC0000700,4020101700,A-10034,DRIVE SHAFT CHECK NUT - 2350 (M110 X 4),MF,5,0,NOS,SHOP-FLOOR,7,70,2500.0,FIFO
GEC0000701,7280145175,J-10455,RADIAL OIL SEAL - 145 X 175 X 12,BO,5,0,NOS,STORE-RACK-A1,7,70,6500.0,FIFO
GEC0000702,7200100600,G-10206,TAPER ROLLER BEARING-32222,BO,5,0,NOS,STORE-RACK-A1,7,70,6500.0,FIFO
GEC0000703,7200100700,G-10207,TAPER ROLLER BEARING-32226,BO,5,0,NOS,STORE-RACK-A1,7,70,6500.0,FIFO
GEC0000704,4120002100,A-10401,BARREL Ø30 - 280,MF,5,0,NOS,SHOP-FLOOR,7,70,2500.0,FIFO
GEC0000705,4120002200,A-10419,SCREW Ø30 - 280,MF,5,0,NOS,SHOP-FLOOR,7,70,2500.0,FIFO
GEC0000706,4120002300,A-10437,BARREL ADAPT Ø30 - 280,MF,5,0,NOS,SHOP-FLOOR,7,70,2500.0,FIFO
GEC0000707,4120002400,A-10455,SCREW TIP - 30,MF,5,0,NOS,SHOP-FLOOR,7,70,2500.0,FIFO
GEC0000708,4120002500,A-10464,SLIDER - 30,MF,5,0,NOS,SHOP-FLOOR,7,70,2500.0,FIFO
GEC0000709,4120002600,A-10472,SLIDER SEAT - 30,MF,5,0,NOS,SHOP-FLOOR,7,70,2500.0,FIFO
GEC0000710,4120002700,A-10941,NOZZLE TIP LONG - M30 X 2P X 115LG,MF,5,0,NOS,SHOP-FLOOR,7,70,2500.0,FIFO
GEC0000711,4120002800,A-10060,SPLIT COLLAR - 30,MF,5,0,NOS,SHOP-FLOOR,7,70,2500.0,FIFO
GEC0000712,4120002900,A-10044,FEED SCREW COUPLING - 30,MF,5,0,NOS,SHOP-FLOOR,7,70,2500.0,FIFO
GEC0000713,4120003000,A-10790,SCREW KEY - 280,MF,5,0,NOS,SHOP-FLOOR,7,70,2500.0,FIFO
GEC0000714,4120003100,A-10053,BARREL LOCK PIN,MF,5,0,NOS,SHOP-FLOOR,7,70,2500.0,FIFO
GEC0000715,4020101800,A-10364,BARREL NUT M70 X 3P - 280,MF,5,0,NOS,SHOP-FLOOR,7,70,2500.0,FIFO
GEC0000716,4020101900,A-10370,BARREL CHECKNUT M70 X 3P - 280,MF,5,0,NOS,SHOP-FLOOR,7,70,2500.0,FIFO
GEC0000717,3131000100,A-10046,HYD MOTOR PROX SENSOR MTG - 280,LC,5,0,NOS,SHOP-FLOOR,7,70,2500.0,FIFO
GEC0000718,2000300100,B-10001,SCREW BARREL ASSY - 30-280,AS,5,0,NOS,BAY-ASSY-01,7,70,50000.0,FIFO
GEC0000719,4120008100,A-10404,BARREL Ø35 - 420,MF,5,0,NOS,SHOP-FLOOR,7,70,2500.0,FIFO
GEC0000720,4120008200,A-10422,SCREW Ø35 - 420,MF,5,0,NOS,SHOP-FLOOR,7,70,2500.0,FIFO
GEC0000721,4120008300,A-10440,BARREL ADAPT Ø35 - 420,MF,5,0,NOS,SHOP-FLOOR,7,70,2500.0,FIFO
GEC0000722,4120003500,A-10456,SCREW TIP - 35,MF,5,0,NOS,SHOP-FLOOR,7,70,2500.0,FIFO
GEC0000723,4120003600,A-10465,SLIDER - 35,MF,5,0,NOS,SHOP-FLOOR,7,70,2500.0,FIFO
GEC0000724,4120003700,A-10473,SLIDER SEAT - 35,MF,5,0,NOS,SHOP-FLOOR,7,70,2500.0,FIFO
GEC0000725,4120004400,A-10067,SPLIT COLLAR - 35,MF,5,0,NOS,SHOP-FLOOR,7,70,2500.0,FIFO
GEC0000726,4120004500,A-10045,FEED SCREW COUPLING - 35,MF,5,0,NOS,SHOP-FLOOR,7,70,2500.0,FIFO
GEC0000727,4020102000,A-10363,BARREL NUT M80 X 3P - 420,MF,5,0,NOS,SHOP-FLOOR,7,70,2500.0,FIFO
GEC0000728,4020102100,A-10369,BARREL CHECKNUT M80 X 3P - 420,MF,5,0,NOS,SHOP-FLOOR,7,70,2500.0,FIFO
GEC0000729,2000301000,B-10004,SCREW BARREL ASSY - 35-420,AS,5,0,NOS,BAY-ASSY-01,7,70,50000.0,FIFO
GEC0000730,4120011500,A-10407,BARREL Ø40 - 635,MF,5,0,NOS,SHOP-FLOOR,7,70,2500.0,FIFO
GEC0000731,4120011600,A-10425,SCREW Ø40 - 635,MF,5,0,NOS,SHOP-FLOOR,7,70,2500.0,FIFO
GEC0000732,4120011700,A-10443,BARREL ADAPT Ø40 - 635,MF,5,0,NOS,SHOP-FLOOR,7,70,2500.0,FIFO
GEC0000733,4120004100,A-10457,SCREW TIP - 40,MF,5,0,NOS,SHOP-FLOOR,7,70,2500.0,FIFO
GEC0000734,4120004200,A-10466,SLIDER - 40,MF,5,0,NOS,SHOP-FLOOR,7,70,2500.0,FIFO
GEC0000735,4120004300,A-10474,SLIDER SEAT - 40,MF,5,0,NOS,SHOP-FLOOR,7,70,2500.0,FIFO
GEC0000736,4120011800,A-10064,SPLIT COLLAR - 40,MF,5,0,NOS,SHOP-FLOOR,7,70,2500.0,FIFO
GEC0000737,4120011900,A-10048,FEED SCREW COUPLING - 40,MF,5,0,NOS,SHOP-FLOOR,7,70,2500.0,FIFO
GEC0000738,4120012000,A-10791,SCREW KEY - 635,MF,5,0,NOS,SHOP-FLOOR,7,70,2500.0,FIFO
GEC0000739,4020102200,A-10362,BARREL NUT M85 X 3P - 635,MF,5,0,NOS,SHOP-FLOOR,7,70,2500.0,FIFO
GEC0000740,4020102300,A-10368,BARREL CHECKNUT M85 X 3P - 635,MF,5,0,NOS,SHOP-FLOOR,7,70,2500.0,FIFO
GEC0000741,3131000200,A-10047,HYD MOTOR PROX SENSOR MTG - 635,LC,5,0,NOS,SHOP-FLOOR,7,70,2500.0,FIFO
GEC0000742,2000301700,B-10007,SCREW BARREL ASSY - 40-635,AS,5,0,NOS,BAY-ASSY-01,7,70,50000.0,FIFO
GEC0000743,4120015700,A-10410,BARREL Ø45 - 905,MF,5,0,NOS,SHOP-FLOOR,7,70,2500.0,FIFO
GEC0000744,4120015800,A-10428,SCREW Ø45 - 905,MF,5,0,NOS,SHOP-FLOOR,7,70,2500.0,FIFO
GEC0000745,4120015900,A-10446,BARREL ADAPT Ø45 - 905,MF,5,0,NOS,SHOP-FLOOR,7,70,2500.0,FIFO
GEC0000746,4120009000,A-10458,SCREW TIP - 45,MF,5,0,NOS,SHOP-FLOOR,7,70,2500.0,FIFO
GEC0000747,4120009100,A-10467,SLIDER - 45,MF,5,0,NOS,SHOP-FLOOR,7,70,2500.0,FIFO
GEC0000748,4120009200,A-10475,SLIDER SEAT - 45,MF,5,0,NOS,SHOP-FLOOR,7,70,2500.0,FIFO
GEC0000749,4120016000,A-10942,NOZZLE TIP LONG - M45 X 3P X 153LG,MF,5,0,NOS,SHOP-FLOOR,7,70,2500.0,FIFO
GEC0000750,4120016100,A-10063,SPLIT COLLAR - 45,MF,5,0,NOS,SHOP-FLOOR,7,70,2500.0,FIFO
GEC0000751,4120016200,A-10051,FEED SCREW COUPLING - 45,MF,5,0,NOS,SHOP-FLOOR,7,70,2500.0,FIFO
GEC0000752,4120016300,A-10792,SCREW KEY - 905,MF,5,0,NOS,SHOP-FLOOR,7,70,2500.0,FIFO
GEC0000753,4020102400,A-10361,BARREL NUT M95 X4P - 905,MF,5,0,NOS,SHOP-FLOOR,7,70,2500.0,FIFO
GEC0000754,4020102500,A-10367,BARREL CHECKNUT M95 X 4P - 905,MF,5,0,NOS,SHOP-FLOOR,7,70,2500.0,FIFO
GEC0000755,3131000300,A-10049,HYD MOTOR PROX SENSOR MTG - 905,LC,5,0,NOS,SHOP-FLOOR,7,70,2500.0,FIFO
GEC0000756,2000302400,B-10010,SCREW BARREL ASSY - 45-905,AS,5,0,NOS,BAY-ASSY-01,7,70,50000.0,FIFO
GEC0000757,4120019400,A-10413,BARREL Ø50 - 1520,MF,5,0,NOS,SHOP-FLOOR,7,70,2500.0,FIFO
GEC0000758,4120019500,A-10431,SCREW Ø50 - 1520,MF,5,0,NOS,SHOP-FLOOR,7,70,2500.0,FIFO
GEC0000759,4120019600,A-10449,BARREL ADAPT Ø50 - 1520,MF,5,0,NOS,SHOP-FLOOR,7,70,2500.0,FIFO
GEC0000760,4120012700,A-10459,SCREW TIP - 50,MF,5,0,NOS,SHOP-FLOOR,7,70,2500.0,FIFO
GEC0000761,4120012800,A-10468,SLIDER - 50,MF,5,0,NOS,SHOP-FLOOR,7,70,2500.0,FIFO
GEC0000762,4120012900,A-10476,SLIDER SEAT - 50,MF,5,0,NOS,SHOP-FLOOR,7,70,2500.0,FIFO
GEC0000763,4120019700,A-10070,SPLIT COLLAR - 50,MF,5,0,NOS,SHOP-FLOOR,7,70,2500.0,FIFO
GEC0000764,4120019800,A-10054,FEED SCREW COUPLING - 50,MF,5,0,NOS,SHOP-FLOOR,7,70,2500.0,FIFO
GEC0000765,4120019900,A-10793,SCREW KEY - 1520,MF,5,0,NOS,SHOP-FLOOR,7,70,2500.0,FIFO
GEC0000766,4020102600,A-10360,BARREL NUT M105 X 4P - 1520,MF,5,0,NOS,SHOP-FLOOR,7,70,2500.0,FIFO
GEC0000767,4020102700,A-10366,BARREL CHECKNUT M105 X 4P - 1520,MF,5,0,NOS,SHOP-FLOOR,7,70,2500.0,FIFO
GEC0000768,3131000400,A-10050,HYD MOTOR PROX SENSOR MTG - 1520,LC,5,0,NOS,SHOP-FLOOR,7,70,2500.0,FIFO
GEC0000769,2000303300,B-10013,SCREW BARREL ASSY - 50-1520,AS,5,0,NOS,BAY-ASSY-01,7,70,50000.0,FIFO
GEC0000770,4120022100,A-10416,BARREL Ø60 - 2350,MF,5,0,NOS,SHOP-FLOOR,7,70,2500.0,FIFO
GEC0000771,4120022200,A-10434,SCREW Ø60 - 2350,MF,5,0,NOS,SHOP-FLOOR,7,70,2500.0,FIFO
GEC0000772,4120022300,A-10452,BARREL ADAPT Ø60 - 2350,MF,5,0,NOS,SHOP-FLOOR,7,70,2500.0,FIFO
GEC0000773,4120017000,A-10460,SCREW TIP - 60,MF,5,0,NOS,SHOP-FLOOR,7,70,2500.0,FIFO
GEC0000774,4120017100,A-10469,SLIDER - 60,MF,5,0,NOS,SHOP-FLOOR,7,70,2500.0,FIFO
GEC0000775,4120017200,A-10477,SLIDER SEAT - 60,MF,5,0,NOS,SHOP-FLOOR,7,70,2500.0,FIFO
GEC0000776,4120022400,A-10073,SPLIT COLLAR - 60,MF,5,0,NOS,SHOP-FLOOR,7,70,2500.0,FIFO
GEC0000777,4120022500,A-10057,FEED SCREW COUPLING - 60,MF,5,0,NOS,SHOP-FLOOR,7,70,2500.0,FIFO
GEC0000778,4120022600,A-10794,SCREW KEY - 2350,MF,5,0,NOS,SHOP-FLOOR,7,70,2500.0,FIFO
GEC0000779,4020102800,A-10359,BARREL NUT M120 X 4P - 2350,MF,5,0,NOS,SHOP-FLOOR,7,70,2500.0,FIFO
GEC0000780,4020102900,A-10365,BARREL CHECKNUT M120 X 4P - 2350,MF,5,0,NOS,SHOP-FLOOR,7,70,2500.0,FIFO
GEC0000781,3131000500,A-10052,HYD MOTOR PROX SENSOR MTG - 2350,LC,5,0,NOS,SHOP-FLOOR,7,70,2500.0,FIFO
GEC0000782,2000304000,B-10017,SCREW BARREL ASSY - 60-2350,AS,5,0,NOS,BAY-ASSY-01,7,70,50000.0,FIFO
GEC0000783,4120003200,A-10402,BARREL Ø35 - 280,MF,5,0,NOS,SHOP-FLOOR,7,70,2500.0,FIFO
GEC0000784,4120003300,A-10420,SCREW Ø35 - 280,MF,5,0,NOS,SHOP-FLOOR,7,70,2500.0,FIFO
GEC0000785,4120003400,A-10438,BARREL ADAPT Ø35 - 280,MF,5,0,NOS,SHOP-FLOOR,7,70,2500.0,FIFO
GEC0000786,2000300200,B-10002,SCREW BARREL ASSY - 35-280,AS,5,0,NOS,BAY-ASSY-01,7,70,50000.0,FIFO
GEC0000787,4120008400,A-10405,BARREL Ø40 - 420,MF,5,0,NOS,SHOP-FLOOR,7,70,2500.0,FIFO
GEC0000788,4120008500,A-10423,SCREW Ø40 - 420,MF,5,0,NOS,SHOP-FLOOR,7,70,2500.0,FIFO
GEC0000789,4120008600,A-10441,BARREL ADAPT Ø40 - 420,MF,5,0,NOS,SHOP-FLOOR,7,70,2500.0,FIFO
GEC0000790,4120012100,A-10408,BARREL Ø45 - 635,MF,5,0,NOS,SHOP-FLOOR,7,70,2500.0,FIFO
GEC0000791,4120012200,A-10426,SCREW Ø45 - 635,MF,5,0,NOS,SHOP-FLOOR,7,70,2500.0,FIFO
GEC0000792,4120012300,A-10444,BARREL ADAPT Ø45 - 635,MF,5,0,NOS,SHOP-FLOOR,7,70,2500.0,FIFO
GEC0000793,4120016400,A-10411,BARREL Ø50 - 905,MF,5,0,NOS,SHOP-FLOOR,7,70,2500.0,FIFO
GEC0000794,4120016500,A-10429,SCREW Ø50 - 905,MF,5,0,NOS,SHOP-FLOOR,7,70,2500.0,FIFO
GEC0000795,4120016600,A-10447,BARREL ADAPT Ø50 - 905,MF,5,0,NOS,SHOP-FLOOR,7,70,2500.0,FIFO
GEC0000796,4120020000,A-10414,BARREL Ø60 - 1520,MF,5,0,NOS,SHOP-FLOOR,7,70,2500.0,FIFO
GEC0000797,4120020100,A-10432,SCREW Ø60 - 1520,MF,5,0,NOS,SHOP-FLOOR,7,70,2500.0,FIFO
GEC0000798,4120020200,A-10450,BARREL ADAPT Ø60 - 1520,MF,5,0,NOS,SHOP-FLOOR,7,70,2500.0,FIFO
GEC0000799,4120022700,A-10417,BARREL Ø70 - 2350,MF,5,0,NOS,SHOP-FLOOR,7,70,2500.0,FIFO
GEC0000800,4120022800,A-10435,SCREW Ø70 - 2350,MF,5,0,NOS,SHOP-FLOOR,7,70,2500.0,FIFO
GEC0000801,4120022900,A-10453,BARREL ADAPT Ø70 - 2350,MF,5,0,NOS,SHOP-FLOOR,7,70,2500.0,FIFO
GEC0000802,4120020600,A-10461,SCREW TIP - 70,MF,5,0,NOS,SHOP-FLOOR,7,70,2500.0,FIFO
GEC0000803,4120020700,A-10470,SLIDER - 70,MF,5,0,NOS,SHOP-FLOOR,7,70,2500.0,FIFO
GEC0000804,4120020800,A-10478,SLIDER SEAT - 70,MF,5,0,NOS,SHOP-FLOOR,7,70,2500.0,FIFO
GEC0000805,2000304100,B-10018,SCREW BARREL ASSY - 70-2350,AS,5,0,NOS,BAY-ASSY-01,7,70,50000.0,FIFO
GEC0000806,4120003800,A-10403,BARREL Ø40 - 280,MF,5,0,NOS,SHOP-FLOOR,7,70,2500.0,FIFO
GEC0000807,4120003900,A-10421,SCREW Ø40 - 280,MF,5,0,NOS,SHOP-FLOOR,7,70,2500.0,FIFO
GEC0000808,4120004000,A-10439,BARREL ADAPT Ø40 - 280,MF,5,0,NOS,SHOP-FLOOR,7,70,2500.0,FIFO
GEC0000809,4120008700,A-10406,BARREL Ø45 - 420,MF,5,0,NOS,SHOP-FLOOR,7,70,2500.0,FIFO
GEC0000810,4120008800,A-10424,SCREW Ø45 - 420,MF,5,0,NOS,SHOP-FLOOR,7,70,2500.0,FIFO
GEC0000811,4120008900,A-10442,BARREL ADAPT Ø45 - 420,MF,5,0,NOS,SHOP-FLOOR,7,70,2500.0,FIFO
GEC0000812,2000301200,B-10006,SCREW BARREL ASSY - 45-420,AS,5,0,NOS,BAY-ASSY-01,7,70,50000.0,FIFO
GEC0000813,4120012400,A-10409,BARREL Ø50 - 635,MF,5,0,NOS,SHOP-FLOOR,7,70,2500.0,FIFO
GEC0000814,4120012500,A-10427,SCREW Ø50 - 635,MF,5,0,NOS,SHOP-FLOOR,7,70,2500.0,FIFO
GEC0000815,4120012600,A-10445,BARREL ADAPT Ø50 - 635,MF,5,0,NOS,SHOP-FLOOR,7,70,2500.0,FIFO
GEC0000816,2000301900,B-10009,SCREW BARREL ASSY - 50-635,AS,5,0,NOS,BAY-ASSY-01,7,70,50000.0,FIFO
GEC0000817,4120016700,A-10412,BARREL Ø60 - 905,MF,5,0,NOS,SHOP-FLOOR,7,70,2500.0,FIFO
GEC0000818,4120016800,A-10430,SCREW Ø60 - 905,MF,5,0,NOS,SHOP-FLOOR,7,70,2500.0,FIFO
GEC0000819,4120016900,A-10448,BARREL ADAPT Ø60 - 905,MF,5,0,NOS,SHOP-FLOOR,7,70,2500.0,FIFO
GEC0000820,2000302600,B-10012,SCREW BARREL ASSY - 60-905,AS,5,0,NOS,BAY-ASSY-01,7,70,50000.0,FIFO
GEC0000821,4120020300,A-10415,BARREL Ø70 - 1520,MF,5,0,NOS,SHOP-FLOOR,7,70,2500.0,FIFO
GEC0000822,4120020400,A-10433,SCREW Ø70 - 1520,MF,5,0,NOS,SHOP-FLOOR,7,70,2500.0,FIFO
GEC0000823,4120020500,A-10451,BARREL ADAPT Ø70 - 1520,MF,5,0,NOS,SHOP-FLOOR,7,70,2500.0,FIFO
GEC0000824,2000303500,B-10016,SCREW BARREL ASSY - 70-1520,AS,5,0,NOS,BAY-ASSY-01,7,70,50000.0,FIFO
GEC0000825,4120023000,A-10418,BARREL Ø80 - 2350,MF,5,0,NOS,SHOP-FLOOR,7,70,2500.0,FIFO
GEC0000826,4120023100,A-10436,SCREW Ø80 - 2350,MF,5,0,NOS,SHOP-FLOOR,7,70,2500.0,FIFO
GEC0000827,4120023200,A-10454,BARREL ADAPT Ø80 - 2350,MF,5,0,NOS,SHOP-FLOOR,7,70,2500.0,FIFO
GEC0000828,4120023300,A-10462,SCREW TIP - 80,MF,5,0,NOS,SHOP-FLOOR,7,70,2500.0,FIFO
GEC0000829,4120023400,A-10471,SLIDER - 80,MF,5,0,NOS,SHOP-FLOOR,7,70,2500.0,FIFO
GEC0000830,4120023500,A-10479,SLIDER SEAT - 80,MF,5,0,NOS,SHOP-FLOOR,7,70,2500.0,FIFO
GEC0000831,2000304200,B-10019,SCREW BARREL ASSY - 80-2350,AS,5,0,NOS,BAY-ASSY-01,7,70,50000.0,FIFO
