ItemCode,PartCode,ItemName,Category,MaterialProcessSources,MinStockQty,PendingPOQty,PendingJobworkQty,PendingQCQty,VendorCode,UnitPrice,Remarks
GEC0000001,4005000100,STATIONARY PLATE TOGGLE - 90 TON (PATTERN),PTN,Bought out,7,5,0,3,VEN0000001,500.0,Initial Planning Setup
GEC0000002,4005001200,MOVING PLATE TOGGLE - 90 TON (PATTERN),PTN,Bought out,7,5,0,3,VEN0000001,500.0,Initial Planning Setup
GEC0000003,4005002300,END PLATE - 90 TON (PATTERN),PTN,Bought out,7,5,0,3,VEN0000001,500.0,Initial Planning Setup
GEC0000004,4005003600,CROSSHEAD - 90 TON (PATTERN),PTN,Bought out,7,5,0,3,VEN0000001,500.0,Initial Planning Setup
GEC0000005,4005004200,CROSSHEAD LINK - 90 TON (PATTERN),PTN,Bought out,7,5,0,3,VEN0000001,500.0,Initial Planning Setup
GEC0000006,4005004800,BINARY LINK - 90 TON (PATTERN),PTN,Bought out,7,5,0,3,VEN0000001,500.0,Initial Planning Setup
GEC0000007,4005005400,TERNARY LINK - 90 TON (PATTERN),PTN,Bought out,7,5,0,3,VEN0000001,500.0,Initial Planning Setup
GEC0000008,4005006300,SUN GEAR - 90 TON (MODULE-3 TEETH-159) (PATTERN),PTN,Bought out,7,5,0,3,VEN0000001,500.0,Initial Planning Setup
GEC0000009,4005006900,GEAR NUT RETAINER - 90 TON (PATTERN),PTN,Bought out,7,5,0,3,VEN0000001,500.0,Initial Planning Setup
GEC0000010,4005007500,DIE HEIGHT MOTOR MTG BRACKET - 90 TON (PATTERN),PTN,Bought out,7,5,0,3,VEN0000001,500.0,Initial Planning Setup
GEC0000011,4005009600,BARREL PLATE - 280 (STOCK-150) (PATTERN),PTN,Bought out,7,5,0,3,VEN0000001,500.0,Initial Planning Setup
GEC0000012,4005011200,BEARING HOUSING - 280 (PATTERN),PTN,Bought out,7,5,0,3,VEN0000001,500.0,Initial Planning Setup
GEC0000013,4005012500,INJ CYL ROD NUT RETAINER - 280 (PATTERN),PTN,Bought out,7,5,0,3,VEN0000001,500.0,Initial Planning Setup
GEC0000014,4005013300,INJECTION GUIDE ROD SUPPORT ID Ø60 - 280 (PATTERN),PTN,Bought out,7,5,0,3,VEN0000001,500.0,Initial Planning Setup
GEC0000015,4005002900,EJECTOR PLATE  TOGGLE - 90 TON (PATTERN),PTN,Bought out,7,5,0,3,VEN0000001,500.0,Initial Planning Setup
GEC0000016,4005013500,HEAT EXCHANGER FRONT CAP - 90 TON (PATTERN),PTN,Bought out,7,5,0,3,VEN0000001,500.0,Initial Planning Setup
GEC0000017,4005013600,HEAT EXCHANGER END CAP - 90 TON (PATTERN),PTN,Bought out,7,5,0,3,VEN0000001,500.0,Initial Planning Setup
GEC0000018,GEN-000018,PATTERN-90-280,AS,In-house,7,0,0,3,VEN0000002,50000.0,Initial Planning Setup
GEC0000019,4005000200,STATIONARY PLATE TOGGLE - 110 TON (PATTERN),PTN,Bought out,7,5,0,3,VEN0000001,500.0,Initial Planning Setup
GEC0000020,4005001300,MOVING PLATE TOGGLE - 110 TON (PATTERN),PTN,Bought out,7,5,0,3,VEN0000001,500.0,Initial Planning Setup
GEC0000021,4005002400,END PLATE - 110 TON (PATTERN),PTN,Bought out,7,5,0,3,VEN0000001,500.0,Initial Planning Setup
GEC0000022,4005003700,CROSSHEAD - 110 TON (PATTERN),PTN,Bought out,7,5,0,3,VEN0000001,500.0,Initial Planning Setup
GEC0000023,4005004300,CROSSHEAD LINK - 110 TON (PATTERN),PTN,Bought out,7,5,0,3,VEN0000001,500.0,Initial Planning Setup
GEC0000024,4005004900,BINARY LINK - 110 TON (PATTERN),PTN,Bought out,7,5,0,3,VEN0000001,500.0,Initial Planning Setup
GEC0000025,4005005500,TERNARY LINK - 110 TON (PATTERN),PTN,Bought out,7,5,0,3,VEN0000001,500.0,Initial Planning Setup
GEC0000026,4005006400,SUN GEAR - 110 TON (MODULE-3 TEETH-178) (PATTERN),PTN,Bought out,7,5,0,3,VEN0000001,500.0,Initial Planning Setup
GEC0000027,4005007000,GEAR NUT RETAINER - 110 TON (PATTERN),PTN,Bought out,7,5,0,3,VEN0000001,500.0,Initial Planning Setup
GEC0000028,4005009800,BARREL PLATE - 420 (STOCK-175) (PATTERN),PTN,Bought out,7,5,0,3,VEN0000001,500.0,Initial Planning Setup
GEC0000029,GEN-000029,PATTERN-110-420,AS,In-house,7,0,0,3,VEN0000002,50000.0,Initial Planning Setup
GEC0000030,4005000300,STATIONARY PLATE TOGGLE - 140 TON (PATTERN),PTN,Bought out,7,5,0,3,VEN0000001,500.0,Initial Planning Setup
GEC0000031,4005001400,MOVING PLATE  TOGGLE - 140 TON (PATTERN),PTN,Bought out,7,5,0,3,VEN0000001,500.0,Initial Planning Setup
GEC0000032,4005002500,END PLATE - 140 TON (PATTERN),PTN,Bought out,7,5,0,3,VEN0000001,500.0,Initial Planning Setup
GEC0000033,4005003800,CROSSHEAD - 140 TON (PATTERN),PTN,Bought out,7,5,0,3,VEN0000001,500.0,Initial Planning Setup
GEC0000034,4005004400,CROSSHEAD LINK - 140 TON (PATTERN),PTN,Bought out,7,5,0,3,VEN0000001,500.0,Initial Planning Setup
GEC0000035,4005005000,BINARY LINK - 140 TON (PATTERN),PTN,Bought out,7,5,0,3,VEN0000001,500.0,Initial Planning Setup
GEC0000036,4005005600,TERNARY LINK - 140 TON (PATTERN),PTN,Bought out,7,5,0,3,VEN0000001,500.0,Initial Planning Setup
GEC0000037,4005006500,SUN GEAR - 140 TON (MODULE-3 TEETH-197) (PATTERN),PTN,Bought out,7,5,0,3,VEN0000001,500.0,Initial Planning Setup
GEC0000038,4005007100,GEAR NUT RETAINER - 140 TON (PATTERN),PTN,Bought out,7,5,0,3,VEN0000001,500.0,Initial Planning Setup
GEC0000039,4005010000,BARREL PLATE - 635 (STOCK-210) (PATTERN),PTN,Bought out,7,5,0,3,VEN0000001,500.0,Initial Planning Setup
GEC0000040,4005011400,BEARING HOUSING - 635 (PATTERN),PTN,Bought out,7,5,0,3,VEN0000001,500.0,Initial Planning Setup
GEC0000041,4005012600,INJ CYL ROD NUT RETAINER - 635 (PATTERN),PTN,Bought out,7,5,0,3,VEN0000001,500.0,Initial Planning Setup
GEC0000042,4005006000,MOVING PLATE SLIDING BLOCK - 140 TON (PATTERN),PTN,Bought out,7,5,0,3,VEN0000001,500.0,Initial Planning Setup
GEC0000043,GEN-000043,PATTERN-140-635,AS,In-house,7,0,0,3,VEN0000002,50000.0,Initial Planning Setup
GEC0000044,4005000400,STATIONARY PLATE TOGGLE - 170 TON (PATTERN),PTN,Bought out,7,5,0,3,VEN0000001,500.0,Initial Planning Setup
GEC0000045,4005001500,MOVING PLATE TOGGLE - 170 TON (PATTERN),PTN,Bought out,7,5,0,3,VEN0000001,500.0,Initial Planning Setup
GEC0000046,4005002600,END PLATE - 170 TON (PATTERN),PTN,Bought out,7,5,0,3,VEN0000001,500.0,Initial Planning Setup
GEC0000047,4005003900,CROSSHEAD - 170 TON (PATTERN),PTN,Bought out,7,5,0,3,VEN0000001,500.0,Initial Planning Setup
GEC0000048,4005004500,CROSSHEAD LINK - 170 TON (PATTERN),PTN,Bought out,7,5,0,3,VEN0000001,500.0,Initial Planning Setup
GEC0000049,4005005100,BINARY LINK - 170 TON (PATTERN),PTN,Bought out,7,5,0,3,VEN0000001,500.0,Initial Planning Setup
GEC0000050,4005005700,TERNARY LINK - 170 TON (PATTERN),PTN,Bought out,7,5,0,3,VEN0000001,500.0,Initial Planning Setup
GEC0000051,4005006600,SUN GEAR - 170 TON (MODULE-3 TEETH-215)  (PATTERN),PTN,Bought out,7,5,0,3,VEN0000001,500.0,Initial Planning Setup
GEC0000052,4005007200,GEAR NUT RETAINER - 170 TON (PATTERN),PTN,Bought out,7,5,0,3,VEN0000001,500.0,Initial Planning Setup
GEC0000053,4005010200,BARREL PLATE - 905 (STOCK-245) (PATTERN),PTN,Bought out,7,5,0,3,VEN0000001,500.0,Initial Planning Setup
GEC0000054,4005011600,BEARING HOUSING - 905 (PATTERN),PTN,Bought out,7,5,0,3,VEN0000001,500.0,Initial Planning Setup
GEC0000055,4005012700,INJ CYL ROD NUT RETAINER - 905 (PATTERN),PTN,Bought out,7,5,0,3,VEN0000001,500.0,Initial Planning Setup
GEC0000056,4005013400,INJECTION GUIDE ROD SUPPORT ID Ø70 - 905 (PATTERN),PTN,Bought out,7,5,0,3,VEN0000001,500.0,Initial Planning Setup
GEC0000057,GEN-000057,PATTERN-170-905,AS,In-house,7,0,0,3,VEN0000002,50000.0,Initial Planning Setup
GEC0000058,4005000500,STATIONARY PLATE TOGGLE - 200 TON (PATTERN),PTN,Bought out,7,5,0,3,VEN0000001,500.0,Initial Planning Setup
GEC0000059,4005001600,MOVING PLATE TOGGLE - 200 TON (PATTERN),PTN,Bought out,7,5,0,3,VEN0000001,500.0,Initial Planning Setup
GEC0000060,4005002700,END PLATE - 200 TON (PATTERN),PTN,Bought out,7,5,0,3,VEN0000001,500.0,Initial Planning Setup
GEC0000061,4005004000,CROSSHEAD - 200 TON (PATTERN),PTN,Bought out,7,5,0,3,VEN0000001,500.0,Initial Planning Setup
GEC0000062,4005004600,CROSSHEAD LINK - 200 TON (PATTERN),PTN,Bought out,7,5,0,3,VEN0000001,500.0,Initial Planning Setup
GEC0000063,4005005200,BINARY LINK - 200 TO (PATTERN),PTN,Bought out,7,5,0,3,VEN0000001,500.0,Initial Planning Setup
GEC0000064,4005005800,TERNARY LINK - 200 TON (PATTERN),PTN,Bought out,7,5,0,3,VEN0000001,500.0,Initial Planning Setup
GEC0000065,4005006700,SUN GEAR - 200 TON (MODULE-3 TEETH-240) (PATTERN),PTN,Bought out,7,5,0,3,VEN0000001,500.0,Initial Planning Setup
GEC0000066,4005007300,GEAR NUT RETAINER - 200 TON (PATTERN),PTN,Bought out,7,5,0,3,VEN0000001,500.0,Initial Planning Setup
GEC0000067,4005010400,BARREL PLATE - 1520 (STOCK-280) (PATTERN),PTN,Bought out,7,5,0,3,VEN0000001,500.0,Initial Planning Setup
GEC0000068,4005011800,BEARING HOUSING - 1520 (PATTERN),PTN,Bought out,7,5,0,3,VEN0000001,500.0,Initial Planning Setup
GEC0000069,4005012800,INJ CYL ROD NUT RETAINER - 1520 (PATTERN),PTN,Bought out,7,5,0,3,VEN0000001,500.0,Initial Planning Setup
GEC0000070,4005006100,MOVING PLATE SLIDING BLOCK - 200 TON (PATTERN),PTN,Bought out,7,5,0,3,VEN0000001,500.0,Initial Planning Setup
GEC0000071,GEN-000071,PATTERN-200-1520,AS,In-house,7,0,0,3,VEN0000002,50000.0,Initial Planning Setup
GEC0000072,4005010600,BARREL PLATE - 2350 (STOCK-315) (PATTERN),PTN,Bought out,7,5,0,3,VEN0000001,500.0,Initial Planning Setup
GEC0000073,4005012000,BEARING HOUSING - 2350 (PATTERN),PTN,Bought out,7,5,0,3,VEN0000001,500.0,Initial Planning Setup
GEC0000074,4005012900,INJ CYL ROD NUT RETAINER - 2350 (PATTERN),PTN,Bought out,7,5,0,3,VEN0000001,500.0,Initial Planning Setup
GEC0000075,GEN-000075,PATTERN-2350,AS,In-house,7,0,0,3,VEN0000002,50000.0,Initial Planning Setup
GEC0000076,4001000100,STATIONARY PLATE TOGGLE - 90 TON (CASTING),CRM,Bought out,7,5,0,3,VEN0000001,5000.0,Initial Planning Setup
GEC0000077,4001001200,MOVING PLATE TOGGLE - 90 TON (CASTING),CRM,Bought out,7,5,0,3,VEN0000001,5000.0,Initial Planning Setup
GEC0000078,4001002300,END PLATE - 90 TON (CASTING),CRM,Bought out,7,5,0,3,VEN0000001,5000.0,Initial Planning Setup
GEC0000079,4001003600,CROSS HEAD - 90 TON (CASTING),CRM,Bought out,7,5,0,3,VEN0000001,5000.0,Initial Planning Setup
GEC0000080,4001004200,CROSS HEAD LINK - 90 TON (CASTING),CRM,Bought out,7,5,0,3,VEN0000001,5000.0,Initial Planning Setup
GEC0000081,4001004800,BINARY LINK - 90 TON (CASTING),CRM,Bought out,7,5,0,3,VEN0000001,5000.0,Initial Planning Setup
GEC0000082,4001005400,TERNARY LINK - 90 TON (CASTING),CRM,Bought out,7,5,0,3,VEN0000001,5000.0,Initial Planning Setup
GEC0000083,4001006300,SUN GEAR - 90 TON (MODULE-3 TEETH-159) (CASTING),CRM,Bought out,7,5,0,3,VEN0000001,5000.0,Initial Planning Setup
GEC0000084,4001006900,GEAR NUT RETAINER - 90 TON (CASTING),CRM,Bought out,7,5,0,3,VEN0000001,5000.0,Initial Planning Setup
GEC0000085,4001007500,DIE HEIGHT MOTOR MTG BRACKET - 90 TON (CASTING),CRM,Bought out,7,5,0,3,VEN0000001,5000.0,Initial Planning Setup
GEC0000086,4001009600,BARREL PLATE - 280 (STOCK-150) (CASTING),CRM,Bought out,7,5,0,3,VEN0000001,5000.0,Initial Planning Setup
GEC0000087,4001011200,BEARING HOUSING - 280 (CASTING),CRM,Bought out,7,5,0,3,VEN0000001,5000.0,Initial Planning Setup
GEC0000088,4001012500,INJECTION CYLINDER ROD NUT RETAINER - 280 (CASTING),CRM,Bought out,7,5,0,3,VEN0000001,5000.0,Initial Planning Setup
GEC0000089,4001013300,INJECTION GUIDE ROD SUPPORT Ø60 - 280 (CASTING),CRM,Bought out,7,5,0,3,VEN0000001,5000.0,Initial Planning Setup
GEC0000090,4001002900,EJECTOR PLATE  TOGGLE - 90 TON (CASTING),CRM,Bought out,7,5,0,3,VEN0000001,5000.0,Initial Planning Setup
GEC0000091,4001013500,HEAT EXCHANGER FRONT CAP - 90 TON (CASTING),CRM,Bought out,7,5,0,3,VEN0000001,5000.0,Initial Planning Setup
GEC0000092,4001013600,HEAT EXCHANGER END CAP - 90 TON (CASTING),CRM,Bought out,7,5,0,3,VEN0000001,5000.0,Initial Planning Setup
GEC0000093,GEN-000093,CASTING-90-280,AS,In-house,7,0,0,3,VEN0000002,50000.0,Initial Planning Setup
GEC0000094,4001000200,STATIONARY PLATE TOGGLE - 110 TON (CASTING),CRM,Bought out,7,5,0,3,VEN0000001,5000.0,Initial Planning Setup
GEC0000095,4001001300,MOVING PLATE TOGGLE - 110 TON (CASTING),CRM,Bought out,7,5,0,3,VEN0000001,5000.0,Initial Planning Setup
GEC0000096,4001002400,END PLATE - 110 TON (CASTING),CRM,Bought out,7,5,0,3,VEN0000001,5000.0,Initial Planning Setup
GEC0000097,4001003700,CROSS HEAD - 110 TON (CASTING),CRM,Bought out,7,5,0,3,VEN0000001,5000.0,Initial Planning Setup
GEC0000098,4001004300,CROSS HEAD LINK - 110 TON (CASTING),CRM,Bought out,7,5,0,3,VEN0000001,5000.0,Initial Planning Setup
GEC0000099,4001004900,BINARY LINK - 110 TON (CASTING),CRM,Bought out,7,5,0,3,VEN0000001,5000.0,Initial Planning Setup
GEC0000100,4001005500,TERNARY LINK - 110 TON (CASTING),CRM,Bought out,7,5,0,3,VEN0000001,5000.0,Initial Planning Setup
GEC0000101,4001006400,SUN GEAR - 110 TON (MODULE-3 TEETH-178) (CASTING),CRM,Bought out,7,5,0,3,VEN0000001,5000.0,Initial Planning Setup
GEC0000102,4001007000,GEAR NUT RETAINER - 110 TON (CASTING),CRM,Bought out,7,5,0,3,VEN0000001,5000.0,Initial Planning Setup
GEC0000103,4001009800,BARREL PLATE - 420 (STOCK-175) (CASTING),CRM,Bought out,7,5,0,3,VEN0000001,5000.0,Initial Planning Setup
GEC0000104,GEN-000104,CASTING-110-420,AS,In-house,7,0,0,3,VEN0000002,50000.0,Initial Planning Setup
GEC0000105,4001000300,STATIONARY PLATE TOGGLE - 140 TON (CASTING),CRM,Bought out,7,5,0,3,VEN0000001,5000.0,Initial Planning Setup
GEC0000106,4001001400,MOVING PLATE  TOGGLE - 140 TON (CASTING),CRM,Bought out,7,5,0,3,VEN0000001,5000.0,Initial Planning Setup
GEC0000107,4001002500,END PLATE - 140 TON (CASTING),CRM,Bought out,7,5,0,3,VEN0000001,5000.0,Initial Planning Setup
GEC0000108,4001003800,CROSS HEAD - 140 TON (CASTING),CRM,Bought out,7,5,0,3,VEN0000001,5000.0,Initial Planning Setup
GEC0000109,4001004400,CROSS HEAD LINK - 140 TON (CASTING),CRM,Bought out,7,5,0,3,VEN0000001,5000.0,Initial Planning Setup
GEC0000110,4001005000,BINARY LINK - 140 TON (CASTING),CRM,Bought out,7,5,0,3,VEN0000001,5000.0,Initial Planning Setup
GEC0000111,4001005600,TERNARY LINK - 140 TON (CASTING),CRM,Bought out,7,5,0,3,VEN0000001,5000.0,Initial Planning Setup
GEC0000112,4001006500,SUN GEAR - 140 TON (MODULE-3 TEETH-197) (CASTING),CRM,Bought out,7,5,0,3,VEN0000001,5000.0,Initial Planning Setup
GEC0000113,4001007100,GEAR NUT RETAINER - 140 TON (CASTING),CRM,Bought out,7,5,0,3,VEN0000001,5000.0,Initial Planning Setup
GEC0000114,4001010000,BARREL PLATE - 635 (STOCK-210) (CASTING),CRM,Bought out,7,5,0,3,VEN0000001,5000.0,Initial Planning Setup
GEC0000115,4001011400,BEARING HOUSING - 635 (CASTING),CRM,Bought out,7,5,0,3,VEN0000001,5000.0,Initial Planning Setup
GEC0000116,4001012600,INJECTION CYLINDER ROD NUT RETAINER - 635 (CASTING),CRM,Bought out,7,5,0,3,VEN0000001,5000.0,Initial Planning Setup
GEC0000117,4001006000,MOVING PLATE SLIDING BLOCK - 140 TON (CASTING),CRM,Bought out,7,5,0,3,VEN0000001,5000.0,Initial Planning Setup
GEC0000118,GEN-000118,CASTING-140-635,AS,In-house,7,0,0,3,VEN0000002,50000.0,Initial Planning Setup
GEC0000119,4001000400,STATIONARY PLATE TOGGLE - 170 TON (CASTING),CRM,Bought out,7,5,0,3,VEN0000001,5000.0,Initial Planning Setup
GEC0000120,4001001500,MOVING PLATE TOGGLE - 170 TON (CASTING),CRM,Bought out,7,5,0,3,VEN0000001,5000.0,Initial Planning Setup
GEC0000121,4001002600,END PLATE - 170 TON (CASTING),CRM,Bought out,7,5,0,3,VEN0000001,5000.0,Initial Planning Setup
GEC0000122,4001003900,CROSS HEAD - 170 TON (CASTING),CRM,Bought out,7,5,0,3,VEN0000001,5000.0,Initial Planning Setup
GEC0000123,4001004500,CROSS HEAD LINK - 170 TON (CASTING),CRM,Bought out,7,5,0,3,VEN0000001,5000.0,Initial Planning Setup
GEC0000124,4001005100,BINARY LINK - 170 TON (CASTING),CRM,Bought out,7,5,0,3,VEN0000001,5000.0,Initial Planning Setup
GEC0000125,4001005700,TERNARY LINK - 170 TON (CASTING),CRM,Bought out,7,5,0,3,VEN0000001,5000.0,Initial Planning Setup
GEC0000126,4001006600,SUN GEAR - 170 TON (MODULE-3 TEETH-215)(CASTING),CRM,Bought out,7,5,0,3,VEN0000001,5000.0,Initial Planning Setup
GEC0000127,4001007200,GEAR NUT RETAINER - 170 TON (CASTING),CRM,Bought out,7,5,0,3,VEN0000001,5000.0,Initial Planning Setup
GEC0000128,4001010200,BARREL PLATE - 905 (STOCK-245) (CASTING),CRM,Bought out,7,5,0,3,VEN0000001,5000.0,Initial Planning Setup
GEC0000129,4001011600,BEARING HOUSING - 905 (CASTING),CRM,Bought out,7,5,0,3,VEN0000001,5000.0,Initial Planning Setup
GEC0000130,4001012700,INJECTION CYLINDER ROD NUT RETAINER - 905 (CASTING),CRM,Bought out,7,5,0,3,VEN0000001,5000.0,Initial Planning Setup
GEC0000131,4001013400,INJECTION GUIDE ROD SUPPORT Ø70 - 905 (CASTING),CRM,Bought out,7,5,0,3,VEN0000001,5000.0,Initial Planning Setup
GEC0000132,GEN-000132,CASTING-170-905,AS,In-house,7,0,0,3,VEN0000002,50000.0,Initial Planning Setup
GEC0000133,4001000500,STATIONARY PLATE TOGGLE - 200 TON (CASTING),CRM,Bought out,7,5,0,3,VEN0000001,5000.0,Initial Planning Setup
GEC0000134,4001001600,MOVING PLATE TOGGLE - 200 TON (CASTING),CRM,Bought out,7,5,0,3,VEN0000001,5000.0,Initial Planning Setup
GEC0000135,4001002700,END PLATE - 200 TON (CASTING),CRM,Bought out,7,5,0,3,VEN0000001,5000.0,Initial Planning Setup
GEC0000136,4001004000,CROSS HEAD - 200 TON (CASTING),CRM,Bought out,7,5,0,3,VEN0000001,5000.0,Initial Planning Setup
GEC0000137,4001004600,CROSS HEAD LINK - 200 TON (CASTING),CRM,Bought out,7,5,0,3,VEN0000001,5000.0,Initial Planning Setup
GEC0000138,4001005200,BINARY LINK - 200 TON (CASTING),CRM,Bought out,7,5,0,3,VEN0000001,5000.0,Initial Planning Setup
GEC0000139,4001005800,TERNARY LINK - 200 TON (CASTING),CRM,Bought out,7,5,0,3,VEN0000001,5000.0,Initial Planning Setup
GEC0000140,4001006700,SUN GEAR - 200 TON (MODULE-3 TEETH-240) (CASTING),CRM,Bought out,7,5,0,3,VEN0000001,5000.0,Initial Planning Setup
GEC0000141,4001007300,GEAR NUT RETAINER - 200 TON (CASTING),CRM,Bought out,7,5,0,3,VEN0000001,5000.0,Initial Planning Setup
GEC0000142,4001010400,BARREL PLATE - 1520 (STOCK-280) (CASTING),CRM,Bought out,7,5,0,3,VEN0000001,5000.0,Initial Planning Setup
GEC0000143,4001011800,BEARING HOUSING - 1520 (CASTING),CRM,Bought out,7,5,0,3,VEN0000001,5000.0,Initial Planning Setup
GEC0000144,4001012800,INJECTION CYLINDER ROD NUT RETAINER - 1520 (CASTING),CRM,Bought out,7,5,0,3,VEN0000001,5000.0,Initial Planning Setup
GEC0000145,4001006100,MOVING PLATE SLIDING BLOCK - 200 TON (CASTING),CRM,Bought out,7,5,0,3,VEN0000001,5000.0,Initial Planning Setup
GEC0000146,GEN-000146,CASTING-200-1520,AS,In-house,7,0,0,3,VEN0000002,50000.0,Initial Planning Setup
GEC0000147,4001010600,BARREL PLATE - 2350 (STOCK-315) (CASTING),CRM,Bought out,7,5,0,3,VEN0000001,5000.0,Initial Planning Setup
GEC0000148,4001012000,BEARING HOUSING - 2350 (CASTING),CRM,Bought out,7,5,0,3,VEN0000001,5000.0,Initial Planning Setup
GEC0000149,4001012900,INJECTION CYLINDER ROD NUT RETAINER - 2350 (CASTING),CRM,Bought out,7,5,0,3,VEN0000001,5000.0,Initial Planning Setup
GEC0000150,GEN-000150,CASTING-2350,AS,In-house,7,0,0,3,VEN0000002,50000.0,Initial Planning Setup
GEC0000151,1000110100,TOGGLE TYPE LOCKING UNIT-90 TON,AS,In-house,7,0,0,3,VEN0000002,500.0,Initial Planning Setup
GEC0000152,1000210100,GUIDE ROD TYPE INJECTION UNIT-280,AS,In-house,7,0,0,3,VEN0000002,500.0,Initial Planning Setup
GEC0000153,3000000100,BASE FRAME ASSY - 90TON  (280/420),FAS,In-house,7,0,0,3,VEN0000002,500.0,Initial Planning Setup
GEC0000154,3000000200,"INJECTION FRAME ASSY - 90-280 
(GUIDE ROD TYPE)",FAS,In-house,7,0,0,3,VEN0000002,500.0,Initial Planning Setup
GEC0000155,2000300300,SCREW BARREL ASSY - 40-280,AS,In-house,7,0,0,3,VEN0000012,500.0,Initial Planning Setup
GEC0000156,2000300400,OIL TANK ASSY - 90 TON - 250LTR,AS,In-house,7,0,0,3,VEN0000002,500.0,Initial Planning Setup
GEC0000157,2000300500,SAFETY DOOR ASSY - 90,AS,In-house,7,0,0,3,VEN0000002,500.0,Initial Planning Setup
GEC0000158,2000300600,BASE FRAME GUARD SET - 90-280,AS,In-house,7,0,0,3,VEN0000002,500.0,Initial Planning Setup
GEC0000159,2000300700,SEAMLESS PIPE SET - 90-280,AS,In-house,7,0,0,3,VEN0000002,500.0,Initial Planning Setup
GEC0000160,2000300800,HEAT EXCHANGER ASSY - 90 TON,AS,In-house,7,0,0,3,VEN0000002,500.0,Initial Planning Setup
GEC0000161,2000300900,HOPPER ASSY - 25KG,AS,In-house,7,0,0,3,VEN0000002,500.0,Initial Planning Setup
GEC0000162,7000100100,FASTENER KIT MAIN MACHINE - 90-280,AS,In-house,7,0,0,3,VEN0000012,500.0,Initial Planning Setup
GEC0000163,7000200100,NIPPLE KIT - 90-280,AS,In-house,7,0,0,3,VEN0000002,500.0,Initial Planning Setup
GEC0000164,7000300100,HOSE PIPE KIT - 90-280,AS,In-house,7,0,0,3,VEN0000002,500.0,Initial Planning Setup
GEC0000165,7000400100,LUBR PUMP SYSTEM,AS,In-house,7,0,0,3,VEN0000008,500.0,Initial Planning Setup
GEC0000166,3000000400,WELDING HOSE PIPE NIPPLE FLANGE ASSY - 2'',FAS,In-house,7,0,0,3,VEN0000002,500.0,Initial Planning Setup
GEC0000167,3000000500,PLC BOX FB ASSY - B&R,FAS,In-house,7,0,0,3,VEN0000009,500.0,Initial Planning Setup
GEC0000168,3000000600,LOCKING UNIT JUNCTION BOX OP FB ASSY,FAS,In-house,7,0,0,3,VEN0000002,500.0,Initial Planning Setup
GEC0000169,3000000700,LOCKING UNIT JUNCTION BOX NOP FB ASSY,FAS,In-house,7,0,0,3,VEN0000002,500.0,Initial Planning Setup
GEC0000170,3000000800,HEATER WIRE JUNCTION BOX FB ASSY,FAS,In-house,7,0,0,3,VEN0000009,500.0,Initial Planning Setup
GEC0000171,3000000900,HYDRO MOTOR PIPE CLAMP MTG FB ASSY-280,FAS,In-house,7,0,0,3,VEN0000002,500.0,Initial Planning Setup
GEC0000172,3000001000,LOCKING UNIT LINEAR MTG BRACKET - 90 TON,FAS,In-house,7,0,0,3,VEN0000002,500.0,Initial Planning Setup
GEC0000173,4120004600,INJECTION MANIFOLD - NG10,MF,Job work,7,0,4,3,VEN0000008,2500.0,Initial Planning Setup
GEC0000174,4120004700,LOCKING MANIFOLD NG10-NG6-NG6,MF,Job work,7,0,4,3,VEN0000008,2500.0,Initial Planning Setup
GEC0000175,4120004800,EJECTOR MANIFOLD NG6,MF,Job work,7,0,4,3,VEN0000008,2500.0,Initial Planning Setup
GEC0000176,4120004900,PRESSURE MANIFOLD BG06,MF,Job work,7,0,4,3,VEN0000008,2500.0,Initial Planning Setup
GEC0000177,4120005000,EJECTOR ROD - 90 TON,MF,Job work,7,0,4,3,VEN0000002,2500.0,Initial Planning Setup
GEC0000178,4120005100,NOZZLE CYLINDER EXTENSION ROD 90-280,MF,Job work,7,0,4,3,VEN0000002,2500.0,Initial Planning Setup
GEC0000179,4120005200,NOZZLE CYLINDER EXTENSION ROD MTG,MF,Job work,7,0,4,3,VEN0000002,2500.0,Initial Planning Setup
GEC0000180,4120005300,NOZZLE CYLINDER EXTENSION ROD MTG BUSH,MF,Job work,7,0,4,3,VEN0000002,2500.0,Initial Planning Setup
GEC0000181,4120005400,NOZZLE CYLINDER STOP LIMIT SWITCH OPERATING PIN,MF,Job work,7,0,4,3,VEN0000002,2500.0,Initial Planning Setup
GEC0000182,4120005500,NOZZLE CYLINDER STOP SLIDER,MF,Job work,7,0,4,3,VEN0000002,2500.0,Initial Planning Setup
GEC0000183,4120005600,INJECTION UNIT SETTING BLOCK,MF,Job work,7,0,4,3,VEN0000002,2500.0,Initial Planning Setup
GEC0000184,4120005700,INJECTION FRAME MTG BOLT M27 X 35LG,MF,Job work,7,0,4,3,VEN0000012,2500.0,Initial Planning Setup
GEC0000185,4120005800,INJECTION GUARD MTG STUD,MF,Job work,7,0,4,3,VEN0000002,2500.0,Initial Planning Setup
GEC0000186,4120005900,CROSS HEAD LIMIT SWITCH OPERATING PIN-90,MF,Job work,7,0,4,3,VEN0000002,2500.0,Initial Planning Setup
GEC0000187,4120006000,MOLD HEIGHT STOP LIMIT SWITCH OPERATING PIN-90 TON,MF,Job work,7,0,4,3,VEN0000002,2500.0,Initial Planning Setup
GEC0000188,4120006100,INJECTION MANIFOLD MTG PLATE - 280,MF,Job work,7,0,4,3,VEN0000008,2500.0,Initial Planning Setup
GEC0000189,4120006200,INJECTION MANIFOLD MTG STRIP - 280,MF,Job work,7,0,4,3,VEN0000008,2500.0,Initial Planning Setup
GEC0000190,4120006300,GREASE PUMP MOUNTING PLATE,MF,Job work,7,0,4,3,VEN0000008,2500.0,Initial Planning Setup
GEC0000191,3130800100,JUNCTION BOX COVER,LC,Job work,7,0,4,3,VEN0000002,2500.0,Initial Planning Setup
GEC0000192,3130800200,PLC BOX COVER,LC,Job work,7,0,4,3,VEN0000009,2500.0,Initial Planning Setup
GEC0000193,3130800300,HEATER WIRE JUNCTION BOX COVER,LC,Job work,7,0,4,3,VEN0000009,2500.0,Initial Planning Setup
GEC0000194,3131100100,PLC BOX  MTG TOP BRACKET,LC,Job work,7,0,4,3,VEN0000009,2500.0,Initial Planning Setup
GEC0000195,3131100200,PLC BOX MTG BOTTOM BRACKET,LC,Job work,7,0,4,3,VEN0000009,2500.0,Initial Planning Setup
GEC0000196,3131100300,"MOLD HEIGHT STOP LIMIT SWITCH 
OPERATING PIN MTG BRACKET",LC,Job work,7,0,4,3,VEN0000002,2500.0,Initial Planning Setup
GEC0000197,3131100400,MOLD HEIGHT STOP LIMIT SWITCH MTG BRACKET,LC,Job work,7,0,4,3,VEN0000002,2500.0,Initial Planning Setup
GEC0000198,3131100500,CROSS HEAD LOCKING LIMIT STOP PIN MTG BRACKET,LC,Job work,7,0,4,3,VEN0000002,2500.0,Initial Planning Setup
GEC0000199,3131100600,TOGGLE LIMIT SWITCH MTG BRACKET,LC,Job work,7,0,4,3,VEN0000002,2500.0,Initial Planning Setup
GEC0000200,3131100700,EJECTOR LINEAR MTG BRACKET,LC,Job work,7,0,4,3,VEN0000002,2500.0,Initial Planning Setup
GEC0000201,3131100800,HEATER WIRE JUNCTION BOX MTG BRACKET,LC,Job work,7,0,4,3,VEN0000009,2500.0,Initial Planning Setup
GEC0000202,3131100900,HYD MOTOR RPM PROXY SENSOR MTG BRACKET,LC,Job work,7,0,4,3,VEN0000009,2500.0,Initial Planning Setup
GEC0000203,3131101000,INJECTION LINEAR MOUNTING BRACKET - 280,LC,Job work,7,0,4,3,VEN0000002,2500.0,Initial Planning Setup
GEC0000204,3131101100,INJECTION LINEAR SHAFT MTG BRACKET - 280,LC,Job work,7,0,4,3,VEN0000002,2500.0,Initial Planning Setup
GEC0000205,3131101200,NOZZLE CYLINDER LIMIT SWITCH PIN MTG BRACKET,LC,Job work,7,0,4,3,VEN0000002,2500.0,Initial Planning Setup
GEC0000206,3131101300,NOZZLE CYLINDER STOP LIMIT SWITCH MTG BRACKET,LC,Job work,7,0,4,3,VEN0000002,2500.0,Initial Planning Setup
GEC0000207,3131300100,INJECTION GUARD SUPPORT BRACKET - 280,LC,Job work,7,0,4,3,VEN0000002,2500.0,Initial Planning Setup
GEC0000208,6160100100,DSG-01-3C2-D24 (YUKEN),BO,Bought out,7,5,0,3,VEN0000011,6500.0,Initial Planning Setup
GEC0000209,6160100200,DSG-01-3C4-D24 (YUKEN),BO,Bought out,7,5,0,3,VEN0000011,6500.0,Initial Planning Setup
GEC0000210,6160100300,DSG-01-2B2B-D24 (YUKEN),BO,Bought out,7,5,0,3,VEN0000011,6500.0,Initial Planning Setup
GEC0000211,6160100400,DSG-03-3C2-D24 (YUKEN),BO,Bought out,7,5,0,3,VEN0000011,6500.0,Initial Planning Setup
GEC0000212,6160100600,DSG-03-3C12-D24 (YUKEN),BO,Bought out,7,5,0,3,VEN0000011,6500.0,Initial Planning Setup
GEC0000213,6160100700,DSG-03-2B10B-D24 (YUKEN),BO,Bought out,7,5,0,3,VEN0000011,6500.0,Initial Planning Setup
GEC0000214,6170100100,PRESSURE RELIEF VALVE - BG-03-HP32 (YUKEN),BO,Bought out,7,5,0,3,VEN0000008,6500.0,Initial Planning Setup
GEC0000215,6170100200,PRESSURE RELIEF VALVE - BG-06-P32 (YUKEN),BO,Bought out,7,5,0,3,VEN0000008,6500.0,Initial Planning Setup
GEC0000216,6180100100,PILOT OPERATED CHECK VALVE - MPA-01-4-40H01 (YUKEN),BO,Bought out,7,5,0,3,VEN0000008,6500.0,Initial Planning Setup
GEC0000217,6180200100,PILOT OPERATED CHECK VALVE - MCIV-06-01 (PRISM HYD),BO,Bought out,7,5,0,3,VEN0000008,6500.0,Initial Planning Setup
GEC0000218,6240100100,"PRESSURE GAUG 0-420 BAR BACK CONNECTION (2-1/2"")",BO,Bought out,7,5,0,3,VEN0000011,6500.0,Initial Planning Setup
GEC0000219,6010400100,SERVO SYSTEM - 64 LPM (JAKSH),BO,Bought out,7,5,0,3,VEN0000011,6500.0,Initial Planning Setup
GEC0000220,6020100100,PANEL SERVO-90 B&R,BO,Bought out,7,5,0,3,VEN0000011,6500.0,Initial Planning Setup
GEC0000221,6030100100,PANEL SERVO-90-280 B&R,BO,Bought out,7,5,0,3,VEN0000011,6500.0,Initial Planning Setup
GEC0000222,6210100100,LINEAR LT-M-100,BO,Bought out,7,5,0,3,VEN0000011,6500.0,Initial Planning Setup
GEC0000223,6210100175,LINEAR LT-M-175,BO,Bought out,7,5,0,3,VEN0000011,6500.0,Initial Planning Setup
GEC0000224,6210100350,LINEAR LT-M-350,BO,Bought out,7,5,0,3,VEN0000011,6500.0,Initial Planning Setup
GEC0000225,6220100100,LIMIT SWITCH SNAP ACTION - PC 603,BO,Bought out,7,5,0,3,VEN0000011,6500.0,Initial Planning Setup
GEC0000226,6220200100,LIMIT SWITCH ROLLER LEVER - FTN-139Z11,BO,Bought out,7,5,0,3,VEN0000011,6500.0,Initial Planning Setup
GEC0000227,7380100100,HYDRAULIC PIPE CLAMP - 20 MM,BO,Bought out,7,5,0,3,VEN0000011,6500.0,Initial Planning Setup
GEC0000228,7380100200,HYDRAULIC PIPE CLAMP - 25 MM,BO,Bought out,7,5,0,3,VEN0000011,6500.0,Initial Planning Setup
GEC0000229,6150100100,Ø85x115 CERAMIC HEATER WITH COVER,BO,Bought out,7,5,0,3,VEN0000009,6500.0,Initial Planning Setup
GEC0000230,6150200100,Ø85x30 MICA HEATER,BO,Bought out,7,5,0,3,VEN0000009,6500.0,Initial Planning Setup
GEC0000231,6150300100,Ø50x40 MICA HEATER SIDE CUT,BO,Bought out,7,5,0,3,VEN0000009,6500.0,Initial Planning Setup
GEC0000232,6150400100,Ø30x30 COIL HEATER,BO,Bought out,7,5,0,3,VEN0000009,6500.0,Initial Planning Setup
GEC0000233,6141100100,"THERMO COUPLE SENSOR 
(K TYPE L SHAPE ISOLATED 1 MTR)",BO,Bought out,7,5,0,3,VEN0000009,6500.0,Initial Planning Setup
GEC0000234,6141200100,"THERMO COUPLE SENSOR
BUTTERFLY TYPE 1/4 BSP K TYPE ISOLATED 1.5 MTR",BO,Bought out,7,5,0,3,VEN0000009,6500.0,Initial Planning Setup
GEC0000235,7370200100,MOTOR MOUNTING PAD Ø60 X M10 X 40LG,BO,Bought out,7,5,0,3,VEN0000011,6500.0,Initial Planning Setup
GEC0000236,7910500100,PLASTIC CAN HDPE-3 LITER (WHITE),BO,Bought out,7,5,0,3,VEN0000011,6500.0,Initial Planning Setup
GEC0000237,7910300100,ANTI VIBRATION RUBBER PAD - Ø125,BO,Bought out,7,5,0,3,VEN0000011,6500.0,Initial Planning Setup
GEC0000238,1000310100,NEO PRIME 90 - 280 TON,AS,In-house,7,0,0,3,VEN0000002,50000.0,Initial Planning Setup
GEC0000239,1000110200,TOGGLE TYPE LOCKING UNIT-110 TON,AS,In-house,7,0,0,3,VEN0000002,500.0,Initial Planning Setup
GEC0000240,1000210200,GUIDE ROD TYPE INJECTION UNIT-420,AS,In-house,7,0,0,3,VEN0000002,500.0,Initial Planning Setup
GEC0000241,3000001900,BASE FRAME ASSY - 110TON  (280/420/635),FAS,In-house,7,0,0,3,VEN0000002,500.0,Initial Planning Setup
GEC0000242,3000002100,INJECTION FRAME ASSY - 110-420 (GUIDE ROD TYPE),FAS,In-house,7,0,0,3,VEN0000002,500.0,Initial Planning Setup
GEC0000243,2000301100,SCREW BARREL ASSY - 40-420,AS,In-house,7,0,0,3,VEN0000012,500.0,Initial Planning Setup
GEC0000244,2000301300,OIL TANK ASSY - 110 TON - 300LTR,AS,In-house,7,0,0,3,VEN0000002,500.0,Initial Planning Setup
GEC0000245,2000301400,SAFETY DOOR ASSY - 110 TON,AS,In-house,7,0,0,3,VEN0000002,500.0,Initial Planning Setup
GEC0000246,2000301500,BASE FRAME GUARD SET - 110-420,AS,In-house,7,0,0,3,VEN0000002,500.0,Initial Planning Setup
GEC0000247,2000301600,SEAMLESS PIPE SET - 110-420,AS,In-house,7,0,0,3,VEN0000002,500.0,Initial Planning Setup
GEC0000248,7000100600,FASTENER KIT MAIN MACHINE - 110-420,AS,In-house,7,0,0,3,VEN0000012,500.0,Initial Planning Setup
GEC0000249,7000200200,NIPPLE KIT - 110-420,AS,In-house,7,0,0,3,VEN0000002,500.0,Initial Planning Setup
GEC0000250,7000300200,HOSE PIPE KIT - 110-420,AS,In-house,7,0,0,3,VEN0000002,500.0,Initial Planning Setup
GEC0000251,3000002300,HYDRO MOTOR PIPE CLAMP MTG -420,FAS,In-house,7,0,0,3,VEN0000002,500.0,Initial Planning Setup
GEC0000252,3000002400,LOCKING UNIT LINEAR MTG BRACKET - 110 TON,FAS,In-house,7,0,0,3,VEN0000002,500.0,Initial Planning Setup
GEC0000253,4120009300,EJECTOR ROD - 110 TON,MF,Job work,7,0,4,3,VEN0000002,2500.0,Initial Planning Setup
GEC0000254,4120009400,NOZZLE CYLINDER EXTENSION ROD 110-420,MF,Job work,7,0,4,3,VEN0000002,2500.0,Initial Planning Setup
GEC0000255,4120009500,CROSS HEAD LIMIT SWITCH OPERATING PIN-110,MF,Job work,7,0,4,3,VEN0000002,2500.0,Initial Planning Setup
GEC0000256,4120009600,INJECTION MANIFOLD MTG PLATE - 420,MF,Job work,7,0,4,3,VEN0000008,2500.0,Initial Planning Setup
GEC0000257,4120009700,INJECTION MANIFOLD MTG STRIP - 420,MF,Job work,7,0,4,3,VEN0000008,2500.0,Initial Planning Setup
GEC0000258,3131101400,INJECTION LINEAR MOUNTING BRACKET - 420,LC,Job work,7,0,4,3,VEN0000002,2500.0,Initial Planning Setup
GEC0000259,3131300200,INJECTION GUARD SUPPORT BRACKET - 420,LC,Job work,7,0,4,3,VEN0000002,2500.0,Initial Planning Setup
GEC0000260,6030100200,PANEL SERVO-110 B&R,BO,Bought out,7,5,0,3,VEN0000011,6500.0,Initial Planning Setup
GEC0000261,6210100200,LINEAR LT-M-200,BO,Bought out,7,5,0,3,VEN0000011,6500.0,Initial Planning Setup
GEC0000262,6150100200,Ø95x130 CERAMIC HEATER WITH COVER,BO,Bought out,7,5,0,3,VEN0000009,6500.0,Initial Planning Setup
GEC0000263,6150200200,Ø95x40 MICA HEATER,BO,Bought out,7,5,0,3,VEN0000009,6500.0,Initial Planning Setup
GEC0000264,6150300200,Ø55x50 MICA HEATER SIDE CUT,MC,Bought out,7,5,0,3,VEN0000009,500.0,Initial Planning Setup
GEC0000265,1000310400,NEO PRIME 110 - 420 TON,AS,In-house,7,0,0,3,VEN0000002,50000.0,Initial Planning Setup
GEC0000266,1000110300,TOGGLE TYPE LOCKING UNIT-140 TON,AS,In-house,7,0,0,3,VEN0000002,500.0,Initial Planning Setup
GEC0000267,1000210300,GUIDE ROD TYPE INJECTION UNIT-635,AS,In-house,7,0,0,3,VEN0000002,500.0,Initial Planning Setup
GEC0000268,3000003000,BASE FRAME ASSY - 140TON  (420/635),FAS,In-house,7,0,0,3,VEN0000002,500.0,Initial Planning Setup
GEC0000269,3000003200,INJECTION FRAME ASSY - 140-635 (GUIDE ROD TYPE),FAS,In-house,7,0,0,3,VEN0000002,500.0,Initial Planning Setup
GEC0000270,2000301800,SCREW BARREL ASSY - 45-635,AS,In-house,7,0,0,3,VEN0000012,500.0,Initial Planning Setup
GEC0000271,2000302000,OIL TANK ASSY - 140 TON - 350LTR,AS,In-house,7,0,0,3,VEN0000002,500.0,Initial Planning Setup
GEC0000272,2000302100,SAFETY DOOR ASSY - 140 TON,AS,In-house,7,0,0,3,VEN0000002,500.0,Initial Planning Setup
GEC0000273,2000302200,BASE FRAME GUARD SET - 140-635,AS,In-house,7,0,0,3,VEN0000002,500.0,Initial Planning Setup
GEC0000274,2000302300,SEAMLESS PIPE SET - 140-635,AS,In-house,7,0,0,3,VEN0000002,500.0,Initial Planning Setup
GEC0000275,7000101100,FASTENER KIT MAIN MACHINE - 140-635,AS,In-house,7,0,0,3,VEN0000012,500.0,Initial Planning Setup
GEC0000276,7000200300,NIPPLE KIT - 140-635,AS,In-house,7,0,0,3,VEN0000002,500.0,Initial Planning Setup
GEC0000277,7000300300,HOSE PIPE KIT - 140-635,AS,In-house,7,0,0,3,VEN0000002,500.0,Initial Planning Setup
GEC0000278,3000003300,HYDRO MOTOR PIPE CLAMP MTG FB ASSY-635,FAS,In-house,7,0,0,3,VEN0000002,500.0,Initial Planning Setup
GEC0000279,3000003400,LOCKING UNIT LINEAR MTG BRACKET - 140 TON,FAS,In-house,7,0,0,3,VEN0000002,500.0,Initial Planning Setup
GEC0000280,4120013000,INJECTION MANIFOLD - NG16,MF,Job work,7,0,4,3,VEN0000008,2500.0,Initial Planning Setup
GEC0000281,4120013100,LOCKING MANIFOLD NG16-NG6-NG6,MF,Job work,7,0,4,3,VEN0000008,2500.0,Initial Planning Setup
GEC0000282,4120013200,EJECTOR MANIFOLD NG10,MF,Job work,7,0,4,3,VEN0000008,2500.0,Initial Planning Setup
GEC0000283,4120013300,EJECTOR ROD - 140 TON,MF,Job work,7,0,4,3,VEN0000002,2500.0,Initial Planning Setup
GEC0000284,4120013400,NOZZLE CYLINDER EXTENSION ROD 140-635,MF,Job work,7,0,4,3,VEN0000002,2500.0,Initial Planning Setup
GEC0000285,4120013500,CROSS HEAD LIMIT SWITCH OPERATING PIN-140,MF,Job work,7,0,4,3,VEN0000002,2500.0,Initial Planning Setup
GEC0000286,4120013600,MOLD HEIGHT STOP LIMIT SWITCH OPERATING PIN-140 TON,MF,Job work,7,0,4,3,VEN0000002,2500.0,Initial Planning Setup
GEC0000287,4120013700,INJECTION MANIFOLD MTG PLATE - 635,MF,Job work,7,0,4,3,VEN0000008,2500.0,Initial Planning Setup
GEC0000288,4120013800,INJECTION MANIFOLD MTG STRIP - 635,MF,Job work,7,0,4,3,VEN0000008,2500.0,Initial Planning Setup
GEC0000289,3131101500,INJECTION LINEAR MOUNTING BRACKET - 635,LC,Job work,7,0,4,3,VEN0000002,2500.0,Initial Planning Setup
GEC0000290,3131300300,INJECTION GUARD SUPPORT BRACKET - 635,LC,Job work,7,0,4,3,VEN0000002,2500.0,Initial Planning Setup
GEC0000291,6160100500,DSG-03-3C4-D24 (YUKEN),MC,Job work,7,0,4,3,VEN0000011,500.0,Initial Planning Setup
GEC0000292,6160100800,DIRECTION CONTROL VALVE - 4 WEH 16 E7,BO,Bought out,7,5,0,3,VEN0000008,6500.0,Initial Planning Setup
GEC0000293,6160100900,DIRECTION CONTROL VALVE - 4 WEH 16 L7,BO,Bought out,7,5,0,3,VEN0000008,6500.0,Initial Planning Setup
GEC0000294,6160101000,DIRECTION CONTROL VALVE - 4 WEH 16 EA,BO,Bought out,7,5,0,3,VEN0000008,6500.0,Initial Planning Setup
GEC0000295,6180100200,PILOT OPERATED CHECK VALVE - MPA-03-4-20H01 (YUKEN),MC,Bought out,7,5,0,3,VEN0000008,500.0,Initial Planning Setup
GEC0000296,6010400200,SERVO SYSTEM - 100 LPM (JAKSH),BO,Bought out,7,5,0,3,VEN0000011,6500.0,Initial Planning Setup
GEC0000297,6030100300,PANEL SERVO-140 B&R,BO,Bought out,7,5,0,3,VEN0000011,6500.0,Initial Planning Setup
GEC0000298,6210100130,LINEAR LT-M-130,BO,Bought out,7,5,0,3,VEN0000011,6500.0,Initial Planning Setup
GEC0000299,6210100225,LINEAR LT-M-225,BO,Bought out,7,5,0,3,VEN0000011,6500.0,Initial Planning Setup
GEC0000300,6210100375,LINEAR LT-M-375,BO,Bought out,7,5,0,3,VEN0000011,6500.0,Initial Planning Setup
GEC0000301,6150100300,Ø105x145 CERAMIC HEATER WITH COVER,BO,Bought out,7,5,0,3,VEN0000009,6500.0,Initial Planning Setup
GEC0000302,6150200300,Ø105x40 MICA HEATER,BO,Bought out,7,5,0,3,VEN0000009,6500.0,Initial Planning Setup
GEC0000303,6150300300,Ø60x60 MICA HEATER SIDE CUT,BO,Bought out,7,5,0,3,VEN0000009,6500.0,Initial Planning Setup
GEC0000304,1000310700,NEO PRIME 140-635 TON,AS,In-house,7,0,0,3,VEN0000002,50000.0,Initial Planning Setup
GEC0000305,1000110400,TOGGLE TYPE LOCKING UNIT-170 TON,AS,In-house,7,0,0,3,VEN0000002,500.0,Initial Planning Setup
GEC0000306,1000210400,GUIDE ROD TYPE INJECTION UNIT-905,AS,In-house,7,0,0,3,VEN0000002,500.0,Initial Planning Setup
GEC0000307,3000004000,BASE FRAME ASSY - 170TON  (635/905),FAS,In-house,7,0,0,3,VEN0000002,500.0,Initial Planning Setup
GEC0000308,3000004200,INJECTION FRAME ASSY - 170-905 (GUIDE ROD TYPE),FAS,In-house,7,0,0,3,VEN0000002,500.0,Initial Planning Setup
GEC0000309,2000302500,SCREW BARREL ASSY - 50-905,AS,In-house,7,0,0,3,VEN0000012,500.0,Initial Planning Setup
GEC0000310,2000302700,OIL TANK ASSY - 170 TON - 400LTR,AS,In-house,7,0,0,3,VEN0000002,500.0,Initial Planning Setup
GEC0000311,2000302800,SAFETY DOOR ASSY - 170 TON,AS,In-house,7,0,0,3,VEN0000002,500.0,Initial Planning Setup
GEC0000312,2000302900,BASE FRAME GUARD SET - 170-905,AS,In-house,7,0,0,3,VEN0000002,500.0,Initial Planning Setup
GEC0000313,2000303000,SEAMLESS PIPE SET - 170-905,AS,In-house,7,0,0,3,VEN0000002,500.0,Initial Planning Setup
GEC0000314,2000303100,HEAT EXCHANGER ASSY - 170 TON,AS,In-house,7,0,0,3,VEN0000002,500.0,Initial Planning Setup
GEC0000315,2000303200,HOPPER ASSY - 50KG,AS,In-house,7,0,0,3,VEN0000002,500.0,Initial Planning Setup
GEC0000316,7000101600,FASTENER KIT MAIN MACHINE - 170-905,AS,In-house,7,0,0,3,VEN0000012,500.0,Initial Planning Setup
GEC0000317,7000200400,NIPPLE KIT - 170-905,AS,In-house,7,0,0,3,VEN0000002,500.0,Initial Planning Setup
GEC0000318,7000300400,HOSE PIPE KIT - 170-905,AS,In-house,7,0,0,3,VEN0000002,500.0,Initial Planning Setup
GEC0000319,3000004300,WELDING HOSE PIPE NIPPLE FLANGE ASSY - 3'',FAS,In-house,7,0,0,3,VEN0000002,500.0,Initial Planning Setup
GEC0000320,3000004400,HYDRO MOTOR PIPE CLAMP MTG FB ASSY-905,FAS,In-house,7,0,0,3,VEN0000002,500.0,Initial Planning Setup
GEC0000321,3000004500,LOCKING UNIT LINEAR MTG BRACKET - 170 TON,FAS,In-house,7,0,0,3,VEN0000002,500.0,Initial Planning Setup
GEC0000322,4120017300,EJECTOR ROD - 170 TON,MF,Job work,7,0,4,3,VEN0000002,2500.0,Initial Planning Setup
GEC0000323,4120017400,NOZZLE CYLINDER EXTENSION ROD 170-905,MF,Job work,7,0,4,3,VEN0000002,2500.0,Initial Planning Setup
GEC0000324,4120017500,CROSS HEAD LIMIT SWITCH OPERATING PIN-170,MF,Job work,7,0,4,3,VEN0000002,2500.0,Initial Planning Setup
GEC0000325,4120017600,INJECTION MANIFOLD MTG PLATE - 905,MF,Job work,7,0,4,3,VEN0000008,2500.0,Initial Planning Setup
GEC0000326,3131101600,INJECTION LINEAR MOUNTING BRACKET - 905,LC,Job work,7,0,4,3,VEN0000002,2500.0,Initial Planning Setup
GEC0000327,3131300400,INJECTION GUARD SUPPORT BRACKET - 905,LC,Job work,7,0,4,3,VEN0000002,2500.0,Initial Planning Setup
GEC0000328,6010400300,SERVO SYSTEM - 140 LPM (JAKSH),BO,Bought out,7,5,0,3,VEN0000011,6500.0,Initial Planning Setup
GEC0000329,6030100400,PANEL SERVO-170 B&R,BO,Bought out,7,5,0,3,VEN0000011,6500.0,Initial Planning Setup
GEC0000330,6210100150,LINEAR LT-M-150,BO,Bought out,7,5,0,3,VEN0000011,6500.0,Initial Planning Setup
GEC0000331,6210100275,LINEAR LT-M-275,BO,Bought out,7,5,0,3,VEN0000011,6500.0,Initial Planning Setup
GEC0000332,6210100425,LINEAR LT-M-450,BO,Bought out,7,5,0,3,VEN0000011,6500.0,Initial Planning Setup
GEC0000333,6150100400,Ø125x130 CERAMIC HEATER WITH COVER,BO,Bought out,7,5,0,3,VEN0000009,6500.0,Initial Planning Setup
GEC0000334,6150200400,Ø125x40 MICA HEATER,BO,Bought out,7,5,0,3,VEN0000009,6500.0,Initial Planning Setup
GEC0000335,6150200600,Ø40x40 MICA HEATER,BO,Bought out,7,5,0,3,VEN0000009,6500.0,Initial Planning Setup
GEC0000336,6150300400,Ø75x50 MICA HEATER SIDE CUT,BO,Bought out,7,5,0,3,VEN0000009,6500.0,Initial Planning Setup
GEC0000337,6141100200,"THERMO COUPLE SENSOR 
(K TYPE L SHAPE ISOLATED 1.5 MTR)",BO,Bought out,7,5,0,3,VEN0000009,6500.0,Initial Planning Setup
GEC0000338,6141200200,"THERMO COUPLE SENSOR
BUTTERFLY TYPE 1/4 BSP K TYPE ISOLATED 2 MTR",BO,Bought out,7,5,0,3,VEN0000009,6500.0,Initial Planning Setup
GEC0000339,1000311000,NEO PRIME 170-905 TON,AS,In-house,7,0,0,3,VEN0000002,50000.0,Initial Planning Setup
GEC0000340,1000110500,TOGGLE TYPE LOCKING UNIT-200 TON,AS,In-house,7,0,0,3,VEN0000002,500.0,Initial Planning Setup
GEC0000341,1000210500,GUIDE ROD TYPE INJECTION UNIT-1520,AS,In-house,7,0,0,3,VEN0000002,500.0,Initial Planning Setup
GEC0000342,3000005400,BASE FRAME ASSY - 200TON  (905/1520),FAS,In-house,7,0,0,3,VEN0000002,500.0,Initial Planning Setup
GEC0000343,3000005600,INJECTION FRAME ASSY - 200-1520 (GUIDE ROD TYPE),FAS,In-house,7,0,0,3,VEN0000002,500.0,Initial Planning Setup
GEC0000344,2000303400,SCREW BARREL ASSY - 60-1520,AS,In-house,7,0,0,3,VEN0000012,500.0,Initial Planning Setup
GEC0000345,2000303600,OIL TANK ASSY - 200 TON - 400LTR,AS,In-house,7,0,0,3,VEN0000002,500.0,Initial Planning Setup
GEC0000346,2000303700,SAFETY DOOR ASSY - 200 TON,AS,In-house,7,0,0,3,VEN0000002,500.0,Initial Planning Setup
GEC0000347,2000303800,BASE FRAME GUARD SET - 200-1520,AS,In-house,7,0,0,3,VEN0000002,500.0,Initial Planning Setup
GEC0000348,2000303900,SEAMLESS PIPE SET - 200-1520,AS,In-house,7,0,0,3,VEN0000002,500.0,Initial Planning Setup
GEC0000349,7000102100,FASTENER KIT MAIN MACHINE - 200-1520,AS,In-house,7,0,0,3,VEN0000012,500.0,Initial Planning Setup
GEC0000350,7000200500,NIPPLE KIT - 200-1520,AS,In-house,7,0,0,3,VEN0000002,500.0,Initial Planning Setup
GEC0000351,7000300500,HOSE PIPE KIT - 200-1520,AS,In-house,7,0,0,3,VEN0000002,500.0,Initial Planning Setup
GEC0000352,3000005700,HYDRO MOTOR PIPE CLAMP MTG FB ASSY-1520,FAS,In-house,7,0,0,3,VEN0000002,500.0,Initial Planning Setup
GEC0000353,3000005800,LOCKING UNIT LINEAR MTG BRACKET - 200 TON,FAS,In-house,7,0,0,3,VEN0000002,500.0,Initial Planning Setup
GEC0000354,4120020900,EJECTOR ROD - 200 TON,MF,Job work,7,0,4,3,VEN0000002,2500.0,Initial Planning Setup
GEC0000355,4120021000,NOZZLE CYLINDER EXTENSION ROD 200-1520,MF,Job work,7,0,4,3,VEN0000002,2500.0,Initial Planning Setup
GEC0000356,4120021100,CROSS HEAD LIMIT SWITCH OPERATING PIN-200,MF,Job work,7,0,4,3,VEN0000002,2500.0,Initial Planning Setup
GEC0000357,4120021200,INJECTION MANIFOLD MTG PLATE - 1520,MF,Job work,7,0,4,3,VEN0000008,2500.0,Initial Planning Setup
GEC0000358,3131101700,INJECTION LINEAR MOUNTING BRACKET - 1520,LC,Job work,7,0,4,3,VEN0000002,2500.0,Initial Planning Setup
GEC0000359,3131101800,INJECTION LINEAR SHAFT MTG BRACKET - 1520,LC,Job work,7,0,4,3,VEN0000002,2500.0,Initial Planning Setup
GEC0000360,3131300500,INJECTION GUARD SUPPORT BRACKET - 1520,LC,Job work,7,0,4,3,VEN0000002,2500.0,Initial Planning Setup
GEC0000361,6010400400,SERVO SYSTEM - 180 LPM (JAKSH),BO,Bought out,7,5,0,3,VEN0000011,6500.0,Initial Planning Setup
GEC0000362,6030100500,PANEL SERVO-200 B&R,BO,Bought out,7,5,0,3,VEN0000011,6500.0,Initial Planning Setup
GEC0000363,6210100300,LINEAR LT-M-300,BO,Bought out,7,5,0,3,VEN0000011,6500.0,Initial Planning Setup
GEC0000364,7380100300,HYDRAULIC PIPE CLAMP - 30 MM,BO,Bought out,7,5,0,3,VEN0000011,6500.0,Initial Planning Setup
GEC0000365,6150100500,Ø135x150 CERAMIC HEATER WITH COVER,BO,Bought out,7,5,0,3,VEN0000009,6500.0,Initial Planning Setup
GEC0000366,6150200500,Ø135x60 MICA HEATER,BO,Bought out,7,5,0,3,VEN0000009,6500.0,Initial Planning Setup
GEC0000367,1000311300,NEO PRIME 200-1520 TON,AS,In-house,7,0,0,3,VEN0000002,50000.0,Initial Planning Setup
GEC0000368,2000110100,LOCKING CYLINDER ASSY - 90 TON (STOCK-295),AS,In-house,7,0,0,3,VEN0000002,500.0,Initial Planning Setup
GEC0000369,2000110200,EJECTOR CYLINDER ASSY - 90 TON (STOCK-85),AS,In-house,7,0,0,3,VEN0000002,500.0,Initial Planning Setup
GEC0000370,7000100200,FASTENER KIT LOCKING UNIT - 90 TON,AS,In-house,7,0,0,3,VEN0000012,500.0,Initial Planning Setup
GEC0000371,4110000100,STATIONARY PLATE TOGGLE - 90 TON,CMF,Job work,7,0,4,3,VEN0000002,2500.0,Initial Planning Setup
GEC0000372,4110000200,MOVING PLATE TOGGLE - 90 TON,CMF,Job work,7,0,4,3,VEN0000002,2500.0,Initial Planning Setup
GEC0000373,4110000300,END PLATE - 90 TON,CMF,Job work,7,0,4,3,VEN0000002,2500.0,Initial Planning Setup
GEC0000374,4110000400,CROSS HEAD - 90 TON,CMF,Job work,7,0,4,3,VEN0000002,2500.0,Initial Planning Setup
GEC0000375,4110000500,CROSS HEAD LINK - 90 TON,CMF,Job work,7,0,4,3,VEN0000002,2500.0,Initial Planning Setup
GEC0000376,4110000600,BINARY LINK - 90 TON,CMF,Job work,7,0,4,3,VEN0000002,2500.0,Initial Planning Setup
GEC0000377,4110000700,TERNARY LINK - 90 TON,CMF,Job work,7,0,4,3,VEN0000002,2500.0,Initial Planning Setup
GEC0000378,4110000800,TERNARY LINK RH - 90 TON,CMF,Job work,7,0,4,3,VEN0000002,2500.0,Initial Planning Setup
GEC0000379,4110000900,TERNARY LINK LH - 90 TON,CMF,Job work,7,0,4,3,VEN0000002,2500.0,Initial Planning Setup
GEC0000380,4110001000,GEAR NUT RETAINER - 90 TON,CMF,Job work,7,0,4,3,VEN0000012,2500.0,Initial Planning Setup
GEC0000381,4110001100,EJECTOR PLATE  TOGGLE - 90 TON,CMF,Job work,7,0,4,3,VEN0000002,2500.0,Initial Planning Setup
GEC0000382,4110001200,DIE HEIGHT MOTOR MTG BRACKET - 90 TON,CMF,Job work,7,0,4,3,VEN0000002,2500.0,Initial Planning Setup
GEC0000383,4010100200,SUN GEAR - 90 TON (MODULE-3 TEETH-159),CMF,Job work,7,0,4,3,VEN0000005,2500.0,Initial Planning Setup
GEC0000384,4120000100,TIE BAR Ø65 - 90 TON TOGGLE,MF,Job work,7,0,4,3,VEN0000002,2500.0,Initial Planning Setup
GEC0000385,4120000200,TIE BAR LOCATING PLATE - 90 TON,MF,Job work,7,0,4,3,VEN0000002,2500.0,Initial Planning Setup
GEC0000386,4120000300,TOGGLE SMALL PIN Ø30 - 90 TON,MF,Job work,7,0,4,3,VEN0000002,2500.0,Initial Planning Setup
GEC0000387,4120000400,TOGGLE SMALL PIN LOCKING STRIP – 90 TON,MF,Job work,7,0,4,3,VEN0000002,2500.0,Initial Planning Setup
GEC0000388,4120000500,TOGGLE BIG PIN Ø55 - 90 TON,MF,Job work,7,0,4,3,VEN0000002,2500.0,Initial Planning Setup
GEC0000389,4120000600,CROSS HEAD GUIDE ROD Ø45 - 90 TON,MF,Job work,7,0,4,3,VEN0000002,2500.0,Initial Planning Setup
GEC0000390,4120000700,CROSS HEAD GUIDE ROD LOCATING PLATE - 90 TON,MF,Job work,7,0,4,3,VEN0000002,2500.0,Initial Planning Setup
GEC0000391,4120000800,MOVING PLATE WIPER RETAINER - 90 TON,MF,Job work,7,0,4,3,VEN0000002,2500.0,Initial Planning Setup
GEC0000392,4120000900,NOZZLE TIP LOCATING RING Ø160 - 90 TON,MF,Job work,7,0,4,3,VEN0000002,2500.0,Initial Planning Setup
GEC0000393,4120001000,EJECTOR CYLINDER MTG PLATE - 90 TON,MF,Job work,7,0,4,3,VEN0000002,2500.0,Initial Planning Setup
GEC0000394,4120001100,EJECTOR PLATE GUIDE ROD - 90 TON,MF,Job work,7,0,4,3,VEN0000002,2500.0,Initial Planning Setup
GEC0000395,4120001200,SUN GEAR BEARING SUPPORT SHAFT,MF,Job work,7,0,4,3,VEN0000005,2500.0,Initial Planning Setup
GEC0000396,4010100100,MOLD HEIGHT ADJUSTMENT GEAR - 90 TON (MODULE-3 TEETH-18),MF,Job work,7,0,4,3,VEN0000005,2500.0,Initial Planning Setup
GEC0000397,4020100100,TIE BAR NUT M65 X 3 - 90 TON TOGGLE,MF,Job work,7,0,4,3,VEN0000012,2500.0,Initial Planning Setup
GEC0000398,4010100800,GEAR NUT - 90 TON (MODULE-3 TEETH-46),MF,Job work,7,0,4,3,VEN0000012,2500.0,Initial Planning Setup
GEC0000399,4030100100,GEAR NUT SPACER - 90 TON,MF,Job work,7,0,4,3,VEN0000012,2500.0,Initial Planning Setup
GEC0000400,4030200100,SP WASHER Ø35 X Ø12.5 X 10 THK,MF,Job work,7,0,4,3,VEN0000012,2500.0,Initial Planning Setup
GEC0000401,4040100100,MOVING PLATE BUSH Ø80 X Ø65 X 40LG - 90 TON,MF,Job work,7,0,4,3,VEN0000002,2500.0,Initial Planning Setup
GEC0000402,4040100700,CROSS HEAD BUSH Ø55 X Ø45 X 30LG - 90 TON,MF,Job work,7,0,4,3,VEN0000002,2500.0,Initial Planning Setup
GEC0000403,4040200100,TOGGLE SMALL GRAPHITE BUSH Ø40 X Ø30 X 55LG - 90 TON,MF,Job work,7,0,4,3,VEN0000002,2500.0,Initial Planning Setup
GEC0000404,4040200700,TOGGLE BIG GRAPHITE BUSH Ø70 X Ø55 X 60LG - 90 TON,MF,Job work,7,0,4,3,VEN0000002,2500.0,Initial Planning Setup
GEC0000405,7220100100,DU BUSH - 30 X 34 X 25 LG,BO,Bought out,7,5,0,3,VEN0000011,6500.0,Initial Planning Setup
GEC0000406,7270053065,PU WIPER SEAL - 65 X 73.6 X 5.3/7,BO,Bought out,7,5,0,3,VEN0000010,6500.0,Initial Planning Setup
GEC0000407,7190105900,"SRDG BALL BEARING,6205-ZZ",BO,Bought out,7,5,0,3,VEN0000011,6500.0,Initial Planning Setup
GEC0000408,6110100100,TORQUE PISTON MOTOR TMP-160,BO,Bought out,7,5,0,3,VEN0000011,6500.0,Initial Planning Setup
GEC0000409,2000110300,LOCKING CYLINDER ASSY - 110 TON (STOCK-325),AS,In-house,7,0,0,3,VEN0000002,500.0,Initial Planning Setup
GEC0000410,2000110400,EJECTOR CYLINDER ASSY - 110 TON (STOCK-100),AS,In-house,7,0,0,3,VEN0000002,500.0,Initial Planning Setup
GEC0000411,7000100700,FASTENER KIT LOCKING UNIT - 110 TON,AS,In-house,7,0,0,3,VEN0000012,500.0,Initial Planning Setup
GEC0000412,4110001900,STATIONARY PLATE TOGGLE - 110 TON,CMF,Job work,7,0,4,3,VEN0000002,2500.0,Initial Planning Setup
GEC0000413,4110002000,MOVING PLATE TOGGLE - 110 TON,CMF,Job work,7,0,4,3,VEN0000002,2500.0,Initial Planning Setup
GEC0000414,4110002100,END PLATE - 110 TON,CMF,Job work,7,0,4,3,VEN0000002,2500.0,Initial Planning Setup
GEC0000415,4110002200,CROSS HEAD - 110 TON,CMF,Job work,7,0,4,3,VEN0000002,2500.0,Initial Planning Setup
GEC0000416,4110002300,CROSS HEAD LINK - 110 TON,CMF,Job work,7,0,4,3,VEN0000002,2500.0,Initial Planning Setup
GEC0000417,4110002400,BINARY LINK - 110 TON,CMF,Job work,7,0,4,3,VEN0000002,2500.0,Initial Planning Setup
GEC0000418,4110002500,TERNARY LINK - 110 TON,CMF,Job work,7,0,4,3,VEN0000002,2500.0,Initial Planning Setup
GEC0000419,4110002600,TERNARY LINK RH - 110 TON,CMF,Job work,7,0,4,3,VEN0000002,2500.0,Initial Planning Setup
GEC0000420,4110002700,TERNARY LINK LH - 110 TON,CMF,Job work,7,0,4,3,VEN0000002,2500.0,Initial Planning Setup
GEC0000421,4110002800,GEAR NUT RETAINER - 110 TON,CMF,Job work,7,0,4,3,VEN0000012,2500.0,Initial Planning Setup
GEC0000422,4010100300,SUN GEAR - 110 TON (MODULE-3 TEETH-178),CMF,Job work,7,0,4,3,VEN0000005,2500.0,Initial Planning Setup
GEC0000423,4120006700,TIE BAR Ø70 - 110 TON TOGGLE,MF,Job work,7,0,4,3,VEN0000002,2500.0,Initial Planning Setup
GEC0000424,4120006800,TIE BAR LOCATING PLATE - 110 TON,MF,Job work,7,0,4,3,VEN0000002,2500.0,Initial Planning Setup
GEC0000425,4120006900,TOGGLE SMALL PIN Ø35 - 110 TON,MF,Job work,7,0,4,3,VEN0000002,2500.0,Initial Planning Setup
GEC0000426,4120007000,TOGGLE SMALL PIN LOCKING STRIP – 110 TON,MF,Job work,7,0,4,3,VEN0000002,2500.0,Initial Planning Setup
GEC0000427,4120007100,TOGGLE BIG PIN Ø60 - 110 TON,MF,Job work,7,0,4,3,VEN0000002,2500.0,Initial Planning Setup
GEC0000428,4120007200,CROSS HEAD GUIDE ROD Ø50 - 110 TON,MF,Job work,7,0,4,3,VEN0000002,2500.0,Initial Planning Setup
GEC0000429,4120007300,CROSS HEAD GUIDE ROD LOCATING PLATE - 110 TON,MF,Job work,7,0,4,3,VEN0000002,2500.0,Initial Planning Setup
GEC0000430,4120007400,MOVING PLATE WIPER RETAINER - 110 TON,MF,Job work,7,0,4,3,VEN0000002,2500.0,Initial Planning Setup
GEC0000431,4120007500,EJECTOR PLATE GUIDE ROD - 110 TON,MF,Job work,7,0,4,3,VEN0000002,2500.0,Initial Planning Setup
GEC0000432,4020100200,TIE BAR NUT M70 X 3 - 110 TON TOGGLE,MF,Job work,7,0,4,3,VEN0000012,2500.0,Initial Planning Setup
GEC0000433,4010100900,GEAR NUT - 110 TON (MODULE-3 TEETH-48),MF,Job work,7,0,4,3,VEN0000012,2500.0,Initial Planning Setup
GEC0000434,4030100200,GEAR NUT SPACER - 110 TON,MF,Job work,7,0,4,3,VEN0000012,2500.0,Initial Planning Setup
GEC0000435,4040100200,MOVING PLATE BUSH Ø85 X Ø70 X 45LG - 110 TON,MF,Job work,7,0,4,3,VEN0000002,2500.0,Initial Planning Setup
GEC0000436,4040100800,CROSS HEAD BUSH Ø60 X Ø50 X 30LG - 110 TON,MF,Job work,7,0,4,3,VEN0000002,2500.0,Initial Planning Setup
GEC0000437,4040200200,TOGGLE SMALL GRAPHITE BUSH Ø45 X Ø35 X 60LG - 110 TON,MF,Job work,7,0,4,3,VEN0000002,2500.0,Initial Planning Setup
GEC0000438,4040200800,TOGGLE BIG GRAPHITE BUSH Ø75 X Ø60 X 70LG - 110 TON,MF,Job work,7,0,4,3,VEN0000002,2500.0,Initial Planning Setup
GEC0000439,7270053070,PU WIPER SEAL - 70 X 78.6 X 5.3/7,BO,Bought out,7,5,0,3,VEN0000010,6500.0,Initial Planning Setup
GEC0000440,2000110500,LOCKING CYLINDER ASSY - 140 TON (STOCK-360),AS,In-house,7,0,0,3,VEN0000002,500.0,Initial Planning Setup
GEC0000441,2000110600,EJECTOR CYLINDER ASSY - 140 TON (STOCK-120),AS,In-house,7,0,0,3,VEN0000002,500.0,Initial Planning Setup
GEC0000442,7000101200,FASTENER KIT LOCKING UNIT - 140 TON,AS,In-house,7,0,0,3,VEN0000012,500.0,Initial Planning Setup
GEC0000443,4110003000,STATIONARY PLATE TOGGLE - 140 TON,CMF,Job work,7,0,4,3,VEN0000002,2500.0,Initial Planning Setup
GEC0000444,4110003100,MOVING PLATE TOGGLE - 140 TON,CMF,Job work,7,0,4,3,VEN0000002,2500.0,Initial Planning Setup
GEC0000445,4110003200,END PLATE - 140 TON,CMF,Job work,7,0,4,3,VEN0000002,2500.0,Initial Planning Setup
GEC0000446,4110003300,CROSS HEAD - 140 TON,CMF,Job work,7,0,4,3,VEN0000002,2500.0,Initial Planning Setup
GEC0000447,4110003400,CROSS HEAD LINK - 140 TON,CMF,Job work,7,0,4,3,VEN0000002,2500.0,Initial Planning Setup
GEC0000448,4110003500,BINARY LINK - 140 TON,CMF,Job work,7,0,4,3,VEN0000002,2500.0,Initial Planning Setup
GEC0000449,4110003600,TERNARY LINK - 140 TON,CMF,Job work,7,0,4,3,VEN0000002,2500.0,Initial Planning Setup
GEC0000450,4110003700,TERNARY LINK RH - 140 TON,CMF,Job work,7,0,4,3,VEN0000002,2500.0,Initial Planning Setup
GEC0000451,4110003800,TERNARY LINK LH - 140 TON,CMF,Job work,7,0,4,3,VEN0000002,2500.0,Initial Planning Setup
GEC0000452,4110003900,GEAR NUT RETAINER - 140 TON,CMF,Job work,7,0,4,3,VEN0000012,2500.0,Initial Planning Setup
GEC0000453,4110004000,MOVING PLATE SLIDING BLOCK - 140 TON,CMF,Job work,7,0,4,3,VEN0000002,2500.0,Initial Planning Setup
GEC0000454,4010100400,SUN GEAR - 140 TON (MODULE-3 TEETH-197),CMF,Job work,7,0,4,3,VEN0000005,2500.0,Initial Planning Setup
GEC0000455,4120009800,TIE BAR Ø80 - 140 TON TOGGLE,MF,Job work,7,0,4,3,VEN0000002,2500.0,Initial Planning Setup
GEC0000456,4120009900,TIE BAR LOCATING PLATE - 140 TON,MF,Job work,7,0,4,3,VEN0000002,2500.0,Initial Planning Setup
GEC0000457,4120010000,TOGGLE SMALL PIN Ø40 - 140 TON,MF,Job work,7,0,4,3,VEN0000002,2500.0,Initial Planning Setup
GEC0000458,4120010100,TOGGLE SMALL PIN LOCKING STRIP – 140 TON,MF,Job work,7,0,4,3,VEN0000002,2500.0,Initial Planning Setup
GEC0000459,4120010200,TOGGLE BIG PIN Ø70 - 140 TON,MF,Job work,7,0,4,3,VEN0000002,2500.0,Initial Planning Setup
GEC0000460,4120010300,CROSS HEAD GUIDE ROD Ø55 - 140 TON,MF,Job work,7,0,4,3,VEN0000002,2500.0,Initial Planning Setup
GEC0000461,4120010400,CROSS HEAD GUIDE ROD LOCATING PLATE - 140 TON,MF,Job work,7,0,4,3,VEN0000002,2500.0,Initial Planning Setup
GEC0000462,4120010500,MOVING PLATE WIPER RETAINER - 140 TON,MF,Job work,7,0,4,3,VEN0000002,2500.0,Initial Planning Setup
GEC0000463,4120010600,EJECTOR PLATE GUIDE ROD - 140 TON,MF,Job work,7,0,4,3,VEN0000002,2500.0,Initial Planning Setup
GEC0000464,4020100300,TIE BAR NUT M80 X 3 - 140 TON TOGGLE,MF,Job work,7,0,4,3,VEN0000012,2500.0,Initial Planning Setup
GEC0000465,4010101000,GEAR NUT - 140 TON (MODULE-3 TEETH-53),MF,Job work,7,0,4,3,VEN0000012,2500.0,Initial Planning Setup
GEC0000466,4030100300,GEAR NUT SPACER - 140 TON,MF,Job work,7,0,4,3,VEN0000012,2500.0,Initial Planning Setup
GEC0000467,4040100300,MOVING PLATE BUSH Ø95 X Ø80 X 50LG - 140 TON,MF,Job work,7,0,4,3,VEN0000002,2500.0,Initial Planning Setup
GEC0000468,4040100900,CROSS HEAD BUSH Ø65 X Ø55 X 33LG - 140 TON,MF,Job work,7,0,4,3,VEN0000002,2500.0,Initial Planning Setup
GEC0000469,4040200300,TOGGLE SMALL GRAPHITE BUSH Ø50 X Ø40 X 65LG - 140 TON,MF,Job work,7,0,4,3,VEN0000002,2500.0,Initial Planning Setup
GEC0000470,4040200900,TOGGLE BIG GRAPHITE BUSH Ø85 X Ø70 X 75LG - 140 TON,MF,Job work,7,0,4,3,VEN0000002,2500.0,Initial Planning Setup
GEC0000471,7270053080,PU WIPER SEAL - 80 X 88.6 X 5.3/7,BO,Bought out,7,5,0,3,VEN0000010,6500.0,Initial Planning Setup
GEC0000472,2000110700,LOCKING CYLINDER ASSY - 170 TON (STOCK-395),AS,In-house,7,0,0,3,VEN0000002,500.0,Initial Planning Setup
GEC0000473,2000110800,EJECTOR CYLINDER ASSY - 170 TON (STOCK-130),AS,In-house,7,0,0,3,VEN0000002,500.0,Initial Planning Setup
GEC0000474,7000101700,FASTENER KIT LOCKING UNIT - 170 TON,AS,In-house,7,0,0,3,VEN0000012,500.0,Initial Planning Setup
GEC0000475,4110004400,STATIONARY PLATE TOGGLE - 170 TON,CMF,Job work,7,0,4,3,VEN0000002,2500.0,Initial Planning Setup
GEC0000476,4110004500,MOVING PLATE TOGGLE - 170 TON,CMF,Job work,7,0,4,3,VEN0000002,2500.0,Initial Planning Setup
GEC0000477,4110004600,END PLATE - 170 TON,CMF,Job work,7,0,4,3,VEN0000002,2500.0,Initial Planning Setup
GEC0000478,4110004700,CROSS HEAD - 170 TON,CMF,Job work,7,0,4,3,VEN0000002,2500.0,Initial Planning Setup
GEC0000479,4110004800,CROSS HEAD LINK - 170 TON,CMF,Job work,7,0,4,3,VEN0000002,2500.0,Initial Planning Setup
GEC0000480,4110004900,BINARY LINK - 170 TON,CMF,Job work,7,0,4,3,VEN0000002,2500.0,Initial Planning Setup
GEC0000481,4110005000,TERNARY LINK - 170 TON,CMF,Job work,7,0,4,3,VEN0000002,2500.0,Initial Planning Setup
GEC0000482,4110005100,TERNARY LINK RH - 170 TON,CMF,Job work,7,0,4,3,VEN0000002,2500.0,Initial Planning Setup
GEC0000483,4110005200,TERNARY LINK LH - 170 TON,CMF,Job work,7,0,4,3,VEN0000002,2500.0,Initial Planning Setup
GEC0000484,4110005300,GEAR NUT RETAINER - 170 TON,CMF,Job work,7,0,4,3,VEN0000012,2500.0,Initial Planning Setup
GEC0000485,4010100500,SUN GEAR - 170 TON (MODULE-3 TEETH-215),CMF,Job work,7,0,4,3,VEN0000005,2500.0,Initial Planning Setup
GEC0000486,4120013900,TIE BAR Ø90 - 170 TON TOGGLE,MF,Job work,7,0,4,3,VEN0000002,2500.0,Initial Planning Setup
GEC0000487,4120014000,TIE BAR LOCATING PLATE - 170 TON,MF,Job work,7,0,4,3,VEN0000002,2500.0,Initial Planning Setup
GEC0000488,4120014100,TOGGLE SMALL PIN Ø45 - 170 TON,MF,Job work,7,0,4,3,VEN0000002,2500.0,Initial Planning Setup
GEC0000489,4120014200,TOGGLE SMALL PIN LOCKING STRIP – 170 TON,MF,Job work,7,0,4,3,VEN0000002,2500.0,Initial Planning Setup
GEC0000490,4120014300,TOGGLE BIG PIN Ø70 - 170 TON,MF,Job work,7,0,4,3,VEN0000002,2500.0,Initial Planning Setup
GEC0000491,4120014400,CROSS HEAD GUIDE ROD Ø60 - 170 TON,MF,Job work,7,0,4,3,VEN0000002,2500.0,Initial Planning Setup
GEC0000492,4120014500,CROSS HEAD GUIDE ROD LOCATING PLATE - 170 TON,MF,Job work,7,0,4,3,VEN0000002,2500.0,Initial Planning Setup
GEC0000493,4120014600,MOVING PLATE WIPER RETAINER - 170 TON,MF,Job work,7,0,4,3,VEN0000002,2500.0,Initial Planning Setup
GEC0000494,4120014700,EJECTOR CYLINDER MTG PLATE - 170 TON,MF,Job work,7,0,4,3,VEN0000002,2500.0,Initial Planning Setup
GEC0000495,4120014800,EJECTOR PLATE GUIDE ROD - 170 TON,MF,Job work,7,0,4,3,VEN0000002,2500.0,Initial Planning Setup
GEC0000496,4020100400,TIE BAR NUT M90 X 3 - 170 TON TOGGLE,MF,Job work,7,0,4,3,VEN0000012,2500.0,Initial Planning Setup
GEC0000497,4010101100,GEAR NUT - 170 TON (MODULE-3 TEETH-58),MF,Job work,7,0,4,3,VEN0000012,2500.0,Initial Planning Setup
GEC0000498,4030100400,GEAR NUT SPACER - 170 TON,MF,Job work,7,0,4,3,VEN0000012,2500.0,Initial Planning Setup
GEC0000499,4040100400,MOVING PLATE BUSH Ø105 X Ø90 X 55LG - 170 TON,MF,Job work,7,0,4,3,VEN0000002,2500.0,Initial Planning Setup
GEC0000500,4040200400,TOGGLE SMALL GRAPHITE BUSH Ø55 X Ø45 X 70LG - 170 TON,MF,Job work,7,0,4,3,VEN0000002,2500.0,Initial Planning Setup
GEC0000501,4040201000,TOGGLE BIG GRAPHITE BUSH Ø90 X Ø75 X 85LG - 170 TON,MF,Job work,7,0,4,3,VEN0000002,2500.0,Initial Planning Setup
GEC0000502,7270072090,PU WIPER SEAL  - 90 X 102.2 X 7.2/12,BO,Bought out,7,5,0,3,VEN0000010,6500.0,Initial Planning Setup
GEC0000503,6110100200,TORQUE PISTON MOTOR TMP-315 (170-200),BO,Bought out,7,5,0,3,VEN0000011,6500.0,Initial Planning Setup
GEC0000504,2000110900,LOCKING CYLINDER ASSY - 200 TON (STOCK-425),AS,In-house,7,0,0,3,VEN0000002,500.0,Initial Planning Setup
GEC0000505,2000111000,EJECTOR CYLINDER ASSY - 200 TON (STOCK-150),AS,In-house,7,0,0,3,VEN0000002,500.0,Initial Planning Setup
GEC0000506,7000102200,FASTENER KIT LOCKING UNIT - 200 TON,AS,In-house,7,0,0,3,VEN0000012,500.0,Initial Planning Setup
GEC0000507,4110005800,STATIONARY PLATE TOGGLE - 200 TON,CMF,Job work,7,0,4,3,VEN0000002,2500.0,Initial Planning Setup
GEC0000508,4110005900,MOVING PLATE TOGGLE - 200 TON,CMF,Job work,7,0,4,3,VEN0000002,2500.0,Initial Planning Setup
GEC0000509,4110006000,END PLATE - 200 TON,CMF,Job work,7,0,4,3,VEN0000002,2500.0,Initial Planning Setup
GEC0000510,4110006100,CROSS HEAD - 200 TON,CMF,Job work,7,0,4,3,VEN0000002,2500.0,Initial Planning Setup
GEC0000511,4110006200,CROSS HEAD LINK - 200 TON,CMF,Job work,7,0,4,3,VEN0000002,2500.0,Initial Planning Setup
GEC0000512,4110006300,BINARY LINK - 200 TON,CMF,Job work,7,0,4,3,VEN0000002,2500.0,Initial Planning Setup
GEC0000513,4110006400,TERNARY LINK - 200 TON,CMF,Job work,7,0,4,3,VEN0000002,2500.0,Initial Planning Setup
GEC0000514,4110006500,TERNARY LINK RH - 200 TON,CMF,Job work,7,0,4,3,VEN0000002,2500.0,Initial Planning Setup
GEC0000515,4110006600,TERNARY LINK LH - 200 TON,CMF,Job work,7,0,4,3,VEN0000002,2500.0,Initial Planning Setup
GEC0000516,4110006700,GEAR NUT RETAINER - 200 TON,CMF,Job work,7,0,4,3,VEN0000012,2500.0,Initial Planning Setup
GEC0000517,4110006800,MOVING PLATE SLIDING BLOCK - 200 TON,MF,Job work,7,0,4,3,VEN0000002,2500.0,Initial Planning Setup
GEC0000518,4010100600,SUN GEAR - 200 TON (MODULE-3 TEETH-240),CMF,Job work,7,0,4,3,VEN0000005,2500.0,Initial Planning Setup
GEC0000519,4120017700,TIE BAR Ø95 - 200 TON TOGGLE,MF,Job work,7,0,4,3,VEN0000002,2500.0,Initial Planning Setup
GEC0000520,4120017800,TIE BAR LOCATING PLATE - 200 TON,MF,Job work,7,0,4,3,VEN0000002,2500.0,Initial Planning Setup
GEC0000521,4120017900,TOGGLE SMALL PIN Ø50 - 200 TON,MF,Job work,7,0,4,3,VEN0000002,2500.0,Initial Planning Setup
GEC0000522,4120018000,TOGGLE SMALL PIN LOCKING STRIP - 200 TON,MF,Job work,7,0,4,3,VEN0000002,2500.0,Initial Planning Setup
GEC0000523,4120018100,TOGGLE BIG PIN Ø80 - 200 TON,MF,Job work,7,0,4,3,VEN0000002,2500.0,Initial Planning Setup
GEC0000524,4120018200,CROSS HEAD GUIDE ROD Ø65 - 200 TON,MF,Job work,7,0,4,3,VEN0000002,2500.0,Initial Planning Setup
GEC0000525,4120018300,CROSS HEAD GUIDE ROD LOCATING PLATE - 200 TON,MF,Job work,7,0,4,3,VEN0000002,2500.0,Initial Planning Setup
GEC0000526,4120018400,MOVING PLATE WIPER RETAINER - 200 TON,MF,Job work,7,0,4,3,VEN0000002,2500.0,Initial Planning Setup
GEC0000527,4120018500,EJECTOR PLATE GUIDE ROD - 200 TON,MF,Job work,7,0,4,3,VEN0000002,2500.0,Initial Planning Setup
GEC0000528,4020100500,TIE BAR NUT M95 X 3  - 200 TON TOGGLE,MF,Job work,7,0,4,3,VEN0000012,2500.0,Initial Planning Setup
GEC0000529,4010101200,GEAR NUT - 200 TON (MODULE-3 TEETH-60),MF,Job work,7,0,4,3,VEN0000012,2500.0,Initial Planning Setup
GEC0000530,4030100500,GEAR NUT SPACER - 200 TON,MF,Job work,7,0,4,3,VEN0000012,2500.0,Initial Planning Setup
GEC0000531,4040100500,MOVING PLATE BUSH Ø110 X Ø95 X 60LG - 200 TON,MF,Job work,7,0,4,3,VEN0000002,2500.0,Initial Planning Setup
GEC0000532,4040101100,CROSS HEAD BUSH Ø75 X Ø65 X 38LG - 200 TON,MF,Job work,7,0,4,3,VEN0000002,2500.0,Initial Planning Setup
GEC0000533,4040200500,TOGGLE SMALL GRAPHITE BUSH Ø60 X Ø50 X 75LG - 200 TON,MF,Job work,7,0,4,3,VEN0000002,2500.0,Initial Planning Setup
GEC0000534,4040201100,TOGGLE BIG GRAPHITE BUSH Ø95 X Ø80 X 95LG - 200 TON,MF,Job work,7,0,4,3,VEN0000002,2500.0,Initial Planning Setup
GEC0000535,7270072095,PU WIPER SEAL - 95 X 107.2 X 7.2/12,BO,Bought out,7,5,0,3,VEN0000010,6500.0,Initial Planning Setup
GEC0000536,2000210100,BARREL PLATE ASSY - 280,AS,In-house,7,0,0,3,VEN0000002,500.0,Initial Planning Setup
GEC0000537,2000210200,BEARING HOUSING ASSY -280,AS,In-house,7,0,0,3,VEN0000002,500.0,Initial Planning Setup
GEC0000538,2000210300,NOZZLE CYLINDER ASSY - (STOCK-350),AS,In-house,7,0,0,3,VEN0000002,500.0,Initial Planning Setup
GEC0000539,4110001300,INJECTION GUIDE ROD SUPPORT Ø60 - 280,CMF,Job work,7,0,4,3,VEN0000002,2500.0,Initial Planning Setup
GEC0000540,4110001400,INJECTION CYLINDER ROD NUT RETAINER - 280,CMF,Job work,7,0,4,3,VEN0000012,2500.0,Initial Planning Setup
GEC0000541,4120001300,INJECTION GUIDE ROD Ø60 - 280,MF,Job work,7,0,4,3,VEN0000002,2500.0,Initial Planning Setup
GEC0000542,4020100700,INJECTION CYLINDER ROD NUT - 280 (M40 X 2),MF,Job work,7,0,4,3,VEN0000012,2500.0,Initial Planning Setup
GEC0000543,7000100300,FASTENER KIT INJECTION UNIT - 280,BO,Bought out,7,5,0,3,VEN0000012,6500.0,Initial Planning Setup
GEC0000544,2000210400,BARREL PLATE ASSY - 420 (STOCK-175),AS,In-house,7,0,0,3,VEN0000002,500.0,Initial Planning Setup
GEC0000545,2000210500,BEARING HOUSING ASSY - 420,AS,In-house,7,0,0,3,VEN0000002,500.0,Initial Planning Setup
GEC0000546,4120007600,INJECTION GUIDE ROD Ø60 - 420,MF,Job work,7,0,4,3,VEN0000002,2500.0,Initial Planning Setup
GEC0000547,7000100800,FASTENER KIT INJECTION UNIT - 420,BO,Bought out,7,5,0,3,VEN0000012,6500.0,Initial Planning Setup
GEC0000548,2000210600,BARREL PLATE ASSY - 635 (STOCK-210),AS,In-house,7,0,0,3,VEN0000002,500.0,Initial Planning Setup
GEC0000549,2000210700,BEARING HOUSING ASSY - 635,AS,In-house,7,0,0,3,VEN0000002,500.0,Initial Planning Setup
GEC0000550,4110004100,INJECTION CYLINDER ROD NUT RETAINER - 635,CMF,Job work,7,0,4,3,VEN0000012,2500.0,Initial Planning Setup
GEC0000551,4120010700,INJECTION GUIDE ROD Ø60 - 635,MF,Job work,7,0,4,3,VEN0000002,2500.0,Initial Planning Setup
GEC0000552,4020100800,INJECTION CYLINDER ROD NUT - 635 (M50 X 2),MF,Job work,7,0,4,3,VEN0000012,2500.0,Initial Planning Setup
GEC0000553,7000101300,FASTENER KIT INJECTION UNIT - 635,BO,Bought out,7,5,0,3,VEN0000012,6500.0,Initial Planning Setup
GEC0000554,2000210800,BARREL PLATE ASSY - 905 (STOCK-245),AS,In-house,7,0,0,3,VEN0000002,500.0,Initial Planning Setup
GEC0000555,2000210900,BEARING HOUSING ASSY - 905,AS,In-house,7,0,0,3,VEN0000002,500.0,Initial Planning Setup
GEC0000556,2000211000,NOZZLE CYLINDER ASSY - (STOCK-400),AS,In-house,7,0,0,3,VEN0000002,500.0,Initial Planning Setup
GEC0000557,4110005400,INJECTION GUIDE ROD SUPPORT Ø70 - 905,CMF,Job work,7,0,4,3,VEN0000002,2500.0,Initial Planning Setup
GEC0000558,4110005500,INJECTION CYLINDER ROD NUT RETAINER - 905,CMF,Job work,7,0,4,3,VEN0000012,2500.0,Initial Planning Setup
GEC0000559,4120014900,INJECTION GUIDE ROD Ø70 - 905,MF,Job work,7,0,4,3,VEN0000002,2500.0,Initial Planning Setup
GEC0000560,4020100900,INJECTION CYLINDER ROD NUT - 905 (M60 X 2),MF,Job work,7,0,4,3,VEN0000012,2500.0,Initial Planning Setup
GEC0000561,7000101800,FASTENER KIT INJECTION UNIT - 905,BO,Bought out,7,5,0,3,VEN0000012,6500.0,Initial Planning Setup
GEC0000562,2000211100,BARREL PLATE ASSY - 1520 (STOCK-280),AS,In-house,7,0,0,3,VEN0000002,500.0,Initial Planning Setup
GEC0000563,2000211200,BEARING HOUSING ASSY - 1520,AS,In-house,7,0,0,3,VEN0000002,500.0,Initial Planning Setup
GEC0000564,4110006900,INJECTION CYLINDER ROD NUT RETAINER - 1520,CMF,Job work,7,0,4,3,VEN0000012,2500.0,Initial Planning Setup
GEC0000565,4120018600,INJECTION GUIDE ROD Ø70 - 1520,MF,Job work,7,0,4,3,VEN0000002,2500.0,Initial Planning Setup
GEC0000566,7000102300,FASTENER KIT INJECTION UNIT - 1520,BO,Bought out,7,5,0,3,VEN0000012,6500.0,Initial Planning Setup
GEC0000567,2000211300,BARREL PLATE ASSY - 2350 (STOCK-315),AS,In-house,7,0,0,3,VEN0000002,500.0,Initial Planning Setup
GEC0000568,2000211400,BEARING HOUSING ASSY - 2350,AS,In-house,7,0,0,3,VEN0000002,500.0,Initial Planning Setup
GEC0000569,2000211500,NOZZLE CYLINDER ASSY - (STOCK-500),AS,In-house,7,0,0,3,VEN0000002,500.0,Initial Planning Setup
GEC0000570,4110007200,INJECTION CYLINDER ROD NUT RETAINER - 2350,CMF,Job work,7,0,4,3,VEN0000012,2500.0,Initial Planning Setup
GEC0000571,4120021300,INJECTION GUIDE ROD Ø70 - 2350,MF,Job work,7,0,4,3,VEN0000002,2500.0,Initial Planning Setup
GEC0000572,7000102600,FASTENER KIT INJECTION UNIT - 2350,BO,Bought out,7,5,0,3,VEN0000012,6500.0,Initial Planning Setup
GEC0000573,1000210600,GUIDE ROD TYPE INJECTION UNIT - 2350,AS,In-house,7,0,0,3,VEN0000002,50000.0,Initial Planning Setup
GEC0000574,7000100400,FASTENER KIT BARREL PLATE ASSY - 280,BO,Bought out,7,5,0,3,VEN0000012,6500.0,Initial Planning Setup
GEC0000575,4110001500,BARREL PLATE - 280 (STOCK-150),CMF,Job work,7,0,4,3,VEN0000002,2500.0,Initial Planning Setup
GEC0000576,4120001400,INJECTION CYLINDER FRONT CAP - 280,MF,Job work,7,0,4,3,VEN0000002,2500.0,Initial Planning Setup
GEC0000577,4120001500,INJECTION CYLINDER END CAP - 280,MF,Job work,7,0,4,3,VEN0000002,2500.0,Initial Planning Setup
GEC0000578,4120001600,INJECTION CYLINDER ROD - 280,MF,Job work,7,0,4,3,VEN0000002,2500.0,Initial Planning Setup
GEC0000579,4120001700,INJECTION PISTON Ø100 - 280,MF,Job work,7,0,4,3,VEN0000002,2500.0,Initial Planning Setup
GEC0000580,4120001800,HYDRAULIC ROD BUSH - Ø50,MF,Job work,7,0,4,3,VEN0000002,2500.0,Initial Planning Setup
GEC0000581,7220100200,DU BUSH - 60 X 65 X 60 LG,BO,Bought out,7,5,0,3,VEN0000011,6500.0,Initial Planning Setup
GEC0000582,7230063100,GLIDE RING - 100 X 84.5 X 6.3,BO,Bought out,7,5,0,3,VEN0000011,6500.0,Initial Planning Setup
GEC0000583,7240097095,GUIDE RING - 95 X 100 X 9.7,BO,Bought out,7,5,0,3,VEN0000011,6500.0,Initial Planning Setup
GEC0000584,7240097050,GUIDE RING - 50 X 55 X 9.7,BO,Bought out,7,5,0,3,VEN0000011,6500.0,Initial Planning Setup
GEC0000585,7250042050,STEP SEAL - 50 X 61 X 4.2,BO,Bought out,7,5,0,3,VEN0000010,6500.0,Initial Planning Setup
GEC0000586,7260073050,ROD SEAL - 50 X 60 X 7.3,BO,Bought out,7,5,0,3,VEN0000010,6500.0,Initial Planning Setup
GEC0000587,7270053050,PU WIPER SEAL 50 X58.6 X 5.3/7,BO,Bought out,7,5,0,3,VEN0000010,6500.0,Initial Planning Setup
GEC0000588,7290003040,O RING - 40 X 3 (O RING- 45.69X2.62),BO,Bought out,7,5,0,3,VEN0000011,6500.0,Initial Planning Setup
GEC0000589,7290005090,O RING - 90 X 5 (O RING-91.67X3.53),BO,Bought out,7,5,0,3,VEN0000011,6500.0,Initial Planning Setup
GEC0000590,7000100900,FASTENER KIT BARREL PLATE ASSY - 420,BO,Bought out,7,5,0,3,VEN0000012,6500.0,Initial Planning Setup
GEC0000591,4110002900,BARREL PLATE - 420 (STOCK-175),CMF,Job work,7,0,4,3,VEN0000002,2500.0,Initial Planning Setup
GEC0000592,4120007700,INJECTION CYLINDER FRONT CAP - 420,MF,Job work,7,0,4,3,VEN0000002,2500.0,Initial Planning Setup
GEC0000593,4120007800,INJECTION CYLINDER END CAP - 420,MF,Job work,7,0,4,3,VEN0000002,2500.0,Initial Planning Setup
GEC0000594,4120007900,INJECTION CYLINDER ROD - 420,MF,Job work,7,0,4,3,VEN0000002,2500.0,Initial Planning Setup
GEC0000595,4120008000,INJECTION PISTON Ø110 - 420,MF,Job work,7,0,4,3,VEN0000002,2500.0,Initial Planning Setup
GEC0000596,7230063110,GLIDE RING - 110 X 94.5 X 6.3,BO,Bought out,7,5,0,3,VEN0000011,6500.0,Initial Planning Setup
GEC0000597,7240097105,GUIDE RING - 105 X 110 X 9.7,BO,Bought out,7,5,0,3,VEN0000011,6500.0,Initial Planning Setup
GEC0000598,7290005100,O RING - 100 X 5 (O RING-100.97X5.33),BO,Bought out,7,5,0,3,VEN0000011,6500.0,Initial Planning Setup
GEC0000599,7000101400,FASTENER KIT BARREL PLATE ASSY - 635,BO,Bought out,7,5,0,3,VEN0000012,6500.0,Initial Planning Setup
GEC0000600,4110004200,BARREL PLATE - 635 (STOCK-210),CMF,Job work,7,0,4,3,VEN0000002,2500.0,Initial Planning Setup
GEC0000601,4120010800,INJECTION CYLINDER FRONT CAP - 635,MF,Job work,7,0,4,3,VEN0000002,2500.0,Initial Planning Setup
GEC0000602,4120010900,INJECTION CYLINDER END CAP - 635,MF,Job work,7,0,4,3,VEN0000002,2500.0,Initial Planning Setup
GEC0000603,4120011000,INJECTION CYLINDER ROD - 635,MF,Job work,7,0,4,3,VEN0000002,2500.0,Initial Planning Setup
GEC0000604,4120011100,INJECTION PISTON Ø125 - 635,MF,Job work,7,0,4,3,VEN0000002,2500.0,Initial Planning Setup
GEC0000605,4120011200,HYDRAULIC ROD BUSH - Ø60,MF,Job work,7,0,4,3,VEN0000002,2500.0,Initial Planning Setup
GEC0000606,7230063125,GLIDE RING - 125 X 109.5 X 6.3,BO,Bought out,7,5,0,3,VEN0000011,6500.0,Initial Planning Setup
GEC0000607,7240097120,GUIDE RING - 120X125X9.7,BO,Bought out,7,5,0,3,VEN0000011,6500.0,Initial Planning Setup
GEC0000608,7240015060,GUIDE RING - 60 X6 5 X 15,BO,Bought out,7,5,0,3,VEN0000011,6500.0,Initial Planning Setup
GEC0000609,7240097060,GUIDE RING - 60 X 65 X 9.7,BO,Bought out,7,5,0,3,VEN0000011,6500.0,Initial Planning Setup
GEC0000610,7260010060,ROD SEAL - 60 X 70 X 10,BO,Bought out,7,5,0,3,VEN0000010,6500.0,Initial Planning Setup
GEC0000611,7270053060,PU WIPER SEAL - 60 X 68.6 X 5.3/7,BO,Bought out,7,5,0,3,VEN0000010,6500.0,Initial Planning Setup
GEC0000612,7290004050,O RING - 50 X 4 (O RING- 53.57X3.53),BO,Bought out,7,5,0,3,VEN0000011,6500.0,Initial Planning Setup
GEC0000613,7290005115,O RING - 115 X 5 (O RING- 113.84X5.33),BO,Bought out,7,5,0,3,VEN0000011,6500.0,Initial Planning Setup
GEC0000614,7000101900,FASTENER KIT BARREL PLATE ASSY - 905,BO,Bought out,7,5,0,3,VEN0000012,6500.0,Initial Planning Setup
GEC0000615,4110005600,BARREL PLATE - 905 (STOCK-245),CMF,Job work,7,0,4,3,VEN0000002,2500.0,Initial Planning Setup
GEC0000616,4120015000,INJECTION CYLINDER FRONT CAP - 905,MF,Job work,7,0,4,3,VEN0000002,2500.0,Initial Planning Setup
GEC0000617,4120015100,INJECTION CYLINDER END CAP - 905,MF,Job work,7,0,4,3,VEN0000002,2500.0,Initial Planning Setup
GEC0000618,4120015200,INJECTION CYLINDER ROD - 905,MF,Job work,7,0,4,3,VEN0000002,2500.0,Initial Planning Setup
GEC0000619,4120015300,INJECTION PISTON Ø140 - 905,MF,Job work,7,0,4,3,VEN0000002,2500.0,Initial Planning Setup
GEC0000620,4120015400,HYDRAULIC ROD BUSH - Ø70,MF,Job work,7,0,4,3,VEN0000002,2500.0,Initial Planning Setup
GEC0000621,7220100300,DU BUSH - 70 X 75 X 70 LG,BO,Bought out,7,5,0,3,VEN0000011,6500.0,Initial Planning Setup
GEC0000622,7230063140,GLIDE RING - 140 X 124.5 X 6.3,BO,Bought out,7,5,0,3,VEN0000011,6500.0,Initial Planning Setup
GEC0000623,7240097135,GUIDE RING - 135 X 140 X 9.7,BO,Bought out,7,5,0,3,VEN0000011,6500.0,Initial Planning Setup
GEC0000624,7240015070,GUIDE RING - 70 X 75 X 15,BO,Bought out,7,5,0,3,VEN0000011,6500.0,Initial Planning Setup
GEC0000625,7240097070,GUIDE RING - 70 X 75 X 9.7,BO,Bought out,7,5,0,3,VEN0000011,6500.0,Initial Planning Setup
GEC0000626,7260114070,ROD SEAL - 70 X 85 X 11.4,BO,Bought out,7,5,0,3,VEN0000010,6500.0,Initial Planning Setup
GEC0000627,7290004060,O RING - 60 X 4 (63.09X3.53),BO,Bought out,7,5,0,3,VEN0000011,6500.0,Initial Planning Setup
GEC0000628,7290005130,O RING - 130 X 5 (O RING- 129.54X5.33),BO,Bought out,7,5,0,3,VEN0000011,6500.0,Initial Planning Setup
GEC0000629,7000102400,FASTENER KIT BARREL PLATE ASSY - 1520,BO,Bought out,7,5,0,3,VEN0000012,6500.0,Initial Planning Setup
GEC0000630,4110007000,BARREL PLATE - 1520 (STOCK-280),CMF,Job work,7,0,4,3,VEN0000002,2500.0,Initial Planning Setup
GEC0000631,4120018700,INJECTION CYLINDER FRONT CAP - 1520,MF,Job work,7,0,4,3,VEN0000002,2500.0,Initial Planning Setup
GEC0000632,4120018800,INJECTION CYLINDER END CAP - 1520,MF,Job work,7,0,4,3,VEN0000002,2500.0,Initial Planning Setup
GEC0000633,4120018900,INJECTION CYLINDER ROD - 1520,MF,Job work,7,0,4,3,VEN0000002,2500.0,Initial Planning Setup
GEC0000634,4120019000,INJECTION PISTON Ø165 - 1520,MF,Job work,7,0,4,3,VEN0000002,2500.0,Initial Planning Setup
GEC0000635,4120019100,HYDRAULIC ROD BUSH - Ø75,MF,Job work,7,0,4,3,VEN0000002,2500.0,Initial Planning Setup
GEC0000636,7230081165,GLIDE RING - 165 X 144 X 8.1,BO,Bought out,7,5,0,3,VEN0000011,6500.0,Initial Planning Setup
GEC0000637,7240015160,GUIDE RING - 160 X 165 X 15,BO,Bought out,7,5,0,3,VEN0000011,6500.0,Initial Planning Setup
GEC0000638,7240015075,GUIDE RING - 75 X 80 X 15,BO,Bought out,7,5,0,3,VEN0000011,6500.0,Initial Planning Setup
GEC0000639,7240097075,GUIDE RING - 75 X 80 X 9.7,BO,Bought out,7,5,0,3,VEN0000011,6500.0,Initial Planning Setup
GEC0000640,7260012075,ROD SEAL - 75 X 85 X 12,BO,Bought out,7,5,0,3,VEN0000010,6500.0,Initial Planning Setup
GEC0000641,7270053075,PU WIPER SEAL - 75 X 83.2 X 5.3/7,BO,Bought out,7,5,0,3,VEN0000010,6500.0,Initial Planning Setup
GEC0000642,7290004065,O RING - 65 X 4 (O RING- 69.44X3.53),BO,Bought out,7,5,0,3,VEN0000011,6500.0,Initial Planning Setup
GEC0000643,7290006150,O RING - 150 X 6 (O RING-151.77 X5.33),BO,Bought out,7,5,0,3,VEN0000011,6500.0,Initial Planning Setup
GEC0000644,7000102700,FASTENER KIT BARREL PLATE ASSY - 2350,BO,Bought out,7,5,0,3,VEN0000012,6500.0,Initial Planning Setup
GEC0000645,4110007300,BARREL PLATE - 2350 (STOCK-315),CMF,Job work,7,0,4,3,VEN0000002,2500.0,Initial Planning Setup
GEC0000646,4120021400,INJECTION CYLINDER FRONT CAP - 2350,MF,Job work,7,0,4,3,VEN0000002,2500.0,Initial Planning Setup
GEC0000647,4120021500,INJECTION CYLINDER END CAP - 2350,MF,Job work,7,0,4,3,VEN0000002,2500.0,Initial Planning Setup
GEC0000648,4120021600,INJECTION CYLINDER ROD - 2350,MF,Job work,7,0,4,3,VEN0000002,2500.0,Initial Planning Setup
GEC0000649,4120021700,INJECTION PISTON Ø190 - 2350,MF,Job work,7,0,4,3,VEN0000002,2500.0,Initial Planning Setup
GEC0000650,4120021800,HYDRAULIC ROD BUSH - Ø80,MF,Job work,7,0,4,3,VEN0000002,2500.0,Initial Planning Setup
GEC0000651,7230081190,GLIDE RING - 190 X 169 X 8.1,BO,Bought out,7,5,0,3,VEN0000011,6500.0,Initial Planning Setup
GEC0000652,7240015185,GUIDE RING - 185 X 190 X 15,BO,Bought out,7,5,0,3,VEN0000011,6500.0,Initial Planning Setup
GEC0000653,7240015080,GUIDE RING - 80 X 85 X 15,BO,Bought out,7,5,0,3,VEN0000011,6500.0,Initial Planning Setup
GEC0000654,7240097080,GUIDE RING - 80 X 85 X 9.7,BO,Bought out,7,5,0,3,VEN0000011,6500.0,Initial Planning Setup
GEC0000655,7260114080,ROD SEAL - 80 X 95 X 11.4,BO,Bought out,7,5,0,3,VEN0000010,6500.0,Initial Planning Setup
GEC0000656,7290004070,O RING - 70 X 4 (O RING- 72.62X3.53),BO,Bought out,7,5,0,3,VEN0000011,6500.0,Initial Planning Setup
GEC0000657,7290006175,O RING - 175 X 6 (O RING-177.17 X5.33),BO,Bought out,7,5,0,3,VEN0000011,6500.0,Initial Planning Setup
GEC0000658,"NEW 
PART CODE",FASTENER KIT BEARING HOUSING ASSY - 280,BO,Bought out,7,5,0,3,VEN0000012,6500.0,Initial Planning Setup
GEC0000659,4110001600,BEARING HOUSING - 280,CMF,Job work,7,0,4,3,VEN0000002,2500.0,Initial Planning Setup
GEC0000660,4120001900,SCREW DRIVE SHAFT - 280,MF,Job work,7,0,4,3,VEN0000012,2500.0,Initial Planning Setup
GEC0000661,4120002000,DRIVE SHAFT OIL SEAL FLANGE - 280,MF,Job work,7,0,4,3,VEN0000010,2500.0,Initial Planning Setup
GEC0000662,4020101000,DRIVE SHAFT NUT - 280 (M70 X 3),MF,Job work,7,0,4,3,VEN0000012,2500.0,Initial Planning Setup
GEC0000663,4020101100,DRIVE SHAFT CHECK NUT - 280 (M70 X 3),MF,Job work,7,0,4,3,VEN0000012,2500.0,Initial Planning Setup
GEC0000664,7280095115,RADIAL OIL SEAL - 95 X 115 X 12,BO,Bought out,7,5,0,3,VEN0000010,6500.0,Initial Planning Setup
GEC0000665,7200100100,TAPER ROLLER BEARING-32014,BO,Bought out,7,5,0,3,VEN0000011,6500.0,Initial Planning Setup
GEC0000666,7200100200,TAPER ROLLER BEARING-32216,BO,Bought out,7,5,0,3,VEN0000011,6500.0,Initial Planning Setup
GEC0000667,6110100300,TORQUE PISTON MOTOR TMDG 2-200 S18,BO,Bought out,7,5,0,3,VEN0000011,6500.0,Initial Planning Setup
GEC0000668,7000101000,FASTENER KIT BEARING HOUSING ASSY - 420,BO,Bought out,7,5,0,3,VEN0000012,6500.0,Initial Planning Setup
GEC0000669,6110100400,TORQUE PISTON MOTOR TMDG 3-300 S18,BO,Bought out,7,5,0,3,VEN0000011,6500.0,Initial Planning Setup
GEC0000670,7000101500,FASTENER KIT BEARING HOUSING ASSY - 635,BO,Bought out,7,5,0,3,VEN0000012,6500.0,Initial Planning Setup
GEC0000671,4110004300,BEARING HOUSING - 635,CMF,Job work,7,0,4,3,VEN0000002,2500.0,Initial Planning Setup
GEC0000672,4120011300,SCREW DRIVE SHAFT - 635,MF,Job work,7,0,4,3,VEN0000012,2500.0,Initial Planning Setup
GEC0000673,4120011400,DRIVE SHAFT OIL SEAL FLANGE - 635,MF,Job work,7,0,4,3,VEN0000010,2500.0,Initial Planning Setup
GEC0000674,4020101200,DRIVE SHAFT NUT - 635 (M80 X 3),MF,Job work,7,0,4,3,VEN0000012,2500.0,Initial Planning Setup
GEC0000675,4020101300,DRIVE SHAFT CHECK NUT - 635 (M80 X 3),MF,Job work,7,0,4,3,VEN0000012,2500.0,Initial Planning Setup
GEC0000676,7280105125,RADIAL OIL SEAL - 105 X 125 X 12,BO,Bought out,7,5,0,3,VEN0000010,6500.0,Initial Planning Setup
GEC0000677,7200100300,TAPER ROLLER BEARING-32218,BO,Bought out,7,5,0,3,VEN0000011,6500.0,Initial Planning Setup
GEC0000678,6110100500,TORQUE PISTON MOTOR TMDG 3-400 S18,BO,Bought out,7,5,0,3,VEN0000011,6500.0,Initial Planning Setup
GEC0000679,7000102000,FASTENER KIT BEARING HOUSING ASSY - 905,BO,Bought out,7,5,0,3,VEN0000012,6500.0,Initial Planning Setup
GEC0000680,4110005700,BEARING HOUSING - 905,CMF,Job work,7,0,4,3,VEN0000002,2500.0,Initial Planning Setup
GEC0000681,4120015500,SCREW DRIVE SHAFT - 905,MF,Job work,7,0,4,3,VEN0000012,2500.0,Initial Planning Setup
GEC0000682,4120015600,DRIVE SHAFT OIL SEAL FLANGE - 905,MF,Job work,7,0,4,3,VEN0000010,2500.0,Initial Planning Setup
GEC0000683,7280110130,RADIAL OIL SEAL - 110 X 130 X 12,BO,Bought out,7,5,0,3,VEN0000010,6500.0,Initial Planning Setup
GEC0000684,7200100400,TAPER ROLLER BEARING-32219,BO,Bought out,7,5,0,3,VEN0000011,6500.0,Initial Planning Setup
GEC0000685,6110100600,TORQUE PISTON MOTOR TMDG 6-500 S28,BO,Bought out,7,5,0,3,VEN0000011,6500.0,Initial Planning Setup
GEC0000686,7000102500,FASTENER KIT BEARING HOUSING ASSY - 1520,BO,Bought out,7,5,0,3,VEN0000012,6500.0,Initial Planning Setup
GEC0000687,4110007100,BEARING HOUSING - 1520,CMF,Job work,7,0,4,3,VEN0000002,2500.0,Initial Planning Setup
GEC0000688,4120019200,SCREW DRIVE SHAFT - 1520,MF,Job work,7,0,4,3,VEN0000012,2500.0,Initial Planning Setup
GEC0000689,4120019300,DRIVE SHAFT OIL SEAL FLANGE - 1520,MF,Job work,7,0,4,3,VEN0000010,2500.0,Initial Planning Setup
GEC0000690,4020101400,DRIVE SHAFT NUT - 1520 (M90 X 4),MF,Job work,7,0,4,3,VEN0000012,2500.0,Initial Planning Setup
GEC0000691,4020101500,DRIVE SHAFT CHECK NUT - 1520 (M90 X 4),MF,Job work,7,0,4,3,VEN0000012,2500.0,Initial Planning Setup
GEC0000692,7280115140,RADIAL OIL SEAL - 115 X 140 X 12,BO,Bought out,7,5,0,3,VEN0000010,6500.0,Initial Planning Setup
GEC0000693,7200100500,TAPER ROLLER BEARING-32220,BO,Bought out,7,5,0,3,VEN0000011,6500.0,Initial Planning Setup
GEC0000694,6110100700,TORQUE PISTON MOTOR TMDG 8-800B,BO,Bought out,7,5,0,3,VEN0000011,6500.0,Initial Planning Setup
GEC0000695,7000102800,FASTENER KIT BEARING HOUSING ASSY - 2350,BO,Bought out,7,5,0,3,VEN0000012,6500.0,Initial Planning Setup
GEC0000696,4110007400,BEARING HOUSING - 2350,CMF,Job work,7,0,4,3,VEN0000002,2500.0,Initial Planning Setup
GEC0000697,4120021900,SCREW DRIVE SHAFT - 2350,MF,Job work,7,0,4,3,VEN0000012,2500.0,Initial Planning Setup
GEC0000698,4120022000,DRIVE SHAFT OIL SEAL FLANGE - 2350,MF,Job work,7,0,4,3,VEN0000010,2500.0,Initial Planning Setup
GEC0000699,4020101600,DRIVE SHAFT NUT - 2350 (M110 X 4),MF,Job work,7,0,4,3,VEN0000012,2500.0,Initial Planning Setup
GEC0000700,4020101700,DRIVE SHAFT CHECK NUT - 2350 (M110 X 4),MF,Job work,7,0,4,3,VEN0000012,2500.0,Initial Planning Setup
GEC0000701,7280145175,RADIAL OIL SEAL - 145 X 175 X 12,BO,Bought out,7,5,0,3,VEN0000010,6500.0,Initial Planning Setup
GEC0000702,7200100600,TAPER ROLLER BEARING-32222,BO,Bought out,7,5,0,3,VEN0000011,6500.0,Initial Planning Setup
GEC0000703,7200100700,TAPER ROLLER BEARING-32226,BO,Bought out,7,5,0,3,VEN0000011,6500.0,Initial Planning Setup
GEC0000704,4120002100,BARREL Ø30 - 280,MF,Job work,7,0,4,3,VEN0000002,2500.0,Initial Planning Setup
GEC0000705,4120002200,SCREW Ø30 - 280,MF,Job work,7,0,4,3,VEN0000012,2500.0,Initial Planning Setup
GEC0000706,4120002300,BARREL ADAPT Ø30 - 280,MF,Job work,7,0,4,3,VEN0000002,2500.0,Initial Planning Setup
GEC0000707,4120002400,SCREW TIP - 30,MF,Job work,7,0,4,3,VEN0000012,2500.0,Initial Planning Setup
GEC0000708,4120002500,SLIDER - 30,MF,Job work,7,0,4,3,VEN0000002,2500.0,Initial Planning Setup
GEC0000709,4120002600,SLIDER SEAT - 30,MF,Job work,7,0,4,3,VEN0000002,2500.0,Initial Planning Setup
GEC0000710,4120002700,NOZZLE TIP LONG - M30 X 2P X 115LG,MF,Job work,7,0,4,3,VEN0000002,2500.0,Initial Planning Setup
GEC0000711,4120002800,SPLIT COLLAR - 30,MF,Job work,7,0,4,3,VEN0000002,2500.0,Initial Planning Setup
GEC0000712,4120002900,FEED SCREW COUPLING - 30,MF,Job work,7,0,4,3,VEN0000012,2500.0,Initial Planning Setup
GEC0000713,4120003000,SCREW KEY - 280,MF,Job work,7,0,4,3,VEN0000012,2500.0,Initial Planning Setup
GEC0000714,4120003100,BARREL LOCK PIN,MF,Job work,7,0,4,3,VEN0000002,2500.0,Initial Planning Setup
GEC0000715,4020101800,BARREL NUT M70 X 3P - 280,MF,Job work,7,0,4,3,VEN0000012,2500.0,Initial Planning Setup
GEC0000716,4020101900,BARREL CHECKNUT M70 X 3P - 280,MF,Job work,7,0,4,3,VEN0000012,2500.0,Initial Planning Setup
GEC0000717,3131000100,HYD MOTOR PROX SENSOR MTG - 280,LC,Job work,7,0,4,3,VEN0000009,2500.0,Initial Planning Setup
GEC0000718,2000300100,SCREW BARREL ASSY - 30-280,AS,In-house,7,0,0,3,VEN0000002,50000.0,Initial Planning Setup
GEC0000719,4120008100,BARREL Ø35 - 420,MF,Job work,7,0,4,3,VEN0000002,2500.0,Initial Planning Setup
GEC0000720,4120008200,SCREW Ø35 - 420,MF,Job work,7,0,4,3,VEN0000012,2500.0,Initial Planning Setup
GEC0000721,4120008300,BARREL ADAPT Ø35 - 420,MF,Job work,7,0,4,3,VEN0000002,2500.0,Initial Planning Setup
GEC0000722,4120003500,SCREW TIP - 35,MF,Job work,7,0,4,3,VEN0000012,2500.0,Initial Planning Setup
GEC0000723,4120003600,SLIDER - 35,MF,Job work,7,0,4,3,VEN0000002,2500.0,Initial Planning Setup
GEC0000724,4120003700,SLIDER SEAT - 35,MF,Job work,7,0,4,3,VEN0000002,2500.0,Initial Planning Setup
GEC0000725,4120004400,SPLIT COLLAR - 35,MF,Job work,7,0,4,3,VEN0000002,2500.0,Initial Planning Setup
GEC0000726,4120004500,FEED SCREW COUPLING - 35,MF,Job work,7,0,4,3,VEN0000012,2500.0,Initial Planning Setup
GEC0000727,4020102000,BARREL NUT M80 X 3P - 420,MF,Job work,7,0,4,3,VEN0000012,2500.0,Initial Planning Setup
GEC0000728,4020102100,BARREL CHECKNUT M80 X 3P - 420,MF,Job work,7,0,4,3,VEN0000012,2500.0,Initial Planning Setup
GEC0000729,2000301000,SCREW BARREL ASSY - 35-420,AS,In-house,7,0,0,3,VEN0000002,50000.0,Initial Planning Setup
GEC0000730,4120011500,BARREL Ø40 - 635,MF,Job work,7,0,4,3,VEN0000002,2500.0,Initial Planning Setup
GEC0000731,4120011600,SCREW Ø40 - 635,MF,Job work,7,0,4,3,VEN0000012,2500.0,Initial Planning Setup
GEC0000732,4120011700,BARREL ADAPT Ø40 - 635,MF,Job work,7,0,4,3,VEN0000002,2500.0,Initial Planning Setup
GEC0000733,4120004100,SCREW TIP - 40,MF,Job work,7,0,4,3,VEN0000012,2500.0,Initial Planning Setup
GEC0000734,4120004200,SLIDER - 40,MF,Job work,7,0,4,3,VEN0000002,2500.0,Initial Planning Setup
GEC0000735,4120004300,SLIDER SEAT - 40,MF,Job work,7,0,4,3,VEN0000002,2500.0,Initial Planning Setup
GEC0000736,4120011800,SPLIT COLLAR - 40,MF,Job work,7,0,4,3,VEN0000002,2500.0,Initial Planning Setup
GEC0000737,4120011900,FEED SCREW COUPLING - 40,MF,Job work,7,0,4,3,VEN0000012,2500.0,Initial Planning Setup
GEC0000738,4120012000,SCREW KEY - 635,MF,Job work,7,0,4,3,VEN0000012,2500.0,Initial Planning Setup
GEC0000739,4020102200,BARREL NUT M85 X 3P - 635,MF,Job work,7,0,4,3,VEN0000012,2500.0,Initial Planning Setup
GEC0000740,4020102300,BARREL CHECKNUT M85 X 3P - 635,MF,Job work,7,0,4,3,VEN0000012,2500.0,Initial Planning Setup
GEC0000741,3131000200,HYD MOTOR PROX SENSOR MTG - 635,LC,Job work,7,0,4,3,VEN0000009,2500.0,Initial Planning Setup
GEC0000742,2000301700,SCREW BARREL ASSY - 40-635,AS,In-house,7,0,0,3,VEN0000002,50000.0,Initial Planning Setup
GEC0000743,4120015700,BARREL Ø45 - 905,MF,Job work,7,0,4,3,VEN0000002,2500.0,Initial Planning Setup
GEC0000744,4120015800,SCREW Ø45 - 905,MF,Job work,7,0,4,3,VEN0000012,2500.0,Initial Planning Setup
GEC0000745,4120015900,BARREL ADAPT Ø45 - 905,MF,Job work,7,0,4,3,VEN0000002,2500.0,Initial Planning Setup
GEC0000746,4120009000,SCREW TIP - 45,MF,Job work,7,0,4,3,VEN0000012,2500.0,Initial Planning Setup
GEC0000747,4120009100,SLIDER - 45,MF,Job work,7,0,4,3,VEN0000002,2500.0,Initial Planning Setup
GEC0000748,4120009200,SLIDER SEAT - 45,MF,Job work,7,0,4,3,VEN0000002,2500.0,Initial Planning Setup
GEC0000749,4120016000,NOZZLE TIP LONG - M45 X 3P X 153LG,MF,Job work,7,0,4,3,VEN0000002,2500.0,Initial Planning Setup
GEC0000750,4120016100,SPLIT COLLAR - 45,MF,Job work,7,0,4,3,VEN0000002,2500.0,Initial Planning Setup
GEC0000751,4120016200,FEED SCREW COUPLING - 45,MF,Job work,7,0,4,3,VEN0000012,2500.0,Initial Planning Setup
GEC0000752,4120016300,SCREW KEY - 905,MF,Job work,7,0,4,3,VEN0000012,2500.0,Initial Planning Setup
GEC0000753,4020102400,BARREL NUT M95 X4P - 905,MF,Job work,7,0,4,3,VEN0000012,2500.0,Initial Planning Setup
GEC0000754,4020102500,BARREL CHECKNUT M95 X 4P - 905,MF,Job work,7,0,4,3,VEN0000012,2500.0,Initial Planning Setup
GEC0000755,3131000300,HYD MOTOR PROX SENSOR MTG - 905,LC,Job work,7,0,4,3,VEN0000009,2500.0,Initial Planning Setup
GEC0000756,2000302400,SCREW BARREL ASSY - 45-905,AS,In-house,7,0,0,3,VEN0000002,50000.0,Initial Planning Setup
GEC0000757,4120019400,BARREL Ø50 - 1520,MF,Job work,7,0,4,3,VEN0000002,2500.0,Initial Planning Setup
GEC0000758,4120019500,SCREW Ø50 - 1520,MF,Job work,7,0,4,3,VEN0000012,2500.0,Initial Planning Setup
GEC0000759,4120019600,BARREL ADAPT Ø50 - 1520,MF,Job work,7,0,4,3,VEN0000002,2500.0,Initial Planning Setup
GEC0000760,4120012700,SCREW TIP - 50,MF,Job work,7,0,4,3,VEN0000012,2500.0,Initial Planning Setup
GEC0000761,4120012800,SLIDER - 50,MF,Job work,7,0,4,3,VEN0000002,2500.0,Initial Planning Setup
GEC0000762,4120012900,SLIDER SEAT - 50,MF,Job work,7,0,4,3,VEN0000002,2500.0,Initial Planning Setup
GEC0000763,4120019700,SPLIT COLLAR - 50,MF,Job work,7,0,4,3,VEN0000002,2500.0,Initial Planning Setup
GEC0000764,4120019800,FEED SCREW COUPLING - 50,MF,Job work,7,0,4,3,VEN0000012,2500.0,Initial Planning Setup
GEC0000765,4120019900,SCREW KEY - 1520,MF,Job work,7,0,4,3,VEN0000012,2500.0,Initial Planning Setup
GEC0000766,4020102600,BARREL NUT M105 X 4P - 1520,MF,Job work,7,0,4,3,VEN0000012,2500.0,Initial Planning Setup
GEC0000767,4020102700,BARREL CHECKNUT M105 X 4P - 1520,MF,Job work,7,0,4,3,VEN0000012,2500.0,Initial Planning Setup
GEC0000768,3131000400,HYD MOTOR PROX SENSOR MTG - 1520,LC,Job work,7,0,4,3,VEN0000009,2500.0,Initial Planning Setup
GEC0000769,2000303300,SCREW BARREL ASSY - 50-1520,AS,In-house,7,0,0,3,VEN0000002,50000.0,Initial Planning Setup
GEC0000770,4120022100,BARREL Ø60 - 2350,MF,Job work,7,0,4,3,VEN0000002,2500.0,Initial Planning Setup
GEC0000771,4120022200,SCREW Ø60 - 2350,MF,Job work,7,0,4,3,VEN0000012,2500.0,Initial Planning Setup
GEC0000772,4120022300,BARREL ADAPT Ø60 - 2350,MF,Job work,7,0,4,3,VEN0000002,2500.0,Initial Planning Setup
GEC0000773,4120017000,SCREW TIP - 60,MF,Job work,7,0,4,3,VEN0000012,2500.0,Initial Planning Setup
GEC0000774,4120017100,SLIDER - 60,MF,Job work,7,0,4,3,VEN0000002,2500.0,Initial Planning Setup
GEC0000775,4120017200,SLIDER SEAT - 60,MF,Job work,7,0,4,3,VEN0000002,2500.0,Initial Planning Setup
GEC0000776,4120022400,SPLIT COLLAR - 60,MF,Job work,7,0,4,3,VEN0000002,2500.0,Initial Planning Setup
GEC0000777,4120022500,FEED SCREW COUPLING - 60,MF,Job work,7,0,4,3,VEN0000012,2500.0,Initial Planning Setup
GEC0000778,4120022600,SCREW KEY - 2350,MF,Job work,7,0,4,3,VEN0000012,2500.0,Initial Planning Setup
GEC0000779,4020102800,BARREL NUT M120 X 4P - 2350,MF,Job work,7,0,4,3,VEN0000012,2500.0,Initial Planning Setup
GEC0000780,4020102900,BARREL CHECKNUT M120 X 4P - 2350,MF,Job work,7,0,4,3,VEN0000012,2500.0,Initial Planning Setup
GEC0000781,3131000500,HYD MOTOR PROX SENSOR MTG - 2350,LC,Job work,7,0,4,3,VEN0000009,2500.0,Initial Planning Setup
GEC0000782,2000304000,SCREW BARREL ASSY - 60-2350,AS,In-house,7,0,0,3,VEN0000002,50000.0,Initial Planning Setup
GEC0000783,4120003200,BARREL Ø35 - 280,MF,Job work,7,0,4,3,VEN0000002,2500.0,Initial Planning Setup
GEC0000784,4120003300,SCREW Ø35 - 280,MF,Job work,7,0,4,3,VEN0000012,2500.0,Initial Planning Setup
GEC0000785,4120003400,BARREL ADAPT Ø35 - 280,MF,Job work,7,0,4,3,VEN0000002,2500.0,Initial Planning Setup
GEC0000786,2000300200,SCREW BARREL ASSY - 35-280,AS,In-house,7,0,0,3,VEN0000002,50000.0,Initial Planning Setup
GEC0000787,4120008400,BARREL Ø40 - 420,MF,Job work,7,0,4,3,VEN0000002,2500.0,Initial Planning Setup
GEC0000788,4120008500,SCREW Ø40 - 420,MF,Job work,7,0,4,3,VEN0000012,2500.0,Initial Planning Setup
GEC0000789,4120008600,BARREL ADAPT Ø40 - 420,MF,Job work,7,0,4,3,VEN0000002,2500.0,Initial Planning Setup
GEC0000790,4120012100,BARREL Ø45 - 635,MF,Job work,7,0,4,3,VEN0000002,2500.0,Initial Planning Setup
GEC0000791,4120012200,SCREW Ø45 - 635,MF,Job work,7,0,4,3,VEN0000012,2500.0,Initial Planning Setup
GEC0000792,4120012300,BARREL ADAPT Ø45 - 635,MF,Job work,7,0,4,3,VEN0000002,2500.0,Initial Planning Setup
GEC0000793,4120016400,BARREL Ø50 - 905,MF,Job work,7,0,4,3,VEN0000002,2500.0,Initial Planning Setup
GEC0000794,4120016500,SCREW Ø50 - 905,MF,Job work,7,0,4,3,VEN0000012,2500.0,Initial Planning Setup
GEC0000795,4120016600,BARREL ADAPT Ø50 - 905,MF,Job work,7,0,4,3,VEN0000002,2500.0,Initial Planning Setup
GEC0000796,4120020000,BARREL Ø60 - 1520,MF,Job work,7,0,4,3,VEN0000002,2500.0,Initial Planning Setup
GEC0000797,4120020100,SCREW Ø60 - 1520,MF,Job work,7,0,4,3,VEN0000012,2500.0,Initial Planning Setup
GEC0000798,4120020200,BARREL ADAPT Ø60 - 1520,MF,Job work,7,0,4,3,VEN0000002,2500.0,Initial Planning Setup
GEC0000799,4120022700,BARREL Ø70 - 2350,MF,Job work,7,0,4,3,VEN0000002,2500.0,Initial Planning Setup
GEC0000800,4120022800,SCREW Ø70 - 2350,MF,Job work,7,0,4,3,VEN0000012,2500.0,Initial Planning Setup
GEC0000801,4120022900,BARREL ADAPT Ø70 - 2350,MF,Job work,7,0,4,3,VEN0000002,2500.0,Initial Planning Setup
GEC0000802,4120020600,SCREW TIP - 70,MF,Job work,7,0,4,3,VEN0000012,2500.0,Initial Planning Setup
GEC0000803,4120020700,SLIDER - 70,MF,Job work,7,0,4,3,VEN0000002,2500.0,Initial Planning Setup
GEC0000804,4120020800,SLIDER SEAT - 70,MF,Job work,7,0,4,3,VEN0000002,2500.0,Initial Planning Setup
GEC0000805,2000304100,SCREW BARREL ASSY - 70-2350,AS,In-house,7,0,0,3,VEN0000002,50000.0,Initial Planning Setup
GEC0000806,4120003800,BARREL Ø40 - 280,MF,Job work,7,0,4,3,VEN0000002,2500.0,Initial Planning Setup
GEC0000807,4120003900,SCREW Ø40 - 280,MF,Job work,7,0,4,3,VEN0000012,2500.0,Initial Planning Setup
GEC0000808,4120004000,BARREL ADAPT Ø40 - 280,MF,Job work,7,0,4,3,VEN0000002,2500.0,Initial Planning Setup
GEC0000809,4120008700,BARREL Ø45 - 420,MF,Job work,7,0,4,3,VEN0000002,2500.0,Initial Planning Setup
GEC0000810,4120008800,SCREW Ø45 - 420,MF,Job work,7,0,4,3,VEN0000012,2500.0,Initial Planning Setup
GEC0000811,4120008900,BARREL ADAPT Ø45 - 420,MF,Job work,7,0,4,3,VEN0000002,2500.0,Initial Planning Setup
GEC0000812,2000301200,SCREW BARREL ASSY - 45-420,AS,In-house,7,0,0,3,VEN0000002,50000.0,Initial Planning Setup
GEC0000813,4120012400,BARREL Ø50 - 635,MF,Job work,7,0,4,3,VEN0000002,2500.0,Initial Planning Setup
GEC0000814,4120012500,SCREW Ø50 - 635,MF,Job work,7,0,4,3,VEN0000012,2500.0,Initial Planning Setup
GEC0000815,4120012600,BARREL ADAPT Ø50 - 635,MF,Job work,7,0,4,3,VEN0000002,2500.0,Initial Planning Setup
GEC0000816,2000301900,SCREW BARREL ASSY - 50-635,AS,In-house,7,0,0,3,VEN0000002,50000.0,Initial Planning Setup
GEC0000817,4120016700,BARREL Ø60 - 905,MF,Job work,7,0,4,3,VEN0000002,2500.0,Initial Planning Setup
GEC0000818,4120016800,SCREW Ø60 - 905,MF,Job work,7,0,4,3,VEN0000012,2500.0,Initial Planning Setup
GEC0000819,4120016900,BARREL ADAPT Ø60 - 905,MF,Job work,7,0,4,3,VEN0000002,2500.0,Initial Planning Setup
GEC0000820,2000302600,SCREW BARREL ASSY - 60-905,AS,In-house,7,0,0,3,VEN0000002,50000.0,Initial Planning Setup
GEC0000821,4120020300,BARREL Ø70 - 1520,MF,Job work,7,0,4,3,VEN0000002,2500.0,Initial Planning Setup
GEC0000822,4120020400,SCREW Ø70 - 1520,MF,Job work,7,0,4,3,VEN0000012,2500.0,Initial Planning Setup
GEC0000823,4120020500,BARREL ADAPT Ø70 - 1520,MF,Job work,7,0,4,3,VEN0000002,2500.0,Initial Planning Setup
GEC0000824,2000303500,SCREW BARREL ASSY - 70-1520,AS,In-house,7,0,0,3,VEN0000002,50000.0,Initial Planning Setup
GEC0000825,4120023000,BARREL Ø80 - 2350,MF,Job work,7,0,4,3,VEN0000002,2500.0,Initial Planning Setup
GEC0000826,4120023100,SCREW Ø80 - 2350,MF,Job work,7,0,4,3,VEN0000012,2500.0,Initial Planning Setup
GEC0000827,4120023200,BARREL ADAPT Ø80 - 2350,MF,Job work,7,0,4,3,VEN0000002,2500.0,Initial Planning Setup
GEC0000828,4120023300,SCREW TIP - 80,MF,Job work,7,0,4,3,VEN0000012,2500.0,Initial Planning Setup
GEC0000829,4120023400,SLIDER - 80,MF,Job work,7,0,4,3,VEN0000002,2500.0,Initial Planning Setup
GEC0000830,4120023500,SLIDER SEAT - 80,MF,Job work,7,0,4,3,VEN0000002,2500.0,Initial Planning Setup
GEC0000831,2000304200,SCREW BARREL ASSY - 80-2350,AS,In-house,7,0,0,3,VEN0000002,50000.0,Initial Planning Setup
