ItemCode,PartCode,OldItemCode,ItemName,Category,MaterialProcessSources,Unit,PurchaseUOM,ConversionFactor,InHouseStock,ExternalStock,MinStockQty,MinOrderQty,UnitPrice,LeadTimeDays,Location,QCTrigger,TestReportRequired,WeightKg,Specification
1000310100,10000,10000,NEO PRIME 90 - 280 TON (INJECTION UNIT GUIDE ROD TYPE),FAS,In-house,NOS,NOS,1,2,0,1,1,1500000,7,Sub-Assembly Area,MANDATORY,YES,1.0,Standard FAS specification
1000310400,10001,10001,NEO PRIME 110 - 420 TON (INJECTION UNIT GUIDE ROD TYPE),FAS,In-house,NOS,NOS,1,1,0,1,1,1800000,7,Sub-Assembly Area,MANDATORY,YES,1.0,Standard FAS specification
1000110100,B-10138,B-10138,TOGGLE TYPE LOCKING UNIT-90 TON,AS,In-house,NOS,NOS,1,3,0,1,1,450000,7,Sub-Assembly Area,NONE,NO,1.0,Standard AS specification
1000110200,B-10140,B-10140,TOGGLE TYPE LOCKING UNIT-110 TON,AS,In-house,NOS,NOS,1,2,0,1,1,520000,7,Sub-Assembly Area,NONE,NO,1.0,Standard AS specification
1000210100,B-10025,B-10025,GUIDE ROD TYPE INJECTION UNIT-280,AS,In-house,NOS,NOS,1,3,0,1,1,380000,7,Sub-Assembly Area,NONE,NO,1.0,Standard AS specification
1000210200,B-10026,B-10026,GUIDE ROD TYPE INJECTION UNIT-420,AS,In-house,NOS,NOS,1,2,0,1,1,440000,7,Sub-Assembly Area,NONE,NO,1.0,Standard AS specification
4005000100,,,STATIONARY PLATE TOGGLE - 90 TON (PATTERN),PTN,Bought-out,NOS,NOS,1,5,0,2,2,1200,7,Raw Materials Store,NONE,NO,1.0,Standard PTN specification
4005000200,,,STATIONARY PLATE TOGGLE - 110 TON (PATTERN),PTN,Bought-out,NOS,NOS,1,5,0,2,2,1200,7,Raw Materials Store,NONE,NO,1.0,Standard PTN specification
4005001200,,,MOVING PLATE TOGGLE - 90 TON (PATTERN),PTN,Bought-out,NOS,NOS,1,5,0,2,2,1200,7,Raw Materials Store,NONE,NO,1.0,Standard PTN specification
4005001300,,,MOVING PLATE TOGGLE - 110 TON (PATTERN),PTN,Bought-out,NOS,NOS,1,5,0,2,2,1200,7,Raw Materials Store,NONE,NO,1.0,Standard PTN specification
4005002300,,,END PLATE - 90 TON (PATTERN),PTN,Bought-out,NOS,NOS,1,5,0,2,2,1200,7,Raw Materials Store,NONE,NO,1.0,Standard PTN specification
4005002400,,,END PLATE - 110 TON (PATTERN),PTN,Bought-out,NOS,NOS,1,5,0,2,2,1200,7,Raw Materials Store,NONE,NO,1.0,Standard PTN specification
4005003600,,,CROSSHEAD - 90 TON (PATTERN),PTN,Bought-out,NOS,NOS,1,5,0,2,2,1200,7,Raw Materials Store,NONE,NO,1.0,Standard PTN specification
4005003700,,,CROSSHEAD - 110 TON (PATTERN),PTN,Bought-out,NOS,NOS,1,5,0,2,2,1200,7,Raw Materials Store,NONE,NO,1.0,Standard PTN specification
4005004200,,,CROSSHEAD LINK - 90 TON (PATTERN),PTN,Bought-out,NOS,NOS,1,5,0,2,2,1200,7,Raw Materials Store,NONE,NO,1.0,Standard PTN specification
4005004300,,,CROSSHEAD LINK - 110 TON (PATTERN),PTN,Bought-out,NOS,NOS,1,5,0,2,2,1200,7,Raw Materials Store,NONE,NO,1.0,Standard PTN specification
4005004800,,,BINARY LINK - 90 TON (PATTERN),PTN,Bought-out,NOS,NOS,1,5,0,2,2,1200,7,Raw Materials Store,NONE,NO,1.0,Standard PTN specification
4005004900,,,BINARY LINK - 110 TON (PATTERN),PTN,Bought-out,NOS,NOS,1,5,0,2,2,1200,7,Raw Materials Store,NONE,NO,1.0,Standard PTN specification
4005005400,,,TERNARY LINK - 90 TON (PATTERN),PTN,Bought-out,NOS,NOS,1,5,0,2,2,1200,7,Raw Materials Store,NONE,NO,1.0,Standard PTN specification
4005005500,,,TERNARY LINK - 110 TON (PATTERN),PTN,Bought-out,NOS,NOS,1,5,0,2,2,1200,7,Raw Materials Store,NONE,NO,1.0,Standard PTN specification
4005006300,,,SUN GEAR - 90 TON (MODULE-3 TEETH-159) (PATTERN),PTN,Bought-out,NOS,NOS,1,5,0,2,2,1200,7,Raw Materials Store,NONE,NO,1.0,Standard PTN specification
4005006400,,,SUN GEAR - 110 TON (MODULE-3 TEETH-178) (PATTERN),PTN,Bought-out,NOS,NOS,1,5,0,2,2,1200,7,Raw Materials Store,NONE,NO,1.0,Standard PTN specification
4005006900,,,GEAR NUT RETAINER - 90 TON (PATTERN),PTN,Bought-out,NOS,NOS,1,5,0,2,2,1200,7,Raw Materials Store,NONE,NO,1.0,Standard PTN specification
4005007000,,,GEAR NUT RETAINER - 110 TON (PATTERN),PTN,Bought-out,NOS,NOS,1,5,0,2,2,1200,7,Raw Materials Store,NONE,NO,1.0,Standard PTN specification
4005007500,,,DIE HEIGHT MOTOR MTG BRACKET - 90 TON (PATTERN),PTN,Bought-out,NOS,NOS,1,5,0,2,2,1200,7,Raw Materials Store,NONE,NO,1.0,Standard PTN specification
4005009600,,,BARREL PLATE - 280 (STOCK-150) (PATTERN),PTN,Bought-out,NOS,NOS,1,5,0,2,2,1200,7,Raw Materials Store,NONE,NO,1.0,Standard PTN specification
4005009800,,,BARREL PLATE - 420 (STOCK-175) (PATTERN),PTN,Bought-out,NOS,NOS,1,5,0,2,2,1200,7,Raw Materials Store,NONE,NO,1.0,Standard PTN specification
4005011200,,,BEARING HOUSING - 280 (PATTERN),PTN,Bought-out,NOS,NOS,1,5,0,2,2,1200,7,Raw Materials Store,NONE,NO,1.0,Standard PTN specification
4005012500,,,INJ CYL ROD NUT RETAINER - 280 (PATTERN),PTN,Bought-out,NOS,NOS,1,5,0,2,2,1200,7,Raw Materials Store,NONE,NO,1.0,Standard PTN specification
4005013300,,,INJECTION GUIDE ROD SUPPORT ID Ø60 - 280 (PATTERN),PTN,Bought-out,NOS,NOS,1,5,0,2,2,1200,7,Raw Materials Store,NONE,NO,1.0,Standard PTN specification
4005002900,,,EJECTOR PLATE  TOGGLE - 90 TON (PATTERN),PTN,Bought-out,NOS,NOS,1,5,0,2,2,1200,7,Raw Materials Store,NONE,NO,1.0,Standard PTN specification
4005013500,,,HEAT EXCHANGER FRONT CAP - 90 TON (PATTERN),PTN,Bought-out,NOS,NOS,1,5,0,2,2,1200,7,Raw Materials Store,NONE,NO,1.0,Standard PTN specification
4005013600,,,HEAT EXCHANGER END CAP - 90 TON (PATTERN),PTN,Bought-out,NOS,NOS,1,5,0,2,2,1200,7,Raw Materials Store,NONE,NO,1.0,Standard PTN specification
4001000100,11201,11201,STATIONARY PLATE TOGGLE - 90 TON (CASTING),RM,Bought-out,NOS,NOS,1,5,0,2,2,1200,7,Raw Materials Store,MANDATORY,YES,1.0,Standard RM specification
4001000200,12201,12201,STATIONARY PLATE TOGGLE - 110 TON (CASTING),RM,Bought-out,NOS,NOS,1,5,0,2,2,1200,7,Raw Materials Store,MANDATORY,YES,1.0,Standard RM specification
4001001200,11202,11202,MOVING PLATE TOGGLE - 90 TON (CASTING),RM,Bought-out,NOS,NOS,1,5,0,2,2,1200,7,Raw Materials Store,MANDATORY,YES,1.0,Standard RM specification
4001001300,12202,12202,MOVING PLATE TOGGLE - 110 TON (CASTING),RM,Bought-out,NOS,NOS,1,5,0,2,2,1200,7,Raw Materials Store,MANDATORY,YES,1.0,Standard RM specification
4001002300,11203,11203,END PLATE - 90 TON (CASTING),RM,Bought-out,NOS,NOS,1,5,0,2,2,1200,7,Raw Materials Store,MANDATORY,YES,1.0,Standard RM specification
4001002400,12203,12203,END PLATE - 110 TON (CASTING),RM,Bought-out,NOS,NOS,1,5,0,2,2,1200,7,Raw Materials Store,MANDATORY,YES,1.0,Standard RM specification
4001003600,11204,11204,CROSS HEAD - 90 TON (CASTING),RM,Bought-out,NOS,NOS,1,5,0,2,2,1200,7,Raw Materials Store,MANDATORY,YES,1.0,Standard RM specification
4001003700,12204,12204,CROSS HEAD - 110 TON (CASTING),RM,Bought-out,NOS,NOS,1,5,0,2,2,1200,7,Raw Materials Store,MANDATORY,YES,1.0,Standard RM specification
4001004200,11207,11207,CROSS HEAD LINK - 90 TON (CASTING),RM,Bought-out,NOS,NOS,1,5,0,2,2,1200,7,Raw Materials Store,MANDATORY,YES,1.0,Standard RM specification
4001004300,12207,12207,CROSS HEAD LINK - 110 TON (CASTING),RM,Bought-out,NOS,NOS,1,5,0,2,2,1200,7,Raw Materials Store,MANDATORY,YES,1.0,Standard RM specification
4001004800,11205,11205,BINARY LINK - 90 TON (CASTING),RM,Bought-out,NOS,NOS,1,5,0,2,2,1200,7,Raw Materials Store,MANDATORY,YES,1.0,Standard RM specification
4001004900,12205,12205,BINARY LINK - 110 TON (CASTING),RM,Bought-out,NOS,NOS,1,5,0,2,2,1200,7,Raw Materials Store,MANDATORY,YES,1.0,Standard RM specification
4001005400,11206,11206,TERNARY LINK - 90 TON (CASTING),RM,Bought-out,NOS,NOS,1,5,0,2,2,1200,7,Raw Materials Store,MANDATORY,YES,1.0,Standard RM specification
4001005500,12206,12206,TERNARY LINK - 110 TON (CASTING),RM,Bought-out,NOS,NOS,1,5,0,2,2,1200,7,Raw Materials Store,MANDATORY,YES,1.0,Standard RM specification
4001006300,11208,11208,SUN GEAR - 90 TON (MODULE-3 TEETH-159) (CASTING),RM,Bought-out,NOS,NOS,1,5,0,2,2,1200,7,Raw Materials Store,MANDATORY,YES,1.0,Standard RM specification
4001006400,12208,12208,SUN GEAR - 110 TON (MODULE-3 TEETH-178) (CASTING),RM,Bought-out,NOS,NOS,1,5,0,2,2,1200,7,Raw Materials Store,MANDATORY,YES,1.0,Standard RM specification
4001006900,11210,11210,GEAR NUT RETAINER - 90 TON (CASTING),RM,Bought-out,NOS,NOS,1,5,0,2,2,1200,7,Raw Materials Store,MANDATORY,YES,1.0,Standard RM specification
4001007000,12209,12209,GEAR NUT RETAINER - 110 TON (CASTING),RM,Bought-out,NOS,NOS,1,5,0,2,2,1200,7,Raw Materials Store,MANDATORY,YES,1.0,Standard RM specification
4001007500,11209,11209,DIE HEIGHT MOTOR MTG BRACKET - 90 TON (CASTING),RM,Bought-out,NOS,NOS,1,5,0,2,2,1200,7,Raw Materials Store,MANDATORY,YES,1.0,Standard RM specification
4001009600,,,BARREL PLATE - 280 (STOCK-150) (CASTING),RM,Bought-out,NOS,NOS,1,5,0,2,2,1200,7,Raw Materials Store,MANDATORY,YES,1.0,Standard RM specification
4001009800,,,BARREL PLATE - 420 (STOCK-175) (CASTING),RM,Bought-out,NOS,NOS,1,5,0,2,2,1200,7,Raw Materials Store,MANDATORY,YES,1.0,Standard RM specification
4001011200,,,BEARING HOUSING - 280 (CASTING),RM,Bought-out,NOS,NOS,1,5,0,2,2,1200,7,Raw Materials Store,MANDATORY,YES,1.0,Standard RM specification
4001012500,,,INJECTION CYLINDER ROD NUT RETAINER - 280 (CASTING),RM,Bought-out,NOS,NOS,1,5,0,2,2,1200,7,Raw Materials Store,MANDATORY,YES,1.0,Standard RM specification
4001013300,,,INJECTION GUIDE ROD SUPPORT Ø60 - 280 (CASTING),RM,Bought-out,NOS,NOS,1,5,0,2,2,1200,7,Raw Materials Store,MANDATORY,YES,1.0,Standard RM specification
4001002900,,,EJECTOR PLATE  TOGGLE - 90 TON (CASTING),RM,Bought-out,NOS,NOS,1,5,0,2,2,1200,7,Raw Materials Store,MANDATORY,YES,1.0,Standard RM specification
4001013500,,,HEAT EXCHANGER FRONT CAP - 90 TON (CASTING),RM,Bought-out,NOS,NOS,1,5,0,2,2,1200,7,Raw Materials Store,MANDATORY,YES,1.0,Standard RM specification
4001013600,,,HEAT EXCHANGER END CAP - 90 TON (CASTING),RM,Bought-out,NOS,NOS,1,5,0,2,2,1200,7,Raw Materials Store,MANDATORY,YES,1.0,Standard RM specification
3000000100,A-10487,A-10487,BASE FRAME ASSY - 90TON  (280/420),FAS,In-house,NOS,NOS,1,5,0,2,2,1200,7,Sub-Assembly Area,MANDATORY,YES,1.0,Standard FAS specification
3000001900,A-10483,A-10483,BASE FRAME ASSY - 110TON  (280/420/635),BOM,In-house,NOS,NOS,1,5,0,2,2,1200,7,Sub-Assembly Area,NONE,NO,1.0,Standard BOM specification
3000000200,A-10001,A-10001,"INJECTION FRAME ASSY - 90-280 
(GUIDE ROD TYPE)",FAS,In-house,NOS,NOS,1,5,0,2,2,1200,7,Sub-Assembly Area,MANDATORY,YES,1.0,Standard FAS specification
3000002100,A-10004,A-10004,INJECTION FRAME ASSY - 110-420 (GUIDE ROD TYPE),FAS,In-house,NOS,NOS,1,5,0,2,2,1200,7,Sub-Assembly Area,MANDATORY,YES,1.0,Standard FAS specification
2000300300,B-10003,B-10003,SCREW BARREL ASSY - 40-280,AS,In-house,NOS,NOS,1,5,0,2,2,1200,7,Sub-Assembly Area,NONE,NO,1.0,Standard AS specification
2000301100,B-10005,B-10005,SCREW BARREL ASSY - 40-420,AS,In-house,NOS,NOS,1,5,0,2,2,1200,7,Sub-Assembly Area,NONE,NO,1.0,Standard AS specification
2000300400,B-10044,B-10044,OIL TANK ASSY - 90 TON - 250LTR,AS,In-house,NOS,NOS,1,5,0,2,2,1200,7,Sub-Assembly Area,NONE,NO,1.0,Standard AS specification
2000301300,B-10046,B-10046,OIL TANK ASSY - 110 TON - 300LTR,AS,In-house,NOS,NOS,1,5,0,2,2,1200,7,Sub-Assembly Area,NONE,NO,1.0,Standard AS specification
2000300500,,,SAFETY DOOR ASSY - 90,AS,In-house,NOS,NOS,1,5,0,2,2,1200,7,Sub-Assembly Area,NONE,NO,1.0,Standard AS specification
2000301400,B-10097,B-10097,SAFETY DOOR ASSY - 110 TON,AS,In-house,NOS,NOS,1,5,0,2,2,1200,7,Sub-Assembly Area,NONE,NO,1.0,Standard AS specification
2000300600,,,BASE FRAME GUARD SET - 90-280,AS,In-house,NOS,NOS,1,5,0,2,2,1200,7,Sub-Assembly Area,NONE,NO,1.0,Standard AS specification
2000301500,,,BASE FRAME GUARD SET - 110-420,AS,In-house,NOS,NOS,1,5,0,2,2,1200,7,Sub-Assembly Area,NONE,NO,1.0,Standard AS specification
2000300700,,,SEAMLESS PIPE SET - 90-280,AS,In-house,NOS,NOS,1,5,0,2,2,1200,7,Sub-Assembly Area,NONE,NO,1.0,Standard AS specification
2000301600,,,SEAMLESS PIPE SET - 110-420,AS,In-house,NOS,NOS,1,5,0,2,2,1200,7,Sub-Assembly Area,NONE,NO,1.0,Standard AS specification
2000300800,B-10064,B-10064,HEAT EXCHANGER ASSY - 90 TON,AS,In-house,NOS,NOS,1,5,0,2,2,1200,7,Sub-Assembly Area,NONE,NO,1.0,Standard AS specification
2000300900,,,HOPPER ASSY - 25KG,AS,In-house,NOS,NOS,1,5,0,2,2,1200,7,Sub-Assembly Area,NONE,NO,1.0,Standard AS specification
7000100100,,,FASTENER KIT MAIN MACHINE - 90-280,AS,In-house,NOS,NOS,1,5,0,2,2,1200,7,Sub-Assembly Area,NONE,NO,1.0,Standard AS specification
7000100600,,,FASTENER KIT MAIN MACHINE - 110-420,BOM,In-house,NOS,NOS,1,5,0,2,2,1200,7,Sub-Assembly Area,NONE,NO,1.0,Standard BOM specification
7000200100,,,NIPPLE KIT - 90-280,AS,In-house,NOS,NOS,1,5,0,2,2,1200,7,Sub-Assembly Area,NONE,NO,1.0,Standard AS specification
7000200200,,,NIPPLE KIT - 110-420,BOM,In-house,NOS,NOS,1,5,0,2,2,1200,7,Sub-Assembly Area,NONE,NO,1.0,Standard BOM specification
7000300100,,,HOSE PIPE KIT - 90-280,AS,In-house,NOS,NOS,1,5,0,2,2,1200,7,Sub-Assembly Area,NONE,NO,1.0,Standard AS specification
7000300200,,,HOSE PIPE KIT - 110-420,BOM,In-house,NOS,NOS,1,5,0,2,2,1200,7,Sub-Assembly Area,NONE,NO,1.0,Standard BOM specification
7000400100,E-10270,E-10270,LUBR PUMP SYSTEM,AS,In-house,NOS,NOS,1,5,0,2,2,1200,7,Sub-Assembly Area,NONE,NO,1.0,Standard AS specification
3000000400,A-10701,A-10701,SERVO PUMP HOSE NIPPLE ASSY - 64 LTR,FAS,In-house,NOS,NOS,1,5,0,2,2,1200,7,Sub-Assembly Area,MANDATORY,YES,1.0,Standard FAS specification
3000000500,A-10619,A-10619,PLC BOX FB ASSY - B&R,FAS,In-house,NOS,NOS,1,5,0,2,2,1200,7,Sub-Assembly Area,MANDATORY,YES,1.0,Standard FAS specification
3000000600,A-10620,A-10620,LOCKING UNIT JUNCTION BOX OP FB ASSY,FAS,In-house,NOS,NOS,1,5,0,2,2,1200,7,Sub-Assembly Area,MANDATORY,YES,1.0,Standard FAS specification
3000000700,A-10920,A-10920,LOCKING UNIT JUNCTION BOX NOP FB ASSY,FAS,In-house,NOS,NOS,1,5,0,2,2,1200,7,Sub-Assembly Area,MANDATORY,YES,1.0,Standard FAS specification
3000000800,A-10616,A-10616,HEATER WIRE JUNCTION BOX FB ASSY,FAS,In-house,NOS,NOS,1,5,0,2,2,1200,7,Sub-Assembly Area,MANDATORY,YES,1.0,Standard FAS specification
3000000900,A-10704,A-10704,HYDRO MOTOR PIPE CLAMP MTG FB ASSY-280,FAS,In-house,NOS,NOS,1,5,0,2,2,1200,7,Sub-Assembly Area,MANDATORY,YES,1.0,Standard FAS specification
3000002300,A-10726,A-10726,HYDRO MOTOR PIPE CLAMP MTG -420,BOM,In-house,NOS,NOS,1,5,0,2,2,1200,7,Sub-Assembly Area,NONE,NO,1.0,Standard BOM specification
3000001000,A-10347,A-10347,LOCKING UNIT LINEAR MTG BRACKET - 90 TON,FAS,In-house,NOS,NOS,1,5,0,2,2,1200,7,Sub-Assembly Area,MANDATORY,YES,1.0,Standard FAS specification
3000002400,A-10236,A-10236,LOCKING UNIT LINEAR MTG BRACKET - 110 TON,BOM,In-house,NOS,NOS,1,5,0,2,2,1200,7,Sub-Assembly Area,NONE,NO,1.0,Standard BOM specification
4110006500,A-10352,A-10352,INJECTION MANIFOLD - NG10,MF,In-house,NOS,NOS,1,5,0,2,2,1200,7,Sub-Assembly Area,MANDATORY,YES,1.0,Standard MF specification
4110006600,A-11197,A-11197,LOCKING MANIFOLD NG10-NG6-NG6,MF,In-house,NOS,NOS,1,5,0,2,2,1200,7,Sub-Assembly Area,MANDATORY,YES,1.0,Standard MF specification
4110006700,A-10355,A-10355,EJECTOR MANIFOLD NG6,MF,In-house,NOS,NOS,1,5,0,2,2,1200,7,Sub-Assembly Area,MANDATORY,YES,1.0,Standard MF specification
4110006800,A-10351,A-10351,PRESSURE MANIFOLD BG06,MF,In-house,NOS,NOS,1,5,0,2,2,1200,7,Sub-Assembly Area,MANDATORY,YES,1.0,Standard MF specification
4110006900,A-10795,A-10795,EJECTOR ROD - 90 TON,MF,In-house,NOS,NOS,1,5,0,2,2,1200,7,Sub-Assembly Area,MANDATORY,YES,1.0,Standard MF specification
4110012600,A-10796,A-10796,EJECTOR ROD - 110 TON,BOM,In-house,NOS,NOS,1,5,0,2,2,1200,7,Sub-Assembly Area,NONE,NO,1.0,Standard BOM specification
4110007000,A-10118,A-10118,NOZZLE CYLINDER EXTENSION ROD 90-280,MF,In-house,NOS,NOS,1,5,0,2,2,1200,7,Sub-Assembly Area,MANDATORY,YES,1.0,Standard MF specification
4110012700,A-10392,A-10392,NOZZLE CYLINDER EXTENSION ROD 110-420,BOM,In-house,NOS,NOS,1,5,0,2,2,1200,7,Sub-Assembly Area,NONE,NO,1.0,Standard BOM specification
4110007100,A-10115,A-10115,NOZZLE CYLINDER EXTENSION ROD MTG,MF,In-house,NOS,NOS,1,5,0,2,2,1200,7,Sub-Assembly Area,MANDATORY,YES,1.0,Standard MF specification
4110007200,A-10116,A-10116,NOZZLE CYLINDER EXTENSION ROD MTG BUSH,MF,In-house,NOS,NOS,1,5,0,2,2,1200,7,Sub-Assembly Area,MANDATORY,YES,1.0,Standard MF specification
4110007300,A-10348,A-10348,NOZZLE CYLINDER STOP LIMIT SWITCH OPERATING PIN,MF,In-house,NOS,NOS,1,5,0,2,2,1200,7,Sub-Assembly Area,MANDATORY,YES,1.0,Standard MF specification
4110007400,A-10349,A-10349,NOZZLE CYLINDER STOP SLIDER,MF,In-house,NOS,NOS,1,5,0,2,2,1200,7,Sub-Assembly Area,MANDATORY,YES,1.0,Standard MF specification
4110007500,A-12014,A-12014,INJECTION UNIT SETTING BLOCK,MF,In-house,NOS,NOS,1,5,0,2,2,1200,7,Sub-Assembly Area,MANDATORY,YES,1.0,Standard MF specification
4110007600,A-10011,A-10011,INJECTION FRAME MTG BOLT M27 X 35LG,MF,In-house,NOS,NOS,1,5,0,2,2,1200,7,Sub-Assembly Area,MANDATORY,YES,1.0,Standard MF specification
4110007700,A-10588,A-10588,INJECTION GUARD MTG STUD,MF,In-house,NOS,NOS,1,5,0,2,2,1200,7,Sub-Assembly Area,MANDATORY,YES,1.0,Standard MF specification
4110007800,A-10800,A-10800,CROSS HEAD LIMIT SWITCH OPERATING PIN-90,MF,In-house,NOS,NOS,1,5,0,2,2,1200,7,Sub-Assembly Area,MANDATORY,YES,1.0,Standard MF specification
4110012800,A-12051,A-12051,CROSS HEAD LIMIT SWITCH OPERATING PIN-110,BOM,In-house,NOS,NOS,1,5,0,2,2,1200,7,Sub-Assembly Area,NONE,NO,1.0,Standard BOM specification
4110007900,A-10350,A-10350,MOLD HEIGHT STOP LIMIT SWITCH OPERATING PIN-90 TON,MF,In-house,NOS,NOS,1,5,0,2,2,1200,7,Sub-Assembly Area,MANDATORY,YES,1.0,Standard MF specification
4110008000,A-10385,A-10385,INJECTION MANIFOLD MTG PLATE - 280,MF,In-house,NOS,NOS,1,5,0,2,2,1200,7,Sub-Assembly Area,MANDATORY,YES,1.0,Standard MF specification
4110012900,A-10387,A-10387,INJECTION MANIFOLD MTG PLATE - 420,BOM,In-house,NOS,NOS,1,5,0,2,2,1200,7,Sub-Assembly Area,NONE,NO,1.0,Standard BOM specification
4110008100,A-10386,A-10386,INJECTION MANIFOLD MTG STRIP - 280,MF,In-house,NOS,NOS,1,5,0,2,2,1200,7,Sub-Assembly Area,MANDATORY,YES,1.0,Standard MF specification
4110013000,A-10491,A-10491,INJECTION MANIFOLD MTG STRIP - 420,BOM,In-house,NOS,NOS,1,5,0,2,2,1200,7,Sub-Assembly Area,NONE,NO,1.0,Standard BOM specification
4110008200,A-12035,A-12035,GREASE PUMP MOUNTING PLATE,MF,In-house,NOS,NOS,1,5,0,2,2,1200,7,Sub-Assembly Area,MANDATORY,YES,1.0,Standard MF specification
3130800100,A-10705,A-10705,JUNCTION BOX COVER,LC,In-house,NOS,NOS,1,5,0,2,2,1200,7,Sub-Assembly Area,NONE,NO,1.0,Standard LC specification
3130800200,A-10706,A-10706,PLC BOX COVER,LC,In-house,NOS,NOS,1,5,0,2,2,1200,7,Sub-Assembly Area,NONE,NO,1.0,Standard LC specification
3130800300,A-10707,A-10707,HEATER WIRE JUNCTION BOX COVER,LC,In-house,NOS,NOS,1,5,0,2,2,1200,7,Sub-Assembly Area,NONE,NO,1.0,Standard LC specification
3131100100,A-10585,A-10585,PLC BOX  MTG TOP BRACKET,LC,In-house,NOS,NOS,1,5,0,2,2,1200,7,Sub-Assembly Area,NONE,NO,1.0,Standard LC specification
3131100200,A-10586,A-10586,PLC BOX MTG BOTTOM BRACKET,LC,In-house,NOS,NOS,1,5,0,2,2,1200,7,Sub-Assembly Area,NONE,NO,1.0,Standard LC specification
3131100300,A-10131,A-10131,"MOLD HEIGHT STOP LIMIT SWITCH 
OPERATING PIN MTG BRACKET",LC,In-house,NOS,NOS,1,5,0,2,2,1200,7,Sub-Assembly Area,NONE,NO,1.0,Standard LC specification
3131100400,A-10132,A-10132,MOLD HEIGHT STOP LIMIT SWITCH MTG BRACKET,LC,In-house,NOS,NOS,1,5,0,2,2,1200,7,Sub-Assembly Area,NONE,NO,1.0,Standard LC specification
3131100500,A-10068,A-10068,CROSS HEAD LOCKING LIMIT STOP PIN MTG BRACKET,LC,In-house,NOS,NOS,1,5,0,2,2,1200,7,Sub-Assembly Area,NONE,NO,1.0,Standard LC specification
3131100600,A-10072,A-10072,TOGGLE LIMIT SWITCH MTG BRACKET,LC,In-house,NOS,NOS,1,5,0,2,2,1200,7,Sub-Assembly Area,NONE,NO,1.0,Standard LC specification
3131100700,A-10345,A-10345,EJECTOR LINEAR MTG BRACKET,LC,In-house,NOS,NOS,1,5,0,2,2,1200,7,Sub-Assembly Area,NONE,NO,1.0,Standard LC specification
3131100800,A-10587,A-10587,HEATER WIRE JUNCTION BOX MTG BRACKET,LC,In-house,NOS,NOS,1,5,0,2,2,1200,7,Sub-Assembly Area,NONE,NO,1.0,Standard LC specification
3131100900,A-10123,A-10123,HYD MOTOR RPM PROXY SENSOR MTG BRACKET,LC,In-house,NOS,NOS,1,5,0,2,2,1200,7,Sub-Assembly Area,NONE,NO,1.0,Standard LC specification
3131101000,A-10055,A-10055,INJECTION LINEAR MOUNTING BRACKET - 280,LC,In-house,NOS,NOS,1,5,0,2,2,1200,7,Sub-Assembly Area,NONE,NO,1.0,Standard LC specification
3131101400,A-10056,A-10056,INJECTION LINEAR MOUNTING BRACKET - 420,BOM,In-house,NOS,NOS,1,5,0,2,2,1200,7,Sub-Assembly Area,NONE,NO,1.0,Standard BOM specification
3131101100,A-10069,A-10069,INJECTION LINEAR SHAFT MTG BRACKET - 280,LC,In-house,NOS,NOS,1,5,0,2,2,1200,7,Sub-Assembly Area,NONE,NO,1.0,Standard LC specification
3131101200,A-10074,A-10074,NOZZLE CYLINDER LIMIT SWITCH PIN MTG BRACKET,LC,In-house,NOS,NOS,1,5,0,2,2,1200,7,Sub-Assembly Area,NONE,NO,1.0,Standard LC specification
3131101300,A-10344,A-10344,NOZZLE CYLINDER STOP LIMIT SWITCH MTG BRACKET,LC,In-house,NOS,NOS,1,5,0,2,2,1200,7,Sub-Assembly Area,NONE,NO,1.0,Standard LC specification
3131300100,A-10497,A-10497,INJECTION GUARD SUPPORT BRACKET - 280,LC,In-house,NOS,NOS,1,5,0,2,2,1200,7,Sub-Assembly Area,NONE,NO,1.0,Standard LC specification
3131300200,A-10496,A-10496,INJECTION GUARD SUPPORT BRACKET - 420,BOM,In-house,NOS,NOS,1,5,0,2,2,1200,7,Sub-Assembly Area,NONE,NO,1.0,Standard BOM specification
6160100100,D-10001,D-10001,DSG-01-3C2-D24 (YUKEN),BO,Bought-out,NOS,NOS,1,5,0,2,2,1200,7,Bought-out Bay,NONE,NO,1.0,Standard BO specification
6160100200,D-10002,D-10002,DSG-01-3C4-D24 (YUKEN),BO,Bought-out,NOS,NOS,1,5,0,2,2,1200,7,Bought-out Bay,NONE,NO,1.0,Standard BO specification
6160100300,D-10003,D-10003,DSG-03-3C2-D24 (YUKEN),BO,Bought-out,NOS,NOS,1,5,0,2,2,1200,7,Bought-out Bay,NONE,NO,1.0,Standard BO specification
6160100400,D-10006,D-10006,DSG-03-3C12-D24 (YUKEN),BO,Bought-out,NOS,NOS,1,5,0,2,2,1200,7,Bought-out Bay,NONE,NO,1.0,Standard BO specification
6160100500,,,DSG-01-2B2B-D24 (YUKEN),BO,Bought-out,NOS,NOS,1,5,0,2,2,1200,7,Bought-out Bay,NONE,NO,1.0,Standard BO specification
6170100100,D-10302,D-10302,PRESSURE RELIEF VALVE - BG-03-HP32 (YUKEN),BO,Bought-out,NOS,NOS,1,5,0,2,2,1200,7,Bought-out Bay,NONE,NO,1.0,Standard BO specification
6170100200,D-10301,D-10301,PRESSURE RELIEF VALVE - BG-06-P32 (YUKEN),BO,Bought-out,NOS,NOS,1,5,0,2,2,1200,7,Bought-out Bay,NONE,NO,1.0,Standard BO specification
6180100100,D-10101,D-10101,PILOT OPERATED CHECK VALVE - MPA-01-4-40H01 (YUKEN),BO,Bought-out,NOS,NOS,1,5,0,2,2,1200,7,Bought-out Bay,NONE,NO,1.0,Standard BO specification
6180200100,D-10110,D-10110,PILOT OPERATED CHECK VALVE - MCIV-06-01 (PRISM HYD),BO,Bought-out,NOS,NOS,1,5,0,2,2,1200,7,Bought-out Bay,NONE,NO,1.0,Standard BO specification
6190100200,D-10104,D-10104,LINE CHECK VALVE C10T1-03 (POLYHYDRON),BO,Bought-out,NOS,NOS,1,5,0,2,2,1200,7,Bought-out Bay,NONE,NO,1.0,Standard BO specification
6190100100,D-10112,D-10112,LINE CHECK VALVE C20T1-03  (POLYHYDRON),BO,Bought-out,NOS,NOS,1,5,0,2,2,1200,7,Bought-out Bay,NONE,NO,1.0,Standard BO specification
6240100100,D-10201,D-10201,"PRESSURE GAUG 0-420 BAR BACK CONNECTION (2-1/2"")",BO,Bought-out,NOS,NOS,1,5,0,2,2,1200,7,Bought-out Bay,NONE,NO,1.0,Standard BO specification
6010400100,,,SERVO SYSTEM - 64 LPM (JAKSH),BO,Bought-out,NOS,NOS,1,5,0,2,2,1200,7,Bought-out Bay,NONE,NO,1.0,Standard BO specification
6020100100,E-10176,E-10176,PANEL SERVO-90 B&R,BO,Bought-out,NOS,NOS,1,5,0,2,2,1200,7,Bought-out Bay,NONE,NO,1.0,Standard BO specification
6030100100,E-10007,E-10007,PANEL SERVO-90-280 B&R,BO,Bought-out,NOS,NOS,1,5,0,2,2,1200,7,Bought-out Bay,NONE,NO,1.0,Standard BO specification
6030100200,E-10008,E-10008,PANEL SERVO-110 B&R,BOM,In-house,NOS,NOS,1,5,0,2,2,1200,7,Sub-Assembly Area,NONE,NO,1.0,Standard BOM specification
6210100100,E-10005,E-10005,LINEAR LT-M-100,BO,Bought-out,NOS,NOS,1,5,0,2,2,1200,7,Bought-out Bay,NONE,NO,1.0,Standard BO specification
6210100200,E-10009,E-10009,LINEAR LT-M-200,BOM,In-house,NOS,NOS,1,5,0,2,2,1200,7,Sub-Assembly Area,NONE,NO,1.0,Standard BOM specification
6210100175,E-10008,E-10008,LINEAR LT-M-175,BO,Bought-out,NOS,NOS,1,5,0,2,2,1200,7,Bought-out Bay,NONE,NO,1.0,Standard BO specification
6210100350,E-10014,E-10014,LINEAR LT-M-350,BO,In-house,NOS,NOS,1,5,0,2,2,1200,7,Sub-Assembly Area,NONE,NO,1.0,Standard BO specification
6220100100,E-10151,E-10151,LIMIT SWITCH SNAP ACTION - PC 603,BO,Bought-out,NOS,NOS,1,5,0,2,2,1200,7,Bought-out Bay,NONE,NO,1.0,Standard BO specification
6220200100,E-10152,E-10152,LIMIT SWITCH ROLLER LEVER - FTN-139Z11,BO,Bought-out,NOS,NOS,1,5,0,2,2,1200,7,Bought-out Bay,NONE,NO,1.0,Standard BO specification
7340100100,G-10008,G-10008,HYDRAULIC PIPE CLAMP - 20 MM,BO,Bought-out,NOS,NOS,1,5,0,2,2,1200,7,Bought-out Bay,NONE,NO,1.0,Standard BO specification
7340100200,,,HYDRAULIC PIPE CLAMP - 25 MM,BO,Bought-out,NOS,NOS,1,5,0,2,2,1200,7,Bought-out Bay,NONE,NO,1.0,Standard BO specification
6150100100,I-10101,I-10101,Ø85x115 CERAMIC HEATER WITH COVER,BO,Bought-out,NOS,NOS,1,5,0,2,2,1200,7,Bought-out Bay,NONE,NO,1.0,Standard BO specification
6150100200,I-10103,I-10103,Ø95x130 CERAMIC HEATER WITH COVER,BOM,In-house,NOS,NOS,1,5,0,2,2,1200,7,Sub-Assembly Area,NONE,NO,1.0,Standard BOM specification
6150200100,I-10128,I-10128,Ø85x30 MICA HEATER,BO,Bought-out,NOS,NOS,1,5,0,2,2,1200,7,Bought-out Bay,NONE,NO,1.0,Standard BO specification
6150200200,I-10104,I-10104,Ø95x40 MICA HEATER,BOM,In-house,NOS,NOS,1,5,0,2,2,1200,7,Sub-Assembly Area,NONE,NO,1.0,Standard BOM specification
6150300100,I-10121,I-10121,Ø50x40 MICA HEATER SIDE CUT,BO,Bought-out,NOS,NOS,1,5,0,2,2,1200,7,Bought-out Bay,NONE,NO,1.0,Standard BO specification
6150300200,I-10122,I-10122,Ø55x50 MICA HEATER SIDE CUT,BOM,In-house,NOS,NOS,1,5,0,2,2,1200,7,Sub-Assembly Area,NONE,NO,1.0,Standard BOM specification
6150400100,I-10129,I-10129,Ø30x30 COIL HEATER,BO,Bought-out,NOS,NOS,1,5,0,2,2,1200,7,Bought-out Bay,NONE,NO,1.0,Standard BO specification
6141100100,,,"THERMO COUPLE SENSOR 
(K TYPE L SHAPE ISOLATED 1 MTR)",BO,Bought-out,NOS,NOS,1,5,0,2,2,1200,7,Bought-out Bay,NONE,NO,1.0,Standard BO specification
6141200100,,,"THERMO COUPLE SENSOR
BUTTERFLY TYPE 1/4 BSP K TYPE ISOLATED 1.5 MTR",BO,Bought-out,NOS,NOS,1,5,0,2,2,1200,7,Bought-out Bay,NONE,NO,1.0,Standard BO specification
7330200100,A-10487,A-10487,MOTOR MOUNTING PAD Ø60 X M10 X 40LG,BO,Bought-out,NOS,NOS,1,5,0,2,2,1200,7,Bought-out Bay,NONE,NO,1.0,Standard BO specification
7910500100,,,PLASTIC CAN HDPE-3 LITER (WHITE),BO,Bought-out,NOS,NOS,1,5,0,2,2,1200,7,Bought-out Bay,NONE,NO,1.0,Standard BO specification
7910300100,,,ANTI VIBRATION RUBBER PAD - Ø125,BO,Bought-out,NOS,NOS,1,5,0,2,2,1200,7,Bought-out Bay,NONE,NO,1.0,Standard BO specification
2000110100,B-10032,B-10032,LOCKING CYLINDER ASSY - 90 TON (STOCK-295),AS,In-house,NOS,NOS,1,5,0,2,2,1200,7,Sub-Assembly Area,NONE,NO,1.0,Standard AS specification
2000110300,B-10021,B-10021,LOCKING CYLINDER ASSY - 110 TON (STOCK-325),AS,In-house,NOS,NOS,1,5,0,2,2,1200,7,Sub-Assembly Area,NONE,NO,1.0,Standard AS specification
2000110200,B-10033,B-10033,EJECTOR CYLINDER ASSY - 90 TON (STOCK-85),AS,In-house,NOS,NOS,1,5,0,2,2,1200,7,Sub-Assembly Area,NONE,NO,1.0,Standard AS specification
2000110400,B-10022,B-10022,EJECTOR CYLINDER ASSY - 110 TON (STOCK-100),AS,In-house,NOS,NOS,1,5,0,2,2,1200,7,Sub-Assembly Area,NONE,NO,1.0,Standard AS specification
7000100200,,,FASTENER KIT LOCKING UNIT - 90 TON,AS,In-house,NOS,NOS,1,5,0,2,2,1200,7,Sub-Assembly Area,NONE,NO,1.0,Standard AS specification
7000100700,,,FASTENER KIT LOCKING UNIT - 110 TON,AS,In-house,NOS,NOS,1,5,0,2,2,1200,7,Sub-Assembly Area,NONE,NO,1.0,Standard AS specification
4110000100,A-10145,A-10145,STATIONARY PLATE TOGGLE - 90 TON,MF,In-house,NOS,NOS,1,5,0,2,2,1200,7,Sub-Assembly Area,MANDATORY,YES,1.0,Standard MF specification
4110008700,A-10144,A-10144,STATIONARY PLATE TOGGLE - 110 TON,MF,In-house,NOS,NOS,1,5,0,2,2,1200,7,Sub-Assembly Area,MANDATORY,YES,1.0,Standard MF specification
4110000200,A-10150,A-10150,MOVING PLATE TOGGLE - 90 TON,MF,In-house,NOS,NOS,1,5,0,2,2,1200,7,Sub-Assembly Area,MANDATORY,YES,1.0,Standard MF specification
4110008800,A-10149,A-10149,MOVING PLATE TOGGLE - 110 TON,MF,In-house,NOS,NOS,1,5,0,2,2,1200,7,Sub-Assembly Area,MANDATORY,YES,1.0,Standard MF specification
4110000300,A-10185,A-10185,END PLATE - 90 TON,MF,In-house,NOS,NOS,1,5,0,2,2,1200,7,Sub-Assembly Area,MANDATORY,YES,1.0,Standard MF specification
4110008900,A-10184,A-10184,END PLATE - 110 TON,MF,In-house,NOS,NOS,1,5,0,2,2,1200,7,Sub-Assembly Area,MANDATORY,YES,1.0,Standard MF specification
4110000400,A-10223,A-10223,EJECTOR PLATE - 90 TON,MF,In-house,NOS,NOS,1,5,0,2,2,1200,7,Sub-Assembly Area,MANDATORY,YES,1.0,Standard MF specification
4110000500,A-10180,A-10180,CROSS HEAD - 90 TON,MF,In-house,NOS,NOS,1,5,0,2,2,1200,7,Sub-Assembly Area,MANDATORY,YES,1.0,Standard MF specification
4110009000,A-10179,A-10179,CROSS HEAD - 110 TON,MF,In-house,NOS,NOS,1,5,0,2,2,1200,7,Sub-Assembly Area,MANDATORY,YES,1.0,Standard MF specification
4110000600,A-10175,A-10175,CROSS HEAD LINK - 90 TON,MF,In-house,NOS,NOS,1,5,0,2,2,1200,7,Sub-Assembly Area,MANDATORY,YES,1.0,Standard MF specification
4110009100,A-10174,A-10174,CROSS HEAD LINK - 110 TON,MF,In-house,NOS,NOS,1,5,0,2,2,1200,7,Sub-Assembly Area,MANDATORY,YES,1.0,Standard MF specification
4110000700,A-10155,A-10155,BINARY LINK - 90 TON,MF,In-house,NOS,NOS,1,5,0,2,2,1200,7,Sub-Assembly Area,MANDATORY,YES,1.0,Standard MF specification
4110009200,A-10154,A-10154,BINARY LINK - 110 TON,MF,In-house,NOS,NOS,1,5,0,2,2,1200,7,Sub-Assembly Area,MANDATORY,YES,1.0,Standard MF specification
4110000800,A-10170,A-10170,TERNARY LINK - 90 TON,MF,In-house,NOS,NOS,1,5,0,2,2,1200,7,Sub-Assembly Area,MANDATORY,YES,1.0,Standard MF specification
4110009300,A-10170,A-10170,TERNARY LINK - 110 TON,MF,In-house,NOS,NOS,1,5,0,2,2,1200,7,Sub-Assembly Area,MANDATORY,YES,1.0,Standard MF specification
4110000900,A-10168,A-10168,TERNARY LINK RH - 90 TON,MF,In-house,NOS,NOS,1,5,0,2,2,1200,7,Sub-Assembly Area,MANDATORY,YES,1.0,Standard MF specification
4110009400,A-10168,A-10168,TERNARY LINK RH - 110 TON,MF,In-house,NOS,NOS,1,5,0,2,2,1200,7,Sub-Assembly Area,MANDATORY,YES,1.0,Standard MF specification
4110001000,A-10169,A-10169,TERNARY LINK LH - 90 TON,MF,In-house,NOS,NOS,1,5,0,2,2,1200,7,Sub-Assembly Area,MANDATORY,YES,1.0,Standard MF specification
4110009500,A-10169,A-10169,TERNARY LINK LH - 110 TON,MF,In-house,NOS,NOS,1,5,0,2,2,1200,7,Sub-Assembly Area,MANDATORY,YES,1.0,Standard MF specification
4110001100,A-10255,A-10255,GEAR NUT RETAINER - 90 TON,MF,In-house,NOS,NOS,1,5,0,2,2,1200,7,Sub-Assembly Area,MANDATORY,YES,1.0,Standard MF specification
4110009600,A-10254,A-10254,GEAR NUT RETAINER - 110 TON,MF,In-house,NOS,NOS,1,5,0,2,2,1200,7,Sub-Assembly Area,MANDATORY,YES,1.0,Standard MF specification
4110001200,A-10263,A-10263,DIE HEIGHT MOTOR MTG BRACKET - 90 TON,MF,In-house,NOS,NOS,1,5,0,2,2,1200,7,Sub-Assembly Area,MANDATORY,YES,1.0,Standard MF specification
4110001300,A-10136,A-10136,TIE BAR Ø65 - 90 TON TOGGLE,MF,In-house,NOS,NOS,1,5,0,2,2,1200,7,Sub-Assembly Area,MANDATORY,YES,1.0,Standard MF specification
4110009700,A-10137,A-10137,TIE BAR Ø70 - 110 TON TOGGLE,MF,In-house,NOS,NOS,1,5,0,2,2,1200,7,Sub-Assembly Area,MANDATORY,YES,1.0,Standard MF specification
4110001400,A-10126,A-10126,TIE BAR LOCATING PLATE - 90 TON,MF,In-house,NOS,NOS,1,5,0,2,2,1200,7,Sub-Assembly Area,MANDATORY,YES,1.0,Standard MF specification
4110009800,A-10127,A-10127,TIE BAR LOCATING PLATE - 110 TON,MF,In-house,NOS,NOS,1,5,0,2,2,1200,7,Sub-Assembly Area,MANDATORY,YES,1.0,Standard MF specification
4110001500,A-10334,A-10334,TOGGLE SMALL PIN Ø30 - 90 TON,MF,In-house,NOS,NOS,1,5,0,2,2,1200,7,Sub-Assembly Area,MANDATORY,YES,1.0,Standard MF specification
4110009900,A-10335,A-10335,TOGGLE SMALL PIN Ø35 - 110 TON,MF,In-house,NOS,NOS,1,5,0,2,2,1200,7,Sub-Assembly Area,MANDATORY,YES,1.0,Standard MF specification
4110001600,A-10186,A-10186,TOGGLE SMALL PIN LOCKING STRIP – 90 TON,MF,In-house,NOS,NOS,1,5,0,2,2,1200,7,Sub-Assembly Area,MANDATORY,YES,1.0,Standard MF specification
4110010000,A-10187,A-10187,TOGGLE SMALL PIN LOCKING STRIP – 110 TON,MF,In-house,NOS,NOS,1,5,0,2,2,1200,7,Sub-Assembly Area,MANDATORY,YES,1.0,Standard MF specification
4110001700,A-10329,A-10329,TOGGLE BIG PIN Ø55 - 90 TON,MF,In-house,NOS,NOS,1,5,0,2,2,1200,7,Sub-Assembly Area,MANDATORY,YES,1.0,Standard MF specification
4110010100,A-10330,A-10330,TOGGLE BIG PIN Ø60 - 110 TON,MF,In-house,NOS,NOS,1,5,0,2,2,1200,7,Sub-Assembly Area,MANDATORY,YES,1.0,Standard MF specification
4110001800,A-10215,A-10215,CROSS HEAD GUIDE ROD Ø45 - 90 TON,MF,In-house,NOS,NOS,1,5,0,2,2,1200,7,Sub-Assembly Area,MANDATORY,YES,1.0,Standard MF specification
4110010200,A-10214,A-10214,CROSS HEAD GUIDE ROD Ø50 - 110 TON,MF,In-house,NOS,NOS,1,5,0,2,2,1200,7,Sub-Assembly Area,MANDATORY,YES,1.0,Standard MF specification
4110001900,A-10220,A-10220,CROSS HEAD GUIDE ROD LOCATING PLATE - 90 TON,MF,In-house,NOS,NOS,1,5,0,2,2,1200,7,Sub-Assembly Area,MANDATORY,YES,1.0,Standard MF specification
4110010300,A-10219,A-10219,CROSS HEAD GUIDE ROD LOCATING PLATE - 110 TON,MF,In-house,NOS,NOS,1,5,0,2,2,1200,7,Sub-Assembly Area,MANDATORY,YES,1.0,Standard MF specification
4110002000,A-10205,A-10205,MOVING PLATE WIPER RETAINER - 90 TON,MF,In-house,NOS,NOS,1,5,0,2,2,1200,7,Sub-Assembly Area,MANDATORY,YES,1.0,Standard MF specification
4110010400,A-10204,A-10204,MOVING PLATE WIPER RETAINER - 110 TON,MF,In-house,NOS,NOS,1,5,0,2,2,1200,7,Sub-Assembly Area,MANDATORY,YES,1.0,Standard MF specification
4110002100,A-10463,A-10463,NOZZLE TIP LOCATING RING Ø160 - 90 TON,MF,In-house,NOS,NOS,1,5,0,2,2,1200,7,Sub-Assembly Area,MANDATORY,YES,1.0,Standard MF specification
4110002200,A-10221,A-10221,EJECTOR CYLINDER MTG PLATE - 90 TON,MF,In-house,NOS,NOS,1,5,0,2,2,1200,7,Sub-Assembly Area,MANDATORY,YES,1.0,Standard MF specification
4110002300,A-10229,A-10229,EJECTOR PLATE GUIDE ROD - 90 TON,MF,In-house,NOS,NOS,1,5,0,2,2,1200,7,Sub-Assembly Area,MANDATORY,YES,1.0,Standard MF specification
4110010500,A-10228,A-10228,EJECTOR PLATE GUIDE ROD - 110 TON,MF,In-house,NOS,NOS,1,5,0,2,2,1200,7,Sub-Assembly Area,MANDATORY,YES,1.0,Standard MF specification
4110002400,A-10264,A-10264,MOLD HEIGHT ADJUSTMENT GEAR - 90 TON (MODULE-3 TEETH-18),MF,In-house,NOS,NOS,1,5,0,2,2,1200,7,Sub-Assembly Area,MANDATORY,YES,1.0,Standard MF specification
4110002500,A-10261,A-10261,SUN GEAR BEARING SUPPORT SHAFT,MF,In-house,NOS,NOS,1,5,0,2,2,1200,7,Sub-Assembly Area,MANDATORY,YES,1.0,Standard MF specification
4010100200,A-10260,A-10260,SUN GEAR - 90 TON (MODULE-3 TEETH-159),MF,In-house,NOS,NOS,1,5,0,2,2,1200,7,Sub-Assembly Area,MANDATORY,YES,1.0,Standard MF specification
4010100300,A-10259,A-10259,SUN GEAR - 110 TON (MODULE-3 TEETH-178),MF,In-house,NOS,NOS,1,5,0,2,2,1200,7,Sub-Assembly Area,MANDATORY,YES,1.0,Standard MF specification
4020100100,A-10089,A-10089,TIE BAR NUT M65 X 3 - 90 TON TOGGLE,MF,In-house,NOS,NOS,1,5,0,2,2,1200,7,Sub-Assembly Area,MANDATORY,YES,1.0,Standard MF specification
4020100200,A-10090,A-10090,TIE BAR NUT M70 X 3 - 110 TON TOGGLE,MF,In-house,NOS,NOS,1,5,0,2,2,1200,7,Sub-Assembly Area,MANDATORY,YES,1.0,Standard MF specification
4010100800,A-10241,A-10241,GEAR NUT - 90 TON (MODULE-3 TEETH-46),MF,In-house,NOS,NOS,1,5,0,2,2,1200,7,Sub-Assembly Area,MANDATORY,YES,1.0,Standard MF specification
4010100900,A-10242,A-10242,GEAR NUT - 110 TON (MODULE-3 TEETH-48),MF,In-house,NOS,NOS,1,5,0,2,2,1200,7,Sub-Assembly Area,MANDATORY,YES,1.0,Standard MF specification
4030100100,A-10246,A-10246,GEAR NUT SPACER - 90 TON,MF,In-house,NOS,NOS,1,5,0,2,2,1200,7,Sub-Assembly Area,MANDATORY,YES,1.0,Standard MF specification
4030100200,A-10247,A-10247,GEAR NUT SPACER - 110 TON,MF,In-house,NOS,NOS,1,5,0,2,2,1200,7,Sub-Assembly Area,MANDATORY,YES,1.0,Standard MF specification
4030200100,A-10262,A-10262,SP WASHER Ø35 X Ø12.5 X 10 THK,MF,In-house,NOS,NOS,1,5,0,2,2,1200,7,Sub-Assembly Area,MANDATORY,YES,1.0,Standard MF specification
4040100100,A-10206,A-10206,MOVING PLATE BUSH Ø80 X Ø65 X 40LG - 90 TON,MF,In-house,NOS,NOS,1,5,0,2,2,1200,7,Sub-Assembly Area,MANDATORY,YES,1.0,Standard MF specification
4040100200,A-10207,A-10207,MOVING PLATE BUSH Ø85 X Ø70 X 45LG - 110 TON,MF,In-house,NOS,NOS,1,5,0,2,2,1200,7,Sub-Assembly Area,MANDATORY,YES,1.0,Standard MF specification
4040100700,A-10985,A-10985,CROSS HEAD BUSH Ø55 X Ø45 X 30LG - 90 TON,MF,In-house,NOS,NOS,1,5,0,2,2,1200,7,Sub-Assembly Area,MANDATORY,YES,1.0,Standard MF specification
4040100800,A-10986,A-10986,CROSS HEAD BUSH Ø60 X Ø50 X 30LG - 110 TON,MF,In-house,NOS,NOS,1,5,0,2,2,1200,7,Sub-Assembly Area,MANDATORY,YES,1.0,Standard MF specification
4040200100,A-10191,A-10191,TOGGLE SMALL GRAPHITE BUSH Ø40 X Ø30 X 55LG - 90 TON,MF,In-house,NOS,NOS,1,5,0,2,2,1200,7,Sub-Assembly Area,MANDATORY,YES,1.0,Standard MF specification
4040200200,A-10192,A-10192,TOGGLE SMALL GRAPHITE BUSH Ø45 X Ø35 X 60LG - 110 TON,MF,In-house,NOS,NOS,1,5,0,2,2,1200,7,Sub-Assembly Area,MANDATORY,YES,1.0,Standard MF specification
4040200700,A-10196,A-10196,TOGGLE BIG GRAPHITE BUSH Ø70 X Ø55 X 60LG - 90 TON,MF,In-house,NOS,NOS,1,5,0,2,2,1200,7,Sub-Assembly Area,MANDATORY,YES,1.0,Standard MF specification
4040200800,A-10197,A-10197,TOGGLE BIG GRAPHITE BUSH Ø75 X Ø60 X 70LG - 110 TON,MF,In-house,NOS,NOS,1,5,0,2,2,1200,7,Sub-Assembly Area,MANDATORY,YES,1.0,Standard MF specification
7220100100,G-10051,G-10051,DU BUSH - 30 X 34 X 25 LG,BO,Bought-out,NOS,NOS,1,5,0,2,2,1200,7,Bought-out Bay,NONE,NO,1.0,Standard BO specification
7270053065,J-10006,J-10006,PU WIPER SEAL - 65 X 73.6 X 5.3/7,BO,Bought-out,NOS,NOS,1,5,0,2,2,1200,7,Bought-out Bay,NONE,NO,1.0,Standard BO specification
7270053070,J-10007,J-10007,PU WIPER SEAL - 70 X 78.6 X 5.3/7,BO,Bought-out,NOS,NOS,1,5,0,2,2,1200,7,Bought-out Bay,NONE,NO,1.0,Standard BO specification
7190105900,,,"SRDG BALL BEARING,6205-ZZ",BO,Bought-out,NOS,NOS,1,5,0,2,2,1200,7,Bought-out Bay,NONE,NO,1.0,Standard BO specification
6110100100,,,TORQUE PISTON MOTOR TMP-160,BO,Bought-out,NOS,NOS,1,5,0,2,2,1200,7,Bought-out Bay,NONE,NO,1.0,Standard BO specification
2000210100,B-10077,B-10077,BARREL PLATE ASSY - 280,AS,In-house,NOS,NOS,1,5,0,2,2,1200,7,Sub-Assembly Area,NONE,NO,1.0,Standard AS specification
2000210400,B-10078,B-10078,BARREL PLATE ASSY - 420 (STOCK-175),AS,In-house,NOS,NOS,1,5,0,2,2,1200,7,Sub-Assembly Area,NONE,NO,1.0,Standard AS specification
2000210200,B-10083,B-10083,BEARING HOUSING ASSY -280,AS,In-house,NOS,NOS,1,5,0,2,2,1200,7,Sub-Assembly Area,NONE,NO,1.0,Standard AS specification
2000210500,,,BEARING HOUSING ASSY - 420,AS,In-house,NOS,NOS,1,5,0,2,2,1200,7,Sub-Assembly Area,NONE,NO,1.0,Standard AS specification
2000210300,B-10024,B-10024,NOZZLE CYLINDER ASSY - (STOCK-350),AS,In-house,NOS,NOS,1,5,0,2,2,1200,7,Sub-Assembly Area,NONE,NO,1.0,Standard AS specification
7000100300,,,FASTENER KIT INJECTION UNIT - 280,BO,Bought-out,NOS,NOS,1,5,0,2,2,1200,7,Bought-out Bay,NONE,NO,1.0,Standard BO specification
7000100800,,,FASTENER KIT INJECTION UNIT - 420,BO,Bought-out,NOS,NOS,1,5,0,2,2,1200,7,Bought-out Bay,NONE,NO,1.0,Standard BO specification
4020100700,A-10086,A-10086,INJECTION CYLINDER ROD NUT - 280 (M40 X 2),MF,In-house,NOS,NOS,1,5,0,2,2,1200,7,Sub-Assembly Area,MANDATORY,YES,1.0,Standard MF specification
4110002600,A-10013,A-10013,INJECTION GUIDE ROD SUPPORT - 60,MF,In-house,NOS,NOS,1,5,0,2,2,1200,7,Sub-Assembly Area,MANDATORY,YES,1.0,Standard MF specification
4110002700,A-10014,A-10014,INJECTION GUIDE ROD Ø60 - 280,MF,In-house,NOS,NOS,1,5,0,2,2,1200,7,Sub-Assembly Area,MANDATORY,YES,1.0,Standard MF specification
4110010600,A-10015,A-10015,INJECTION GUIDE ROD Ø60 - 420,MF,In-house,NOS,NOS,1,5,0,2,2,1200,7,Sub-Assembly Area,MANDATORY,YES,1.0,Standard MF specification
4110002800,A-10081,A-10081,INJECTION CYLINDER ROD NUT RETAINER - 280,MF,In-house,NOS,NOS,1,5,0,2,2,1200,7,Sub-Assembly Area,MANDATORY,YES,1.0,Standard MF specification
7000100400,,,FASTENER KIT BARREL PLATE ASSY - 280,BO,Bought-out,NOS,NOS,1,5,0,2,2,1200,7,Bought-out Bay,NONE,NO,1.0,Standard BO specification
7000100900,,,FASTENER KIT BARREL PLATE ASSY - 420,BO,Bought-out,NOS,NOS,1,5,0,2,2,1200,7,Bought-out Bay,NONE,NO,1.0,Standard BO specification
4110002900,A-10020,A-10020,BARREL PLATE - 280 (STOCK-150),MF,In-house,NOS,NOS,1,5,0,2,2,1200,7,Sub-Assembly Area,MANDATORY,YES,1.0,Standard MF specification
4110010700,A-10021,A-10021,BARREL PLATE - 420 (STOCK-175),MF,In-house,NOS,NOS,1,5,0,2,2,1200,7,Sub-Assembly Area,MANDATORY,YES,1.0,Standard MF specification
4110003000,A-10109,A-10109,INJECTION CYLINDER FRONT CAP - 280,MF,In-house,NOS,NOS,1,5,0,2,2,1200,7,Sub-Assembly Area,MANDATORY,YES,1.0,Standard MF specification
4110010800,A-10110,A-10110,INJECTION CYLINDER FRONT CAP - 420,MF,In-house,NOS,NOS,1,5,0,2,2,1200,7,Sub-Assembly Area,MANDATORY,YES,1.0,Standard MF specification
4110003100,A-10103,A-10103,INJECTION CYLINDER END CAP - 280,MF,In-house,NOS,NOS,1,5,0,2,2,1200,7,Sub-Assembly Area,MANDATORY,YES,1.0,Standard MF specification
4110010900,A-10104,A-10104,INJECTION CYLINDER END CAP - 420,MF,In-house,NOS,NOS,1,5,0,2,2,1200,7,Sub-Assembly Area,MANDATORY,YES,1.0,Standard MF specification
4110003200,A-10091,A-10091,INJECTION CYLINDER ROD - 280,MF,In-house,NOS,NOS,1,5,0,2,2,1200,7,Sub-Assembly Area,MANDATORY,YES,1.0,Standard MF specification
4110011000,A-10092,A-10092,INJECTION CYLINDER ROD - 420,MF,In-house,NOS,NOS,1,5,0,2,2,1200,7,Sub-Assembly Area,MANDATORY,YES,1.0,Standard MF specification
4110003300,A-10097,A-10097,INJECTION PISTON Ø100 - 280,MF,In-house,NOS,NOS,1,5,0,2,2,1200,7,Sub-Assembly Area,MANDATORY,YES,1.0,Standard MF specification
4110011100,A-10098,A-10098,INJECTION PISTON Ø110 - 420,MF,In-house,NOS,NOS,1,5,0,2,2,1200,7,Sub-Assembly Area,MANDATORY,YES,1.0,Standard MF specification
4110003400,A-10312,A-10312,HYDRAULIC ROD BUSH - Ø50,MF,In-house,NOS,NOS,1,5,0,2,2,1200,7,Sub-Assembly Area,MANDATORY,YES,1.0,Standard MF specification
7220100200,G-10057,G-10057,DU BUSH - 60 X 65 X 60 LG,BO,Bought-out,NOS,NOS,1,5,0,2,2,1200,7,Bought-out Bay,NONE,NO,1.0,Standard BO specification
7230063100,J-10307,J-10307,GLIDE RING - 100 X 84.5 X 6.3,BO,Bought-out,NOS,NOS,1,5,0,2,2,1200,7,Bought-out Bay,NONE,NO,1.0,Standard BO specification
7230063110,J-10308,J-10308,GLIDE RING - 110 X 94.5 X 6.3,BO,Bought-out,NOS,NOS,1,5,0,2,2,1200,7,Bought-out Bay,NONE,NO,1.0,Standard BO specification
7240097095,J-10215,J-10215,GUIDE RING - 95 X 100 X 9.7,BO,Bought-out,NOS,NOS,1,5,0,2,2,1200,7,Bought-out Bay,NONE,NO,1.0,Standard BO specification
7240097105,J-10216,J-10216,GUIDE RING - 105 X 110 X 9.7,BO,Bought-out,NOS,NOS,1,5,0,2,2,1200,7,Bought-out Bay,NONE,NO,1.0,Standard BO specification
7240097050,J-10204,J-10204,GUIDE RING - 50 X 55 X 9.7,BO,Bought-out,NOS,NOS,1,5,0,2,2,1200,7,Bought-out Bay,NONE,NO,1.0,Standard BO specification
7250042050,J-10354,J-10354,STEP SEAL - 50 X 61 X 4.2,BO,Bought-out,NOS,NOS,1,5,0,2,2,1200,7,Bought-out Bay,NONE,NO,1.0,Standard BO specification
7260073050,J-10054,J-10054,ROD SEAL - 50 X 60 X 7.3,BO,Bought-out,NOS,NOS,1,5,0,2,2,1200,7,Bought-out Bay,NONE,NO,1.0,Standard BO specification
7270053050,J-10004,J-10004,PU WIPER SEAL 50 X58.6 X 5.3/7,BO,Bought-out,NOS,NOS,1,5,0,2,2,1200,7,Bought-out Bay,NONE,NO,1.0,Standard BO specification
7290003040,J-10104,J-10104,O RING - 40 X 3 (O RING- 45.69X2.62),BO,Bought-out,NOS,NOS,1,5,0,2,2,1200,7,Bought-out Bay,NONE,NO,1.0,Standard BO specification
7290005090,J-10122,J-10122,O RING - 90 X 5 (O RING-91.67X3.53),BO,Bought-out,NOS,NOS,1,5,0,2,2,1200,7,Bought-out Bay,NONE,NO,1.0,Standard BO specification
7290005100,J-10114,J-10114,O RING - 100 X 5 (O RING-100.97X5.33),BO,Bought-out,NOS,NOS,1,5,0,2,2,1200,7,Bought-out Bay,NONE,NO,1.0,Standard BO specification
7000100500,,,FASTENER KIT BEARING HOUSING ASSY - 280,BO,Bought-out,NOS,NOS,1,5,0,2,2,1200,7,Bought-out Bay,NONE,NO,1.0,Standard BO specification
7000101000,,,FASTENER KIT BEARING HOUSING ASSY - 420,BO,Bought-out,NOS,NOS,1,5,0,2,2,1200,7,Bought-out Bay,NONE,NO,1.0,Standard BO specification
4110003500,A-10026,A-10026,BEARING HOUSING - 280,MF,In-house,NOS,NOS,1,5,0,2,2,1200,7,Sub-Assembly Area,MANDATORY,YES,1.0,Standard MF specification
4110003600,A-10039,A-10039,SCREW DRIVE SHAFT - 280,MF,In-house,NOS,NOS,1,5,0,2,2,1200,7,Sub-Assembly Area,MANDATORY,YES,1.0,Standard MF specification
4110003700,A-10076,A-10076,DRIVE SHAFT OIL SEAL FLANGE - 280,MF,In-house,NOS,NOS,1,5,0,2,2,1200,7,Sub-Assembly Area,MANDATORY,YES,1.0,Standard MF specification
4020101000,A-10035,A-10035,DRIVE SHAFT NUT - 280 (M70 X 3),MF,In-house,NOS,NOS,1,5,0,2,2,1200,7,Sub-Assembly Area,MANDATORY,YES,1.0,Standard MF specification
4020101100,A-10031,A-10031,DRIVE SHAFT CHECK NUT - 280 (M70 X 3),MF,In-house,NOS,NOS,1,5,0,2,2,1200,7,Sub-Assembly Area,MANDATORY,YES,1.0,Standard MF specification
7280095115,J-10451,J-10451,RADIAL OIL SEAL - 95 X 115 X 12,BO,Bought-out,NOS,NOS,1,5,0,2,2,1200,7,Bought-out Bay,NONE,NO,1.0,Standard BO specification
7200100100,G-10005,G-10005,TAPER ROLLER BEARING-32014,BO,Bought-out,NOS,NOS,1,5,0,2,2,1200,7,Bought-out Bay,NONE,NO,1.0,Standard BO specification
7200100200,G-10006,G-10006,TAPER ROLLER BEARING-32216,BO,Bought-out,NOS,NOS,1,5,0,2,2,1200,7,Bought-out Bay,NONE,NO,1.0,Standard BO specification
6110100300,D-10326,D-10326,TORQUE PISTON MOTOR TMDG 2-200 S18,BO,Bought-out,NOS,NOS,1,5,0,2,2,1200,7,Bought-out Bay,NONE,NO,1.0,Standard BO specification
6110100400,,,TORQUE PISTON MOTOR TMDG 3-300 S18,BO,Bought-out,NOS,NOS,1,5,0,2,2,1200,7,Bought-out Bay,NONE,NO,1.0,Standard BO specification
4110003800,A-10401,A-10401,BARREL Ø30 - 280,MF,In-house,NOS,NOS,1,5,0,2,2,1200,7,Sub-Assembly Area,MANDATORY,YES,1.0,Standard MF specification
4110003900,A-10419,A-10419,SCREW Ø30 - 280,MF,In-house,NOS,NOS,1,5,0,2,2,1200,7,Sub-Assembly Area,MANDATORY,YES,1.0,Standard MF specification
4110004300,A-10437,A-10437,BARREL ADAPT Ø30 - 280,MF,In-house,NOS,NOS,1,5,0,2,2,1200,7,Sub-Assembly Area,MANDATORY,YES,1.0,Standard MF specification
4110004000,A-10455,A-10455,SCREW TIP - 30,MF,In-house,NOS,NOS,1,5,0,2,2,1200,7,Sub-Assembly Area,MANDATORY,YES,1.0,Standard MF specification
4110004100,A-10464,A-10464,SLIDER - 30,MF,In-house,NOS,NOS,1,5,0,2,2,1200,7,Sub-Assembly Area,MANDATORY,YES,1.0,Standard MF specification
4110004200,A-10472,A-10472,SLIDER SEAT - 30,MF,In-house,NOS,NOS,1,5,0,2,2,1200,7,Sub-Assembly Area,MANDATORY,YES,1.0,Standard MF specification
4110004400,A-10941,A-10941,NOZZLE TIP LONG - M30 X 2P X 115LG,MF,In-house,NOS,NOS,1,5,0,2,2,1200,7,Sub-Assembly Area,MANDATORY,YES,1.0,Standard MF specification
4110004500,A-10364,A-10364,BARREL NUT M70 X 3P - 280,MF,In-house,NOS,NOS,1,5,0,2,2,1200,7,Sub-Assembly Area,MANDATORY,YES,1.0,Standard MF specification
4110004600,A-10370,A-10370,BARREL CHECKNUT M70 X 3P - 280,MF,In-house,NOS,NOS,1,5,0,2,2,1200,7,Sub-Assembly Area,MANDATORY,YES,1.0,Standard MF specification
4110004700,A-10060,A-10060,SPLIT COLLAR - 30,MF,In-house,NOS,NOS,1,5,0,2,2,1200,7,Sub-Assembly Area,MANDATORY,YES,1.0,Standard MF specification
4110004800,A-10044,A-10044,FEED SCREW COUPLING - 30,MF,In-house,NOS,NOS,1,5,0,2,2,1200,7,Sub-Assembly Area,MANDATORY,YES,1.0,Standard MF specification
4110005000,A-10790,A-10790,SCREW KEY - 280,MF,In-house,NOS,NOS,1,5,0,2,2,1200,7,Sub-Assembly Area,MANDATORY,YES,1.0,Standard MF specification
3131000100,A-10046,A-10046,HYD MOTOR PROX SENSOR MTG - 280,LC,In-house,NOS,NOS,1,5,0,2,2,1200,7,Sub-Assembly Area,NONE,NO,1.0,Standard LC specification
4110004900,A-10053,A-10053,BARREL LOCK PIN,MF,In-house,NOS,NOS,1,5,0,2,2,1200,7,Sub-Assembly Area,MANDATORY,YES,1.0,Standard MF specification
4110005100,A-10402,A-10402,BARREL Ø35 - 280,MF,In-house,NOS,NOS,1,5,0,2,2,1200,7,Sub-Assembly Area,MANDATORY,YES,1.0,Standard MF specification
4110005200,A-10420,A-10420,SCREW Ø35 - 280,MF,In-house,NOS,NOS,1,5,0,2,2,1200,7,Sub-Assembly Area,MANDATORY,YES,1.0,Standard MF specification
4110005600,A-10438,A-10438,BARREL ADAPT Ø35 - 280,MF,In-house,NOS,NOS,1,5,0,2,2,1200,7,Sub-Assembly Area,MANDATORY,YES,1.0,Standard MF specification
4110005300,A-10456,A-10456,SCREW TIP - 35,MF,In-house,NOS,NOS,1,5,0,2,2,1200,7,Sub-Assembly Area,MANDATORY,YES,1.0,Standard MF specification
4110005400,A-10465,A-10465,SLIDER - 35,MF,In-house,NOS,NOS,1,5,0,2,2,1200,7,Sub-Assembly Area,MANDATORY,YES,1.0,Standard MF specification
4110005500,A-10473,A-10473,SLIDER SEAT - 35,MF,In-house,NOS,NOS,1,5,0,2,2,1200,7,Sub-Assembly Area,MANDATORY,YES,1.0,Standard MF specification
4110005700,A-10403,A-10403,BARREL Ø40 - 280,MF,In-house,NOS,NOS,1,5,0,2,2,1200,7,Sub-Assembly Area,MANDATORY,YES,1.0,Standard MF specification
4110005800,A-10421,A-10421,SCREW Ø40 - 280,MF,In-house,NOS,NOS,1,5,0,2,2,1200,7,Sub-Assembly Area,MANDATORY,YES,1.0,Standard MF specification
4110006200,A-10439,A-10439,BARREL ADAPT Ø40 - 280,MF,In-house,NOS,NOS,1,5,0,2,2,1200,7,Sub-Assembly Area,MANDATORY,YES,1.0,Standard MF specification
4110005900,A-10457,A-10457,SCREW TIP - 40,MF,In-house,NOS,NOS,1,5,0,2,2,1200,7,Sub-Assembly Area,MANDATORY,YES,1.0,Standard MF specification
4110006000,A-10466,A-10466,SLIDER - 40,MF,In-house,NOS,NOS,1,5,0,2,2,1200,7,Sub-Assembly Area,MANDATORY,YES,1.0,Standard MF specification
4110006100,A-10474,A-10474,SLIDER SEAT - 40,MF,In-house,NOS,NOS,1,5,0,2,2,1200,7,Sub-Assembly Area,MANDATORY,YES,1.0,Standard MF specification
4110006300,A-10067,A-10067,SPLIT COLLAR - 35,MF,In-house,NOS,NOS,1,5,0,2,2,1200,7,Sub-Assembly Area,MANDATORY,YES,1.0,Standard MF specification
4110006400,A-10045,A-10045,FEED SCREW COUPLING - 35,MF,In-house,NOS,NOS,1,5,0,2,2,1200,7,Sub-Assembly Area,MANDATORY,YES,1.0,Standard MF specification
4110011200,A-10404,A-10404,BARREL Ø35 - 420,MF,In-house,NOS,NOS,1,5,0,2,2,1200,7,Sub-Assembly Area,MANDATORY,YES,1.0,Standard MF specification
4110011300,A-10422,A-10422,SCREW Ø35 - 420,MF,In-house,NOS,NOS,1,5,0,2,2,1200,7,Sub-Assembly Area,MANDATORY,YES,1.0,Standard MF specification
4110011400,A-10440,A-10440,BARREL ADAPT Ø35 - 420,MF,In-house,NOS,NOS,1,5,0,2,2,1200,7,Sub-Assembly Area,MANDATORY,YES,1.0,Standard MF specification
4110011500,A-10363,A-10363,BARREL NUT M80 X 3P - 420,MF,In-house,NOS,NOS,1,5,0,2,2,1200,7,Sub-Assembly Area,MANDATORY,YES,1.0,Standard MF specification
4110011600,A-10369,A-10369,BARREL CHECKNUT M80 X 3P - 420,MF,In-house,NOS,NOS,1,5,0,2,2,1200,7,Sub-Assembly Area,MANDATORY,YES,1.0,Standard MF specification
4110011700,A-10405,A-10405,BARREL Ø40 - 420,MF,In-house,NOS,NOS,1,5,0,2,2,1200,7,Sub-Assembly Area,MANDATORY,YES,1.0,Standard MF specification
4110011800,A-10423,A-10423,SCREW Ø40 - 420,MF,In-house,NOS,NOS,1,5,0,2,2,1200,7,Sub-Assembly Area,MANDATORY,YES,1.0,Standard MF specification
4110011900,A-10441,A-10441,BARREL ADAPT Ø40 - 420,MF,In-house,NOS,NOS,1,5,0,2,2,1200,7,Sub-Assembly Area,MANDATORY,YES,1.0,Standard MF specification
4110012000,A-10406,A-10406,BARREL Φ45 - 420,MF,In-house,NOS,NOS,1,5,0,2,2,1200,7,Sub-Assembly Area,MANDATORY,YES,1.0,Standard MF specification
4110012100,A-10424,A-10424,SCREW Φ45 - 420,MF,In-house,NOS,NOS,1,5,0,2,2,1200,7,Sub-Assembly Area,MANDATORY,YES,1.0,Standard MF specification
4110012200,A-10442,A-10442,BARREL ADAPT Ø45 - 420,MF,In-house,NOS,NOS,1,5,0,2,2,1200,7,Sub-Assembly Area,MANDATORY,YES,1.0,Standard MF specification
4110012300,A-10458,A-10458,SCREW TIP - 45,MF,In-house,NOS,NOS,1,5,0,2,2,1200,7,Sub-Assembly Area,MANDATORY,YES,1.0,Standard MF specification
4110012400,A-10467,A-10467,SLIDER - 45,MF,In-house,NOS,NOS,1,5,0,2,2,1200,7,Sub-Assembly Area,MANDATORY,YES,1.0,Standard MF specification
4110012500,A-10475,A-10475,SLIDER SEAT - 45,MF,In-house,NOS,NOS,1,5,0,2,2,1200,7,Sub-Assembly Area,MANDATORY,YES,1.0,Standard MF specification
2000300100,B-10001,B-10001,SCREW BARREL ASSY - 30-280,AS,In-house,NOS,NOS,1,2,0,1,1,120000,7,Sub-Assembly Area,NONE,NO,1.0,Standard AS specification
2000300200,B-10002,B-10002,SCREW BARREL ASSY - 35-280,AS,In-house,NOS,NOS,1,2,0,1,1,120000,7,Sub-Assembly Area,NONE,NO,1.0,Standard AS specification
2000301000,B-10004,B-10004,SCREW BARREL ASSY - 35-420,AS,In-house,NOS,NOS,1,2,0,1,1,120000,7,Sub-Assembly Area,NONE,NO,1.0,Standard AS specification
2000301200,B-10006,B-10006,SCREW BARREL ASSY - 45-420,AS,In-house,NOS,NOS,1,2,0,1,1,120000,7,Sub-Assembly Area,NONE,NO,1.0,Standard AS specification
4001014000,,,RAW ROUND BAR EN41B Ø100,RM,Bought-out,NOS,NOS,1,4,0,2,2,18000,7,Raw Materials Store,MANDATORY,YES,1.0,Standard RM specification
4001014100,,,RAW ROUND BAR EN41B Ø110,RM,Bought-out,NOS,NOS,1,4,0,2,2,18000,7,Raw Materials Store,MANDATORY,YES,1.0,Standard RM specification
4001014200,,,RAW ROUND BAR EN41B Ø70,RM,Bought-out,NOS,NOS,1,4,0,2,2,18000,7,Raw Materials Store,MANDATORY,YES,1.0,Standard RM specification
4001014300,,,RAW ROUND BAR EN41B Ø75,RM,Bought-out,NOS,NOS,1,4,0,2,2,18000,7,Raw Materials Store,MANDATORY,YES,1.0,Standard RM specification
